order_id,order_date,customer_id,product_id,warehouse_id,quantity,unit_price
10001,2025-09-06,700,21,6,20,421.4
10002,2025-04-18,187,6,8,14,446.02
10003,2025-01-05,155,117,5,17,912.3
10004,2025-02-16,344,44,7,2,198.04
10005,2025-10-22,746,90,2,1,100.4
10006,2025-09-07,3,68,7,6,868.25
10007,2025-02-27,80,46,8,12,494.18
10008,2025-01-08,45,35,2,7,182.65
10009,2025-06-16,558,84,8,10,356.5
10010,2025-07-24,393,41,7,5,775.86
10011,2025-11-22,711,31,5,20,619.84
10012,2025-11-14,416,117,1,23,843.71
10013,2025-10-23,523,61,8,11,961.42
10014,2025-07-13,403,92,2,17,682.42
10015,2025-11-10,739,34,8,12,566.82
10016,2025-09-26,375,68,3,8,1079.46
10017,2025-11-30,371,42,7,14,325.83
10018,2025-07-02,464,67,5,22,507.05
10019,2025-08-19,778,94,3,17,48.28
10020,2025-11-15,391,67,6,9,486.26
10021,2025-10-06,262,118,6,8,907.39
10022,2025-02-15,298,17,7,20,866.18
10023,2025-12-31,664,53,7,20,366.35
10024,2025-11-13,65,110,6,22,611.33
10025,2025-09-27,111,64,1,19,203.09
10026,2025-08-31,451,114,2,13,321.67
10027,2025-10-05,568,119,5,11,586.11
10028,2025-10-20,91,14,8,25,113.38
10029,2025-06-21,564,111,1,23,358.79
10030,2025-03-16,531,43,4,1,276.74
10031,2025-05-11,524,72,7,14,420.63
10032,2025-10-04,135,40,4,2,379.7
10033,2025-10-26,206,47,6,15,954.65
10034,2025-07-29,225,5,5,15,883.14
10035,2025-07-27,60,27,4,6,419.98
10036,2025-09-12,511,2,3,8,380.69
10037,2025-03-16,477,67,2,4,540.68
10038,2025-05-12,159,88,7,2,919.63
10039,2025-04-30,317,91,3,9,863.97
10040,2025-07-20,160,42,7,21,357.15
10041,2025-08-09,118,87,7,2,557.43
10042,2025-09-26,502,10,5,12,523.06
10043,2025-05-24,207,77,2,5,117.35
10044,2025-01-01,673,25,3,10,430.15
10045,2025-07-06,72,15,5,24,718.16
10046,2025-11-01,35,60,1,2,112.91
10047,2025-10-23,746,10,6,22,751.18
10048,2025-11-27,268,39,3,4,170.38
10049,2025-10-05,252,42,8,6,408.84
10050,2025-05-26,131,72,4,8,428.93
10051,2025-01-28,706,102,4,24,56.37
10052,2025-08-06,299,80,2,19,163.0
10053,2025-11-01,252,91,1,3,985.76
10054,2025-03-31,778,44,2,15,198.63
10055,2025-01-17,152,101,4,24,246.11
10056,2025-04-15,703,119,4,11,571.26
10057,2025-02-05,375,26,1,14,203.34
10058,2025-09-12,55,34,5,24,552.06
10059,2025-09-20,70,96,2,9,840.05
10060,2025-05-02,402,74,1,22,628.23
10061,2025-04-27,313,85,7,1,189.47
10062,2025-11-06,344,59,3,18,572.19
10063,2025-05-30,192,12,5,23,418.42
10064,2025-12-16,400,49,3,9,405.63
10065,2025-11-09,327,40,8,17,500.54
10066,2025-01-05,107,110,3,8,695.41
10067,2025-10-10,139,86,7,25,326.44
10068,2025-05-17,678,47,5,23,846.8
10069,2025-09-10,59,89,1,22,55.81
10070,2025-11-07,495,5,6,5,752.06
10071,2025-09-18,766,51,3,19,933.8
10072,2025-10-06,665,54,7,3,50.54
10073,2025-05-23,50,21,8,18,373.94
10074,2025-09-24,55,88,5,19,693.69
10075,2025-04-06,203,40,8,20,403.19
10076,2025-07-21,274,50,8,4,766.71
10077,2025-06-11,776,20,5,18,408.99
10078,2025-07-22,646,104,5,4,318.14
10079,2025-07-01,72,34,4,18,454.45
10080,2025-06-07,741,83,3,21,924.22
10081,2025-06-24,345,51,8,12,1025.89
10082,2025-05-28,699,28,6,3,826.05
10083,2025-10-23,588,52,4,24,794.46
10084,2025-05-03,35,16,5,24,68.5
10085,2025-12-27,730,79,5,3,410.28
10086,2025-07-04,717,47,1,17,636.78
10087,2025-03-13,457,36,1,19,284.26
10088,2025-04-25,339,81,6,17,710.68
10089,2025-10-23,229,92,1,25,648.73
10090,2025-05-21,410,75,2,13,186.35
10091,2025-09-30,74,85,5,21,206.92
10092,2025-11-13,631,25,6,7,446.03
10093,2025-08-13,792,102,4,9,55.52
10094,2025-11-10,211,9,6,14,664.38
10095,2025-11-20,108,46,5,2,450.18
10096,2025-08-21,158,44,2,12,215.26
10097,2025-06-13,112,115,3,17,684.54
10098,2025-04-09,794,105,7,24,315.94
10099,2025-01-07,29,28,7,1,789.98
10100,2025-10-21,332,117,2,11,869.24
10101,2025-01-04,392,27,6,4,351.5
10102,2025-10-27,584,98,2,24,328.19
10103,2025-05-03,621,89,8,5,55.79
10104,2025-04-28,650,51,4,24,975.04
10105,2025-01-20,247,7,7,8,236.19
10106,2025-07-31,480,6,3,1,377.01
10107,2025-03-15,109,21,6,17,457.31
10108,2025-09-15,723,80,2,2,148.16
10109,2025-01-13,214,107,8,4,522.62
10110,2025-02-14,694,67,6,4,507.0
10111,2025-05-21,152,40,5,16,462.35
10112,2025-12-16,467,67,7,14,754.44
10113,2025-02-10,734,108,1,24,68.87
10114,2025-01-29,453,80,5,9,151.08
10115,2025-03-25,781,21,8,20,466.76
10116,2025-06-24,337,70,6,1,829.77
10117,2025-02-23,436,106,6,21,926.04
10118,2025-09-29,418,84,4,17,379.63
10119,2025-01-07,181,56,2,20,533.08
10120,2025-07-20,29,44,5,3,207.53
10121,2025-11-26,613,84,2,3,380.47
10122,2025-07-05,740,19,2,16,600.18
10123,2025-02-21,419,39,7,23,227.75
10124,2025-08-24,32,42,4,13,457.38
10125,2025-12-10,195,36,1,3,329.9
10126,2025-12-05,148,24,1,16,524.9
10127,2025-10-26,303,8,2,1,869.42
10128,2025-04-01,380,48,5,12,202.05
10129,2025-07-14,225,29,4,25,337.54
10130,2025-01-04,379,13,7,8,221.19
10131,2025-10-12,121,12,7,16,350.19
10132,2025-03-02,370,9,5,15,849.39
10133,2025-09-05,113,73,7,2,735.67
10134,2025-06-11,489,13,2,9,242.84
10135,2025-02-20,70,36,6,4,303.63
10136,2025-11-18,660,116,1,16,826.74
10137,2025-12-07,149,84,6,13,398.3
10138,2025-11-30,17,90,4,20,125.01
10139,2025-03-13,598,39,6,7,252.34
10140,2025-02-03,689,48,8,7,253.37
10141,2025-08-22,33,29,6,14,302.82
10142,2025-03-24,159,106,1,20,1150.14
10143,2025-03-12,281,31,2,14,466.96
10144,2025-01-30,172,30,7,3,542.92
10145,2025-12-05,763,111,3,9,392.02
10146,2025-02-23,73,116,5,10,850.54
10147,2025-12-06,457,75,2,8,185.26
10148,2025-02-08,186,74,7,23,673.28
10149,2025-02-07,218,80,8,22,126.56
10150,2025-12-30,239,60,6,14,90.5
10151,2025-04-30,390,95,6,22,303.49
10152,2025-05-17,416,5,3,20,942.7
10153,2025-10-23,722,46,6,25,392.65
10154,2025-03-24,645,48,2,25,216.26
10155,2025-04-11,665,99,5,9,34.34
10156,2025-10-29,610,26,1,18,241.21
10157,2025-02-13,236,1,3,6,663.81
10158,2025-02-15,344,20,8,3,419.16
10159,2025-05-13,271,8,2,6,868.14
10160,2025-03-09,145,44,8,7,199.82
10161,2025-06-01,74,30,5,16,422.24
10162,2025-08-28,680,80,2,16,141.91
10163,2025-11-21,514,31,5,14,565.05
10164,2025-01-13,217,66,5,21,440.46
10165,2025-06-09,64,17,3,8,751.65
10166,2025-12-26,536,51,6,24,795.73
10167,2025-05-02,473,23,4,1,867.61
10168,2025-07-05,795,68,5,3,812.98
10169,2025-05-10,326,29,8,16,430.59
10170,2025-06-11,90,14,8,21,156.92
10171,2025-08-27,769,39,2,22,235.74
10172,2025-02-18,787,5,5,22,811.03
10173,2025-09-30,178,22,4,13,172.08
10174,2025-05-05,94,71,2,9,612.2
10175,2025-05-28,752,51,4,5,978.09
10176,2025-05-07,713,33,8,5,222.67
10177,2025-06-24,58,85,7,1,244.82
10178,2025-01-20,273,30,6,12,473.17
10179,2025-04-27,775,117,7,21,925.33
10180,2025-03-29,260,105,5,17,306.56
10181,2025-10-04,354,86,1,6,320.48
10182,2025-10-05,348,102,8,16,73.2
10183,2025-02-21,27,42,1,8,371.87
10184,2025-08-25,388,40,8,10,469.02
10185,2025-06-09,615,74,2,19,684.02
10186,2025-04-17,675,47,6,23,933.58
10187,2025-03-09,537,12,3,10,406.92
10188,2025-01-30,162,47,7,13,848.68
10189,2025-06-18,504,94,3,18,64.66
10190,2025-07-13,188,116,3,1,906.59
10191,2025-09-16,524,116,4,15,914.61
10192,2025-01-16,619,18,5,9,432.72
10193,2025-03-26,238,69,5,17,624.45
10194,2025-02-26,280,92,4,14,920.07
10195,2025-02-14,146,115,7,11,652.18
10196,2025-05-06,420,30,3,12,550.93
10197,2025-02-13,128,25,6,17,493.35
10198,2025-10-31,483,61,5,17,790.43
10199,2025-02-05,752,13,6,14,227.43
10200,2025-10-21,746,1,1,16,695.19
10201,2025-10-11,642,88,3,12,830.87
10202,2025-04-23,563,103,3,18,434.7
10203,2025-01-14,452,104,8,16,320.67
10204,2025-06-16,261,15,6,13,734.77
10205,2025-01-07,295,115,6,16,558.42
10206,2025-03-13,225,40,4,2,427.17
10207,2025-02-24,792,71,2,5,490.87
10208,2025-07-17,612,12,3,5,432.94
10209,2025-01-12,116,91,3,15,792.01
10210,2025-04-12,334,16,7,13,53.7
10211,2025-12-28,156,22,3,12,162.07
10212,2025-01-18,463,71,1,15,597.52
10213,2025-01-25,509,67,3,6,684.75
10214,2025-12-26,425,1,6,23,805.76
10215,2025-09-03,196,41,7,9,1009.7
10216,2025-10-24,626,41,5,11,687.7
10217,2025-01-24,588,55,2,14,1010.86
10218,2025-03-10,117,49,5,20,517.23
10219,2025-08-18,506,13,1,24,223.22
10220,2025-04-16,788,65,7,19,936.33
10221,2025-12-24,768,16,1,5,64.32
10222,2025-03-09,256,82,7,9,203.0
10223,2025-01-18,736,60,8,3,124.3
10224,2025-03-11,513,83,3,9,765.71
10225,2025-04-25,227,34,1,6,668.3
10226,2025-09-30,427,28,2,16,787.51
10227,2025-09-04,165,26,5,17,273.37
10228,2025-08-29,577,64,5,12,159.98
10229,2025-06-25,115,48,7,5,239.55
10230,2025-04-02,326,99,1,7,40.0
10231,2025-12-17,557,62,4,22,306.6
10232,2025-12-30,431,91,2,1,813.11
10233,2025-05-02,104,88,5,7,831.0
10234,2025-05-24,528,115,1,14,617.79
10235,2025-04-25,274,27,2,19,511.12
10236,2025-12-24,114,9,7,24,1021.05
10237,2025-08-07,165,84,7,12,385.57
10238,2025-03-14,153,21,3,4,419.69
10239,2025-02-19,475,64,7,18,220.4
10240,2025-01-03,248,115,6,25,537.26
10241,2025-01-22,464,86,1,17,241.55
10242,2025-05-14,773,100,6,3,226.23
10243,2025-12-18,443,23,5,11,1216.9
10244,2025-10-28,753,64,2,21,219.68
10245,2025-02-22,523,96,4,13,634.04
10246,2025-05-03,678,1,4,13,606.16
10247,2025-07-06,678,32,5,22,807.1
10248,2025-02-05,59,11,2,18,639.55
10249,2025-12-15,102,33,4,22,218.27
10250,2025-08-31,496,19,2,14,462.54
10251,2025-01-24,246,15,6,2,606.96
10252,2025-07-28,449,21,8,6,308.78
10253,2025-11-23,735,85,5,4,171.24
10254,2025-02-13,767,76,6,18,1169.36
10255,2025-10-17,532,26,5,7,249.58
10256,2025-10-29,676,80,5,17,113.64
10257,2025-01-23,122,38,5,25,167.65
10258,2025-12-27,558,70,7,10,664.42
10259,2025-12-16,367,94,8,23,52.53
10260,2025-04-17,671,101,7,24,265.09
10261,2025-06-24,448,53,1,20,323.33
10262,2025-08-30,500,93,3,4,692.41
10263,2025-06-23,296,112,8,14,115.37
10264,2025-06-30,340,8,4,2,1137.29
10265,2025-07-11,279,16,2,15,56.38
10266,2025-07-14,117,95,6,25,278.68
10267,2025-04-16,301,75,4,4,159.16
10268,2025-06-14,529,5,6,21,1140.67
10269,2025-08-14,16,54,6,8,36.21
10270,2025-10-28,533,49,1,18,504.63
10271,2025-01-07,474,85,7,8,218.84
10272,2025-07-18,267,103,2,25,509.78
10273,2025-04-19,94,9,2,6,808.74
10274,2025-12-26,731,67,6,6,510.66
10275,2025-04-18,367,113,7,11,835.56
10276,2025-07-09,141,47,6,11,862.58
10277,2025-07-25,681,21,4,18,392.72
10278,2025-08-23,752,107,6,2,370.44
10279,2025-12-12,203,64,8,18,166.85
10280,2025-09-14,675,90,3,17,149.68
10281,2025-11-12,317,18,5,10,536.28
10282,2025-10-18,506,97,6,15,180.95
10283,2025-02-11,274,76,3,3,846.31
10284,2025-12-19,187,69,4,7,494.84
10285,2025-02-03,52,3,2,6,55.83
10286,2025-04-15,567,78,5,1,255.26
10287,2025-12-05,392,62,3,23,289.62
10288,2025-04-23,137,35,4,23,165.26
10289,2025-07-08,514,66,6,16,310.5
10290,2025-12-03,436,21,3,6,397.56
10291,2025-05-08,271,74,2,9,514.71
10292,2025-04-22,310,56,1,9,624.84
10293,2025-03-06,695,38,2,14,181.55
10294,2025-04-07,177,20,7,17,492.27
10295,2025-03-18,166,24,4,16,674.03
10296,2025-02-20,455,120,4,2,724.19
10297,2025-06-06,664,74,3,12,520.73
10298,2025-06-07,62,33,2,19,213.61
10299,2025-05-10,187,34,8,9,429.05
10300,2025-07-31,9,97,4,4,162.6
10301,2025-04-26,321,45,1,25,521.83
10302,2025-08-14,282,75,8,6,213.9
10303,2025-08-25,82,72,2,22,363.7
10304,2025-09-07,482,108,4,5,103.99
10305,2025-03-15,674,85,1,10,162.05
10306,2025-06-22,687,17,1,3,688.29
10307,2025-03-25,307,12,2,1,400.07
10308,2025-09-14,121,115,2,17,653.43
10309,2025-04-27,492,26,6,21,276.7
10310,2025-02-26,269,84,8,7,291.66
10311,2025-11-05,153,22,7,9,181.61
10312,2025-01-18,601,85,5,15,229.8
10313,2025-09-17,373,104,7,5,409.08
10314,2025-11-23,567,105,2,7,299.63
10315,2025-10-28,577,41,1,24,1003.12
10316,2025-02-21,602,9,4,24,1008.95
10317,2025-05-25,307,75,6,18,165.66
10318,2025-04-28,521,15,6,17,630.07
10319,2025-09-20,445,77,4,15,105.4
10320,2025-10-13,721,11,5,6,698.85
10321,2025-02-19,189,85,2,16,223.07
10322,2025-07-20,201,88,7,12,826.8
10323,2025-07-22,525,50,3,25,822.74
10324,2025-02-08,275,23,6,15,999.75
10325,2025-12-09,160,22,2,19,155.17
10326,2025-03-15,296,29,6,10,286.8
10327,2025-04-23,452,60,1,21,105.61
10328,2025-05-04,474,76,2,23,960.1
10329,2025-01-30,128,74,1,25,645.0
10330,2025-12-23,409,71,3,5,600.78
10331,2025-02-16,199,77,7,10,122.74
10332,2025-02-22,724,43,5,24,390.6
10333,2025-08-17,778,60,8,19,102.57
10334,2025-05-08,215,27,3,16,467.66
10335,2025-01-24,179,105,1,15,228.62
10336,2025-09-16,142,53,4,25,251.93
10337,2025-08-01,331,8,1,2,1024.85
10338,2025-01-14,434,108,1,16,96.62
10339,2025-06-11,420,50,5,20,1083.1
10340,2025-02-20,510,85,2,24,202.43
10341,2025-06-05,681,78,7,20,199.28
10342,2025-08-28,644,14,5,25,137.27
10343,2025-10-18,441,117,1,15,969.0
10344,2025-10-01,683,91,5,1,785.71
10345,2025-05-15,232,94,7,24,63.37
10346,2025-02-21,355,57,7,5,885.88
10347,2025-01-10,54,35,8,4,153.07
10348,2025-02-02,160,43,2,13,268.74
10349,2025-03-04,499,65,3,4,744.07
10350,2025-01-28,792,13,3,15,262.01
10351,2025-06-10,693,88,3,19,747.94
10352,2025-07-10,690,32,1,4,754.06
10353,2025-05-25,454,104,3,4,289.98
10354,2025-01-04,86,117,7,5,723.28
10355,2025-03-01,206,51,6,8,911.64
10356,2025-12-25,69,113,7,10,766.76
10357,2025-08-16,311,25,8,13,577.16
10358,2025-05-12,106,34,7,8,561.52
10359,2025-09-04,386,107,6,21,391.67
10360,2025-07-30,333,17,5,15,883.96
10361,2025-11-15,656,23,5,17,1188.81
10362,2025-10-02,438,48,4,25,185.58
10363,2025-02-17,318,82,4,13,152.07
10364,2025-11-21,111,47,7,8,635.52
10365,2025-07-31,648,74,7,6,486.36
10366,2025-09-10,577,5,8,17,844.18
10367,2025-02-10,800,31,8,10,543.94
10368,2025-03-30,390,89,2,5,81.41
10369,2025-12-02,45,29,2,3,354.83
10370,2025-05-23,274,58,4,6,162.4
10371,2025-06-27,781,77,7,18,94.65
10372,2025-05-01,394,72,6,8,409.39
10373,2025-08-09,238,39,8,19,229.2
10374,2025-09-02,85,105,7,1,295.72
10375,2025-11-28,446,64,4,21,201.87
10376,2025-04-22,712,61,1,9,831.27
10377,2025-11-16,613,37,8,6,65.91
10378,2025-02-19,592,45,4,5,466.03
10379,2025-02-19,277,33,7,21,214.78
10380,2025-10-15,228,33,1,11,158.74
10381,2025-01-13,526,37,1,9,49.35
10382,2025-09-18,89,55,5,19,1017.78
10383,2025-01-22,576,54,5,6,43.69
10384,2025-11-08,253,31,4,2,479.56
10385,2025-06-29,197,48,1,22,253.97
10386,2025-12-31,281,6,2,12,312.3
10387,2025-11-20,386,67,3,5,570.81
10388,2025-07-23,21,99,6,16,48.31
10389,2025-03-02,616,100,4,25,198.72
10390,2025-06-12,421,88,2,4,857.17
10391,2025-08-25,309,35,6,18,210.21
10392,2025-06-26,686,25,2,3,553.02
10393,2025-09-07,282,77,5,1,113.99
10394,2025-04-17,29,32,3,21,945.24
10395,2025-01-02,519,54,1,4,44.17
10396,2025-09-09,135,19,7,17,660.3
10397,2025-08-24,524,73,2,18,612.21
10398,2025-06-10,429,16,1,6,43.81
10399,2025-04-19,147,39,4,18,226.94
10400,2025-06-21,452,94,4,4,47.39
10401,2025-03-17,603,84,5,1,347.5
10402,2025-11-18,246,9,7,18,869.75
10403,2025-11-08,332,57,1,24,634.41
10404,2025-01-19,155,73,1,2,734.33
10405,2025-01-30,460,108,4,9,101.94
10406,2025-07-07,149,45,8,2,531.26
10407,2025-08-31,432,13,1,14,217.45
10408,2025-10-21,627,12,8,6,391.54
10409,2025-06-17,421,15,5,20,591.9
10410,2025-10-14,549,22,5,20,127.72
10411,2025-08-17,719,38,5,15,136.72
10412,2025-04-20,778,23,7,10,965.71
10413,2025-01-25,181,106,5,17,924.42
10414,2025-03-07,526,90,8,17,133.34
10415,2025-10-06,191,1,7,3,908.54
10416,2025-06-17,355,38,5,22,179.73
10417,2025-02-28,580,3,3,9,59.78
10418,2025-04-09,466,63,6,2,880.59
10419,2025-07-02,765,39,2,7,253.57
10420,2025-04-30,359,11,7,19,637.72
10421,2025-03-26,184,66,5,19,469.84
10422,2025-09-21,567,61,3,24,886.45
10423,2025-01-10,27,108,3,20,70.1
10424,2025-12-19,419,65,3,21,719.24
10425,2025-08-17,311,24,3,13,536.61
10426,2025-02-14,765,43,8,4,365.23
10427,2025-06-18,20,111,7,18,260.5
10428,2025-05-14,767,8,3,25,871.77
10429,2025-08-22,348,84,1,10,319.18
10430,2025-12-22,779,52,6,18,912.23
10431,2025-06-06,673,89,4,14,53.25
10432,2025-10-13,256,12,3,4,383.55
10433,2025-04-26,773,93,4,25,886.52
10434,2025-09-28,5,62,5,8,308.0
10435,2025-01-18,702,56,3,20,536.35
10436,2025-12-28,10,71,3,11,501.38
10437,2025-01-24,91,61,2,19,878.14
10438,2025-08-16,594,108,8,10,89.66
10439,2025-08-09,522,53,2,12,351.53
10440,2025-05-03,350,31,4,1,533.33
10441,2025-12-11,779,50,5,24,921.79
10442,2025-07-25,632,13,8,11,210.09
10443,2025-04-29,337,48,2,1,248.95
10444,2025-06-23,313,117,6,5,695.84
10445,2025-06-10,3,120,2,12,530.12
10446,2025-01-14,713,69,5,18,578.25
10447,2025-10-22,355,117,1,14,637.37
10448,2025-10-10,98,84,8,20,417.4
10449,2025-03-15,461,95,8,8,371.58
10450,2025-08-31,87,53,4,1,326.0
10451,2025-07-29,440,109,5,7,45.58
10452,2025-05-11,732,104,3,1,440.48
10453,2025-01-31,248,34,4,19,456.95
10454,2025-04-28,102,30,4,15,542.7
10455,2025-03-25,332,61,3,13,1049.9
10456,2025-08-20,108,118,8,3,1138.19
10457,2025-07-31,703,61,7,5,968.83
10458,2025-02-18,382,21,6,8,421.12
10459,2025-07-20,552,64,7,21,223.93
10460,2025-06-19,121,10,5,16,574.79
10461,2025-07-26,534,75,1,14,158.09
10462,2025-04-18,555,84,4,9,299.61
10463,2025-09-14,15,5,5,20,1074.71
10464,2025-08-04,651,46,1,24,427.94
10465,2025-12-11,785,41,5,18,807.16
10466,2025-01-03,744,54,2,16,50.64
10467,2025-07-19,406,113,4,8,654.86
10468,2025-08-01,85,68,1,6,1115.58
10469,2025-01-31,513,56,3,16,471.37
10470,2025-07-31,720,96,8,8,683.96
10471,2025-10-18,100,10,2,4,616.53
10472,2025-12-22,740,27,1,5,499.97
10473,2025-05-18,648,20,6,15,499.26
10474,2025-06-04,494,70,4,10,877.99
10475,2025-03-06,753,15,4,22,744.8
10476,2025-07-15,267,62,1,22,249.67
10477,2025-06-15,756,3,5,20,50.83
10478,2025-08-23,140,107,8,4,575.22
10479,2025-11-18,674,68,2,1,855.0
10480,2025-06-27,285,26,7,7,223.19
10481,2025-07-30,167,55,3,5,993.56
10482,2025-12-23,212,64,3,8,167.96
10483,2025-06-13,606,29,2,17,275.99
10484,2025-02-23,543,31,7,11,526.18
10485,2025-12-21,307,99,1,25,35.13
10486,2025-08-09,502,29,2,14,342.38
10487,2025-05-16,458,90,1,16,118.95
10488,2025-06-07,496,14,8,3,104.45
10489,2025-05-22,634,44,7,5,186.69
10490,2025-06-13,506,96,7,20,856.05
10491,2025-04-26,134,43,7,19,315.41
10492,2025-05-01,738,89,1,5,69.1
10493,2025-11-26,517,37,7,12,51.15
10494,2025-10-08,77,27,8,14,434.63
10495,2025-02-21,483,64,4,3,233.52
10496,2025-03-06,715,107,3,7,492.54
10497,2025-02-25,522,34,4,20,504.05
10498,2025-05-09,660,117,4,5,865.99
10499,2025-10-03,53,40,5,11,540.77
10500,2025-05-12,519,18,4,7,585.2
10501,2025-09-23,191,101,3,5,219.4
10502,2025-02-03,229,55,3,24,998.99
10503,2025-02-08,101,67,6,23,687.44
10504,2025-08-17,708,12,6,3,290.43
10505,2025-11-22,362,7,6,4,221.52
10506,2025-03-02,5,28,3,20,569.96
10507,2025-05-15,97,27,2,11,514.43
10508,2025-09-17,104,5,2,8,831.03
10509,2025-07-13,488,52,6,2,922.99
10510,2025-07-08,617,60,7,21,108.13
10511,2025-01-07,322,3,5,18,53.38
10512,2025-05-12,546,66,1,8,377.9
10513,2025-06-04,73,32,5,19,931.52
10514,2025-11-12,165,34,5,13,525.36
10515,2025-03-01,33,67,5,10,670.43
10516,2025-08-04,289,3,6,2,50.14
10517,2025-04-12,522,80,1,18,136.12
10518,2025-07-11,669,77,2,20,119.02
10519,2025-11-05,128,6,6,22,453.32
10520,2025-02-14,350,60,7,22,93.4
10521,2025-11-13,623,113,2,19,732.69
10522,2025-12-03,787,116,3,4,608.11
10523,2025-06-14,505,101,3,18,224.81
10524,2025-08-04,165,92,4,6,693.24
10525,2025-09-02,109,35,5,3,147.23
10526,2025-08-08,535,103,4,19,387.64
10527,2025-02-28,505,107,8,5,450.02
10528,2025-12-01,248,21,8,10,391.27
10529,2025-12-01,261,38,4,1,151.45
10530,2025-09-08,72,70,8,2,686.86
10531,2025-04-25,640,44,1,23,232.54
10532,2025-07-03,475,10,2,25,594.67
10533,2025-11-04,399,9,4,14,784.99
10534,2025-06-17,505,2,2,3,300.3
10535,2025-11-22,575,8,6,17,1085.45
10536,2025-03-11,561,92,4,15,883.74
10537,2025-04-13,54,62,1,2,278.95
10538,2025-07-18,546,110,2,7,754.23
10539,2025-09-27,150,19,4,17,562.77
10540,2025-03-12,267,84,3,17,335.63
10541,2025-09-24,721,8,4,5,1104.87
10542,2025-04-03,220,118,7,11,1037.54
10543,2025-11-22,468,38,4,19,162.35
10544,2025-03-17,678,24,3,25,599.19
10545,2025-12-25,692,11,2,16,722.89
10546,2025-07-11,91,82,2,13,199.6
10547,2025-01-11,67,111,3,22,379.33
10548,2025-08-10,197,110,3,12,835.59
10549,2025-10-25,282,86,8,7,226.4
10550,2025-11-30,215,6,2,21,319.14
10551,2025-09-25,525,49,3,10,376.88
10552,2025-09-19,368,91,8,4,948.13
10553,2025-01-20,396,89,1,23,70.55
10554,2025-12-03,566,120,1,22,525.67
10555,2025-09-16,169,50,1,8,955.18
10556,2025-04-01,44,53,8,7,370.0
10557,2025-02-08,719,29,1,15,302.18
10558,2025-10-22,407,60,1,12,133.0
10559,2025-03-16,696,68,1,16,1157.45
10560,2025-12-02,33,80,4,1,120.9
10561,2025-10-30,384,12,3,25,397.16
10562,2025-09-17,474,70,7,6,705.55
10563,2025-02-17,382,62,6,4,298.64
10564,2025-09-03,192,110,8,7,655.61
10565,2025-09-12,409,2,7,8,414.33
10566,2025-09-10,295,28,6,18,620.11
10567,2025-07-02,530,119,2,5,408.08
10568,2025-06-06,573,116,8,8,879.74
10569,2025-10-08,797,40,3,20,446.18
10570,2025-03-19,39,68,7,10,1222.73
10571,2025-08-31,173,68,3,16,1156.79
10572,2025-11-21,133,117,1,7,656.3
10573,2025-07-03,133,11,8,12,728.15
10574,2025-03-29,241,118,2,19,1099.76
10575,2025-04-11,333,79,1,3,409.62
10576,2025-11-20,607,119,7,24,631.78
10577,2025-01-09,732,81,5,3,633.08
10578,2025-02-07,604,20,5,23,367.84
10579,2025-07-06,274,95,5,18,340.56
10580,2025-05-29,75,117,8,6,944.26
10581,2025-07-24,255,10,5,2,772.71
10582,2025-09-27,531,80,8,17,140.19
10583,2025-12-24,523,89,2,21,70.34
10584,2025-04-16,80,60,1,10,99.26
10585,2025-03-07,381,66,7,17,390.17
10586,2025-05-16,256,14,2,18,159.09
10587,2025-09-27,88,93,1,19,649.02
10588,2025-08-13,247,18,2,16,396.94
10589,2025-03-07,771,96,6,18,778.17
10590,2025-11-05,673,38,5,14,184.38
10591,2025-02-24,743,77,6,25,110.96
10592,2025-07-23,551,59,3,19,718.74
10593,2025-11-22,247,70,1,5,806.91
10594,2025-05-28,256,64,2,7,197.42
10595,2025-03-21,94,66,6,5,328.48
10596,2025-11-30,84,15,7,16,549.61
10597,2025-11-27,689,97,5,16,154.46
10598,2025-11-19,635,8,6,25,1193.27
10599,2025-10-10,223,34,5,17,641.61
10600,2025-03-18,472,68,1,17,1212.27
10601,2025-03-03,294,53,6,12,276.75
10602,2025-07-10,164,90,6,25,135.25
10603,2025-06-13,450,61,7,12,861.65
10604,2025-04-01,58,18,1,7,452.0
10605,2025-12-01,326,29,4,22,274.22
10606,2025-05-31,150,32,7,1,1069.8
10607,2025-08-05,790,80,2,8,153.72
10608,2025-04-19,39,110,3,3,638.95
10609,2025-11-15,558,13,1,10,281.12
10610,2025-03-06,386,95,4,9,331.35
10611,2025-10-30,163,94,5,25,58.85
10612,2025-07-05,579,2,3,12,414.76
10613,2025-08-23,561,5,4,16,939.52
10614,2025-06-09,230,114,8,17,266.08
10615,2025-12-27,355,84,2,4,271.48
10616,2025-10-10,595,104,3,19,375.15
10617,2025-12-08,787,120,8,10,652.49
10618,2025-10-01,741,37,7,22,47.82
10619,2025-03-01,149,44,4,6,165.27
10620,2025-10-13,754,49,7,22,499.19
10621,2025-04-06,538,39,6,8,162.9
10622,2025-02-17,50,92,6,20,651.32
10623,2025-07-21,259,31,6,23,434.19
10624,2025-10-10,93,8,7,14,806.4
10625,2025-05-24,391,95,1,2,334.62
10626,2025-06-08,22,119,2,3,422.18
10627,2025-02-04,36,108,1,7,100.08
10628,2025-07-22,184,88,7,19,712.16
10629,2025-12-11,639,54,8,4,38.67
10630,2025-09-05,6,64,4,19,233.79
10631,2025-06-23,540,54,3,12,42.52
10632,2025-09-06,639,98,7,11,324.81
10633,2025-02-16,732,119,7,5,606.74
10634,2025-10-30,14,31,6,18,615.9
10635,2025-12-24,344,53,8,7,393.91
10636,2025-06-14,121,47,8,14,694.04
10637,2025-11-03,74,72,8,4,423.5
10638,2025-01-22,489,25,5,12,673.33
10639,2025-06-18,318,31,2,22,650.93
10640,2025-05-07,432,98,8,7,252.9
10641,2025-10-26,138,13,5,3,272.27
10642,2025-04-16,644,25,5,15,570.09
10643,2025-01-03,109,114,8,5,340.92
10644,2025-04-10,354,103,6,4,407.24
10645,2025-12-05,764,78,4,2,232.75
10646,2025-08-20,573,16,1,4,49.9
10647,2025-10-09,728,33,8,14,158.78
10648,2025-12-31,179,26,1,22,225.02
10649,2025-06-14,445,63,3,9,810.31
10650,2025-11-20,407,92,2,15,592.54
10651,2025-09-25,4,30,8,16,407.98
10652,2025-10-03,699,108,3,14,72.44
10653,2025-12-23,649,8,4,2,893.62
10654,2025-12-28,699,49,5,23,523.9
10655,2025-05-19,632,51,7,21,863.62
10656,2025-03-19,395,4,5,21,224.92
10657,2025-08-24,253,4,2,23,200.94
10658,2025-10-17,531,89,6,5,76.01
10659,2025-06-08,236,46,1,16,433.18
10660,2025-08-21,236,48,2,15,261.38
10661,2025-11-14,73,61,5,19,724.3
10662,2025-07-13,291,65,8,19,928.95
10663,2025-06-08,443,18,3,8,462.93
10664,2025-08-30,289,114,1,5,386.3
10665,2025-06-01,330,14,5,11,100.28
10666,2025-10-28,374,29,7,8,306.43
10667,2025-03-19,411,29,2,9,343.91
10668,2025-03-14,8,50,3,11,902.07
10669,2025-06-07,17,120,5,23,571.63
10670,2025-02-16,773,107,8,18,399.93
10671,2025-12-14,385,43,4,22,351.24
10672,2025-02-24,620,45,7,19,429.95
10673,2025-10-20,737,47,7,2,892.23
10674,2025-03-21,474,78,8,17,272.45
10675,2025-11-17,245,93,3,25,578.59
10676,2025-09-10,5,36,4,10,328.69
10677,2025-07-19,372,58,4,14,148.5
10678,2025-02-01,783,11,5,5,879.67
10679,2025-03-05,750,83,8,21,890.65
10680,2025-04-05,333,70,1,24,653.84
10681,2025-07-12,565,5,2,23,1016.09
10682,2025-07-28,419,117,4,20,695.73
10683,2025-03-09,319,109,4,7,52.54
10684,2025-09-28,66,58,5,12,131.94
10685,2025-05-30,742,55,8,4,702.14
10686,2025-03-24,90,53,1,12,376.39
10687,2025-06-11,408,65,8,10,1016.79
10688,2025-04-18,665,46,4,16,351.41
10689,2025-09-07,495,31,4,8,575.15
10690,2025-08-23,641,94,8,16,46.68
10691,2025-09-07,739,25,7,16,608.4
10692,2025-01-26,80,64,6,18,232.31
10693,2025-08-29,626,53,2,11,275.34
10694,2025-12-03,557,58,1,22,171.38
10695,2025-03-23,570,110,2,20,790.98
10696,2025-12-18,103,29,1,5,416.86
10697,2025-09-28,59,47,2,1,666.33
10698,2025-03-01,638,113,6,3,956.62
10699,2025-03-17,339,117,2,14,640.71
10700,2025-05-11,174,66,3,10,344.89
10701,2025-07-07,431,38,3,17,141.0
10702,2025-05-26,121,107,7,11,489.0
10703,2025-03-01,705,84,1,13,391.42
10704,2025-06-11,792,54,4,24,51.75
10705,2025-10-12,48,115,6,1,811.98
10706,2025-03-21,323,17,2,6,895.42
10707,2025-09-06,312,59,1,24,654.48
10708,2025-01-23,120,5,7,5,1045.19
10709,2025-02-09,700,65,2,20,1014.66
10710,2025-04-11,170,88,2,5,914.04
10711,2025-12-23,419,65,6,23,708.7
10712,2025-10-09,342,70,2,24,576.47
10713,2025-09-28,631,26,7,25,214.31
10714,2025-06-21,604,113,1,16,806.78
10715,2025-08-21,505,52,8,2,856.82
10716,2025-03-14,356,34,6,17,692.94
10717,2025-01-23,134,90,8,13,151.45
10718,2025-10-12,122,77,5,1,109.79
10719,2025-12-22,263,24,8,6,539.57
10720,2025-09-28,325,112,7,14,154.25
10721,2025-12-25,251,96,1,24,818.44
10722,2025-10-26,266,95,6,15,279.92
10723,2025-04-04,175,55,3,6,764.8
10724,2025-11-25,485,88,2,11,925.8
10725,2025-11-02,689,49,6,16,517.28
10726,2025-09-07,537,36,6,18,322.14
10727,2025-10-31,632,53,7,13,389.2
10728,2025-10-22,310,3,6,7,42.45
10729,2025-04-27,155,28,1,1,712.73
10730,2025-03-30,292,76,3,21,929.87
10731,2025-09-16,358,8,3,19,768.05
10732,2025-04-04,240,9,5,4,986.48
10733,2025-06-13,76,41,4,20,880.12
10734,2025-10-18,165,117,5,13,760.52
10735,2025-11-24,305,61,2,16,785.63
10736,2025-08-07,352,88,2,6,678.8
10737,2025-04-27,471,96,7,10,886.37
10738,2025-01-28,154,112,3,4,142.9
10739,2025-05-29,684,22,8,21,171.86
10740,2025-01-06,761,1,6,16,886.96
10741,2025-05-12,456,46,2,13,478.29
10742,2025-04-23,750,56,7,21,446.42
10743,2025-12-09,543,34,1,12,520.28
10744,2025-11-14,478,43,3,17,304.16
10745,2025-10-05,522,35,6,6,187.61
10746,2025-12-22,581,106,4,13,1058.89
10747,2025-11-28,782,39,7,8,211.77
10748,2025-12-14,394,108,1,11,107.34
10749,2025-06-02,355,48,4,20,254.61
10750,2025-05-09,304,78,6,20,241.0
10751,2025-08-16,300,60,8,1,134.79
10752,2025-12-26,762,8,4,21,883.12
10753,2025-02-22,219,38,4,1,171.14
10754,2025-03-27,475,86,1,21,332.09
10755,2025-06-30,612,64,8,6,234.77
10756,2025-07-31,700,17,8,18,739.29
10757,2025-11-04,741,68,5,21,815.68
10758,2025-10-06,716,22,2,8,146.44
10759,2025-03-19,149,43,4,9,267.22
10760,2025-12-25,49,18,4,4,513.98
10761,2025-01-31,298,84,4,19,276.55
10762,2025-10-07,663,67,3,16,532.43
10763,2025-04-19,642,37,7,8,54.14
10764,2025-05-07,301,106,6,6,974.26
10765,2025-09-28,553,88,5,13,672.59
10766,2025-04-05,620,60,2,14,99.88
10767,2025-03-09,314,58,2,17,167.98
10768,2025-10-13,198,94,7,5,52.78
10769,2025-08-26,722,62,4,1,225.98
10770,2025-06-12,352,53,7,17,309.67
10771,2025-01-13,760,66,6,18,398.37
10772,2025-09-25,781,93,4,25,645.47
10773,2025-01-17,537,108,4,20,77.76
10774,2025-04-02,237,9,3,21,800.56
10775,2025-12-19,624,19,7,8,599.88
10776,2025-10-11,220,21,8,8,446.95
10777,2025-04-22,236,56,2,17,508.92
10778,2025-03-15,750,31,1,23,432.61
10779,2025-07-24,147,62,4,1,230.72
10780,2025-08-07,144,52,4,3,852.17
10781,2025-04-26,233,52,6,23,691.24
10782,2025-03-29,780,85,3,18,202.89
10783,2025-12-23,577,48,1,2,224.82
10784,2025-08-10,355,4,3,8,191.6
10785,2025-12-26,432,107,7,24,461.86
10786,2025-05-26,651,116,1,22,631.37
10787,2025-09-14,217,66,2,14,354.2
10788,2025-08-04,709,63,5,4,608.17
10789,2025-08-01,477,46,4,19,317.01
10790,2025-07-14,735,109,3,18,59.38
10791,2025-07-29,269,16,7,18,50.94
10792,2025-08-03,708,45,6,1,567.84
10793,2025-08-09,580,88,3,11,635.31
10794,2025-11-01,207,78,3,23,175.12
10795,2025-07-03,292,75,6,16,163.98
10796,2025-12-21,95,47,2,20,808.13
10797,2025-06-22,729,112,2,8,146.42
10798,2025-08-28,59,116,1,20,823.15
10799,2025-10-31,791,36,3,20,331.56
10800,2025-10-21,349,118,7,15,909.68
10801,2025-02-07,2,39,6,18,171.5
10802,2025-08-14,774,48,5,22,216.81
10803,2025-04-09,378,41,4,18,627.81
10804,2025-08-03,334,25,8,20,421.16
10805,2025-01-22,557,48,2,8,229.98
10806,2025-10-06,341,111,6,1,392.4
10807,2025-05-17,150,69,7,19,520.76
10808,2025-04-08,361,10,7,12,591.45
10809,2025-05-25,381,39,2,18,200.89
10810,2025-01-06,98,62,6,6,310.04
10811,2025-02-14,298,31,8,20,433.6
10812,2025-05-16,380,96,7,8,703.5
10813,2025-07-17,312,109,7,14,54.39
10814,2025-04-26,541,42,1,9,418.98
10815,2025-06-26,170,52,2,2,982.52
10816,2025-01-02,424,37,1,19,62.58
10817,2025-05-09,600,82,2,16,190.61
10818,2025-05-01,667,46,8,8,414.9
10819,2025-08-07,263,56,3,16,565.02
10820,2025-04-10,175,8,1,16,763.56
10821,2025-01-23,724,7,6,19,203.76
10822,2025-11-02,340,43,2,9,282.53
10823,2025-05-15,81,22,1,7,145.01
10824,2025-09-04,169,4,1,17,204.81
10825,2025-10-02,184,86,1,10,241.0
10826,2025-05-10,11,89,3,21,55.9
10827,2025-04-13,448,50,6,17,1061.93
10828,2025-08-09,291,118,5,17,952.59
10829,2025-09-20,764,65,3,21,934.06
10830,2025-05-04,676,17,6,10,671.97
10831,2025-04-03,500,25,4,4,624.37
10832,2025-01-06,760,32,7,21,945.99
10833,2025-06-27,760,11,1,14,843.94
10834,2025-12-21,41,104,4,7,433.31
10835,2025-02-20,347,96,6,8,707.73
10836,2025-06-02,546,95,3,20,249.31
10837,2025-08-26,141,76,5,10,1113.17
10838,2025-07-24,2,101,4,24,219.52
10839,2025-07-21,20,7,8,9,169.22
10840,2025-03-24,364,17,8,7,911.2
10841,2025-02-22,669,108,8,7,93.97
10842,2025-07-21,476,75,4,7,166.7
10843,2025-12-17,395,33,7,20,173.62
10844,2025-04-24,474,87,3,16,419.08
10845,2025-11-05,682,45,5,3,624.11
10846,2025-06-25,451,76,7,12,962.28
10847,2025-11-09,120,52,8,1,876.79
10848,2025-12-26,489,68,8,22,1052.24
10849,2025-12-23,409,49,6,15,407.74
10850,2025-05-23,471,73,7,1,503.07
10851,2025-05-15,90,15,6,4,798.57
10852,2025-06-05,762,27,8,20,377.54
10853,2025-04-27,280,39,6,7,189.83
10854,2025-03-22,338,120,8,20,707.13
10855,2025-10-06,360,108,2,11,81.58
10856,2025-09-13,652,85,2,15,237.39
10857,2025-09-28,240,3,5,9,42.32
10858,2025-07-17,678,86,1,3,321.93
10859,2025-12-06,174,37,1,3,52.36
10860,2025-05-27,213,42,6,19,381.91
10861,2025-05-14,6,67,8,9,754.12
10862,2025-08-22,525,56,6,10,648.29
10863,2025-07-18,272,17,8,23,843.78
10864,2025-01-03,85,12,4,13,425.1
10865,2025-08-11,92,78,3,17,273.26
10866,2025-03-07,522,53,4,2,252.85
10867,2025-06-28,636,87,2,24,527.82
10868,2025-02-23,696,52,7,21,777.45
10869,2025-08-08,480,7,3,24,182.14
10870,2025-03-13,164,4,3,11,260.04
10871,2025-05-07,241,89,7,5,65.67
10872,2025-07-10,98,33,4,20,160.66
10873,2025-01-05,142,83,1,7,862.66
10874,2025-07-08,82,115,2,9,754.66
10875,2025-04-04,548,63,8,10,900.4
10876,2025-03-03,471,96,8,21,665.02
10877,2025-11-26,502,9,7,8,819.28
10878,2025-12-12,260,90,7,25,97.56
10879,2025-05-21,223,9,6,14,844.78
10880,2025-09-14,364,14,6,19,131.24
10881,2025-10-30,85,78,8,3,185.18
10882,2025-05-23,149,115,4,7,719.25
10883,2025-06-27,493,12,3,11,300.93
10884,2025-06-16,462,7,1,9,214.22
10885,2025-04-07,750,95,8,5,261.11
10886,2025-02-26,780,64,5,13,222.1
10887,2025-01-16,628,117,5,21,993.85
10888,2025-01-13,43,92,7,7,933.48
10889,2025-04-14,257,57,8,4,742.96
10890,2025-10-31,119,72,7,13,378.56
10891,2025-08-04,532,112,4,24,115.12
10892,2025-04-15,495,25,5,13,546.37
10893,2025-07-16,308,118,3,6,1098.51
10894,2025-04-09,362,43,5,2,304.35
10895,2025-07-24,781,90,6,11,105.02
10896,2025-06-18,241,86,1,19,292.71
10897,2025-04-13,358,114,1,6,257.93
10898,2025-03-30,168,96,5,9,673.32
10899,2025-09-30,260,77,3,3,103.79
10900,2025-01-18,31,40,8,14,523.15
10901,2025-01-17,341,90,3,20,152.11
10902,2025-09-10,671,119,4,3,429.39
10903,2025-04-09,341,62,3,3,262.02
10904,2025-08-05,723,107,3,6,567.67
10905,2025-06-30,218,87,6,15,469.63
10906,2025-01-25,122,19,2,22,628.79
10907,2025-11-01,242,21,6,20,324.38
10908,2025-10-16,276,107,5,21,550.82
10909,2025-02-03,668,29,4,1,356.49
10910,2025-04-16,81,98,6,23,257.48
10911,2025-12-31,183,116,1,8,801.84
10912,2025-08-20,712,85,2,14,177.71
10913,2025-10-20,520,6,5,9,344.92
10914,2025-11-14,515,109,4,12,58.32
10915,2025-12-25,391,72,5,15,470.08
10916,2025-07-27,493,96,1,14,778.1
10917,2025-06-06,232,26,6,21,279.33
10918,2025-12-27,249,79,3,17,280.63
10919,2025-03-29,19,8,3,9,862.62
10920,2025-05-07,255,35,6,20,149.56
10921,2025-10-22,59,63,3,12,903.19
10922,2025-05-20,292,42,5,20,409.44
10923,2025-07-24,169,118,6,18,838.88
10924,2025-10-15,128,14,4,18,156.62
10925,2025-10-13,128,57,1,23,811.37
10926,2025-07-22,159,53,2,1,373.04
10927,2025-05-12,728,115,2,13,807.51
10928,2025-06-15,424,56,4,25,664.69
10929,2025-06-04,472,54,7,2,50.9
10930,2025-12-14,506,84,8,20,269.97
10931,2025-06-19,778,17,8,22,779.05
10932,2025-10-21,500,116,2,25,696.01
10933,2025-02-06,145,12,3,1,358.39
10934,2025-10-06,350,84,1,23,378.63
10935,2025-06-02,656,21,7,12,484.4
10936,2025-04-04,244,119,4,18,432.82
10937,2025-05-03,429,35,7,7,153.59
10938,2025-01-26,777,62,4,20,316.13
10939,2025-01-28,147,21,3,17,347.52
10940,2025-02-16,695,62,8,24,295.17
10941,2025-03-23,267,48,5,3,205.71
10942,2025-05-08,243,29,3,2,373.53
10943,2025-12-02,396,29,1,1,307.8
10944,2025-07-27,614,102,3,9,56.85
10945,2025-09-05,762,47,4,17,814.16
10946,2025-09-17,585,118,4,12,1161.01
10947,2025-09-07,258,65,7,12,942.89
10948,2025-05-21,112,1,5,25,620.44
10949,2025-07-13,441,79,2,15,324.56
10950,2025-07-15,303,92,4,9,942.92
10951,2025-05-13,194,13,3,1,233.34
10952,2025-03-15,684,5,3,9,1059.45
10953,2025-06-21,651,33,5,8,143.22
10954,2025-08-05,686,37,7,15,66.35
10955,2025-03-02,221,16,6,10,50.68
10956,2025-11-08,536,26,2,1,228.5
10957,2025-10-26,171,77,6,11,107.03
10958,2025-02-20,179,25,3,3,626.48
10959,2025-01-26,183,90,4,7,102.25
10960,2025-11-06,528,22,7,5,141.27
10961,2025-10-25,74,39,6,15,214.28
10962,2025-11-29,92,26,6,24,291.73
10963,2025-11-01,111,67,4,17,730.44
10964,2025-04-14,603,22,2,16,141.49
10965,2025-09-14,122,65,2,5,701.53
10966,2025-04-10,421,19,5,13,643.46
10967,2025-05-29,421,57,1,24,661.78
10968,2025-07-15,418,24,8,10,773.74
10969,2025-08-22,509,29,3,16,367.59
10970,2025-03-24,671,97,8,10,138.53
10971,2025-03-07,727,25,5,3,420.97
10972,2025-05-03,774,80,8,9,136.85
10973,2025-10-05,49,22,8,1,162.63
10974,2025-11-04,279,114,5,16,317.41
10975,2025-10-21,629,67,1,6,545.71
10976,2025-10-27,663,103,4,12,480.79
10977,2025-07-29,162,45,8,21,589.07
10978,2025-11-29,368,47,8,4,617.61
10979,2025-03-06,633,74,7,1,492.48
10980,2025-09-11,146,98,6,3,256.38
10981,2025-07-06,246,51,8,11,944.97
10982,2025-07-22,36,115,5,15,694.57
10983,2025-04-27,615,120,3,22,705.43
10984,2025-12-27,268,99,2,17,48.24
10985,2025-05-17,522,28,7,9,819.26
10986,2025-07-12,118,2,7,18,412.58
10987,2025-04-09,36,72,6,17,422.77
10988,2025-06-29,539,84,1,15,365.76
10989,2025-11-27,234,52,7,17,943.05
10990,2025-04-17,115,60,5,23,89.63
10991,2025-03-19,157,99,7,4,35.13
10992,2025-11-20,785,37,7,1,55.16
10993,2025-12-09,618,114,4,21,351.75
10994,2025-10-04,307,57,6,7,838.31
10995,2025-02-21,115,40,2,17,438.97
10996,2025-02-05,547,34,1,8,439.38
10997,2025-11-04,22,30,7,13,571.26
10998,2025-05-24,422,21,2,18,493.56
10999,2025-06-04,155,86,1,21,278.37
11000,2025-04-14,72,111,6,21,350.37
11001,2025-06-28,334,101,8,1,280.46
11002,2025-01-23,488,17,5,24,907.84
11003,2025-04-06,16,12,1,25,412.65
11004,2025-12-31,783,72,4,10,462.97
11005,2025-08-02,600,12,8,19,341.09
11006,2025-04-09,600,32,8,1,942.7
11007,2025-05-09,602,15,4,16,777.02
11008,2025-10-19,627,9,7,7,841.72
11009,2025-08-03,183,16,6,18,62.75
11010,2025-08-17,287,117,7,10,997.42
11011,2025-07-08,698,48,7,1,257.82
11012,2025-06-29,515,102,3,9,64.28
11013,2025-03-03,232,53,6,8,278.61
11014,2025-04-26,445,33,3,6,202.0
11015,2025-05-26,275,48,3,15,267.92
11016,2025-10-05,137,31,6,20,615.64
11017,2025-12-16,47,4,5,11,251.36
11018,2025-06-16,174,62,1,7,258.8
11019,2025-12-31,721,71,6,13,513.34
11020,2025-06-17,762,23,3,15,1238.79
11021,2025-04-15,257,40,6,22,501.14
11022,2025-01-17,186,27,6,6,334.55
11023,2025-12-05,689,31,5,5,514.07
11024,2025-07-13,239,22,2,18,183.1
11025,2025-10-02,76,69,8,18,655.85
11026,2025-06-06,229,10,6,25,676.56
11027,2025-01-29,338,62,2,25,333.31
11028,2025-10-20,788,7,3,18,233.88
11029,2025-03-31,229,116,3,7,827.8
11030,2025-05-17,511,119,5,23,520.01
11031,2025-08-10,673,3,1,17,43.85
11032,2025-10-23,563,45,2,23,503.84
11033,2025-03-31,387,103,2,7,374.71
11034,2025-12-13,156,65,7,23,678.32
11035,2025-01-10,556,90,1,3,150.44
11036,2025-02-25,56,38,3,16,133.39
11037,2025-09-11,510,48,4,19,213.57
11038,2025-08-30,574,44,8,11,234.25
11039,2025-02-22,554,92,2,3,618.41
11040,2025-12-22,156,48,4,16,208.98
11041,2025-09-20,323,42,6,14,405.22
11042,2025-02-16,633,112,7,17,165.76
11043,2025-06-04,332,49,4,5,484.39
11044,2025-06-04,655,109,8,4,73.35
11045,2025-05-31,672,86,5,13,212.82
11046,2025-01-10,77,120,2,11,483.89
11047,2025-08-29,207,56,5,3,558.86
11048,2025-11-14,132,24,5,18,573.5
11049,2025-11-05,357,35,1,22,180.79
11050,2025-12-31,531,5,5,9,947.37
11051,2025-11-22,367,96,5,16,845.74
11052,2025-09-05,605,106,2,15,882.86
11053,2025-10-28,767,5,1,4,784.75
11054,2025-08-16,86,32,8,24,970.81
11055,2025-08-26,584,42,6,2,315.14
11056,2025-08-10,166,93,6,24,664.07
11057,2025-02-07,55,85,2,5,211.57
11058,2025-01-31,597,77,1,24,128.07
11059,2025-06-14,42,23,2,21,946.28
11060,2025-10-05,677,58,3,1,203.62
11061,2025-10-27,305,52,2,18,1035.04
11062,2025-07-16,65,49,3,23,542.38
11063,2025-12-16,578,18,3,3,598.26
11064,2025-04-16,422,30,3,17,546.04
11065,2025-02-24,591,2,2,13,364.87
11066,2025-01-13,588,112,8,17,135.58
11067,2025-09-12,453,82,7,6,212.22
11068,2025-07-08,483,70,2,20,634.18
11069,2025-03-13,309,54,1,6,38.31
11070,2025-07-30,349,49,7,15,465.83
11071,2025-05-16,306,29,3,24,332.38
11072,2025-03-08,35,52,4,15,1038.93
11073,2025-07-17,141,40,2,19,502.95
11074,2025-02-25,487,84,1,16,336.56
11075,2025-08-08,516,101,4,23,191.53
11076,2025-04-20,773,38,4,3,194.98
11077,2025-10-10,393,77,6,10,104.33
11078,2025-05-10,628,74,1,17,558.56
11079,2025-08-21,467,108,1,12,104.98
11080,2025-01-27,47,63,2,16,684.95
11081,2025-08-19,162,16,7,2,57.14
11082,2025-09-10,18,109,3,25,50.91
11083,2025-05-04,501,116,3,24,648.85
11084,2025-06-10,308,116,4,23,598.23
11085,2025-12-10,737,107,7,24,488.35
11086,2025-11-04,600,97,1,25,186.52
11087,2025-12-27,652,118,1,5,786.46
11088,2025-12-22,644,43,6,6,310.15
11089,2025-06-27,27,37,1,14,64.83
11090,2025-08-14,337,88,8,7,779.07
11091,2025-02-16,375,93,7,10,590.65
11092,2025-11-07,685,116,4,8,878.83
11093,2025-09-14,330,99,1,25,37.35
11094,2025-03-10,383,61,5,7,1114.48
11095,2025-07-24,119,18,1,15,409.65
11096,2025-07-15,674,81,1,1,719.01
11097,2025-02-21,651,83,8,7,748.35
11098,2025-01-18,61,74,5,12,484.8
11099,2025-09-30,762,22,8,21,128.65
11100,2025-09-19,56,89,1,13,60.07
11101,2025-09-21,769,90,3,3,149.65
11102,2025-12-21,121,26,1,20,286.65
11103,2025-03-31,330,53,5,12,355.89
11104,2025-09-22,492,25,2,22,572.05
11105,2025-09-14,704,91,4,21,1157.45
11106,2025-11-01,362,97,6,24,178.15
11107,2025-04-04,572,68,5,16,1090.47
11108,2025-08-08,299,49,5,22,379.63
11109,2025-02-23,336,25,6,1,444.85
11110,2025-01-30,497,107,8,23,401.78
11111,2025-08-17,615,28,6,8,683.44
11112,2025-02-10,687,69,4,7,649.49
11113,2025-12-26,528,117,8,9,856.02
11114,2025-02-01,307,18,5,5,414.38
11115,2025-02-05,429,67,6,3,724.03
11116,2025-07-10,246,20,5,11,463.89
11117,2025-12-24,160,19,8,11,683.98
11118,2025-04-10,736,110,2,25,619.82
11119,2025-11-02,371,17,6,8,898.28
11120,2025-04-07,395,55,5,12,997.69
11121,2025-01-03,487,44,5,3,146.07
11122,2025-10-12,293,79,5,9,293.07
11123,2025-09-12,28,114,7,15,306.55
11124,2025-09-04,588,27,1,16,376.94
11125,2025-04-22,735,106,5,25,1133.4
11126,2025-09-23,348,100,3,14,240.75
11127,2025-03-30,610,65,4,25,1019.05
11128,2025-01-16,67,23,1,15,909.43
11129,2025-03-08,327,48,6,5,249.02
11130,2025-06-15,63,56,2,19,484.41
11131,2025-12-10,46,93,1,3,614.75
11132,2025-11-28,479,29,6,2,394.9
11133,2025-04-12,145,44,6,20,186.64
11134,2025-08-07,506,44,5,18,215.38
11135,2025-07-11,290,51,3,19,742.8
11136,2025-12-26,364,33,8,12,201.46
11137,2025-06-01,759,52,4,18,807.68
11138,2025-10-13,718,79,8,13,292.2
11139,2025-03-30,570,64,7,20,173.57
11140,2025-06-04,604,66,2,6,450.63
11141,2025-12-22,206,96,6,3,885.03
11142,2025-12-05,444,42,3,18,406.6
11143,2025-02-06,239,114,5,23,312.99
11144,2025-01-11,582,37,5,18,64.25
11145,2025-08-04,401,52,5,23,1053.05
11146,2025-02-17,534,13,1,1,273.6
11147,2025-02-10,34,120,6,7,669.29
11148,2025-09-01,690,28,7,10,658.05
11149,2025-05-26,178,97,6,3,159.69
11150,2025-12-28,92,34,4,2,676.37
11151,2025-06-05,79,60,4,25,130.29
11152,2025-09-03,327,7,8,1,161.03
11153,2025-07-26,620,118,7,1,789.86
11154,2025-07-21,242,95,3,23,233.33
11155,2025-07-16,360,39,2,21,215.25
11156,2025-09-21,24,2,2,5,359.37
11157,2025-09-26,311,34,1,20,488.6
11158,2025-03-06,156,59,2,5,668.43
11159,2025-08-16,402,53,3,1,330.47
11160,2025-03-13,43,60,2,8,113.98
11161,2025-12-07,92,85,4,3,199.23
11162,2025-08-15,552,18,8,20,464.62
11163,2025-12-29,489,54,3,2,43.14
11164,2025-09-05,704,66,3,12,319.4
11165,2025-01-20,208,77,2,13,139.02
11166,2025-08-03,463,34,6,13,495.23
11167,2025-07-17,3,102,6,1,60.77
11168,2025-11-07,32,10,4,1,590.09
11169,2025-10-07,771,103,4,7,495.53
11170,2025-01-07,356,37,4,10,56.52
11171,2025-02-11,609,26,7,7,246.54
11172,2025-10-21,499,113,3,22,935.68
11173,2025-05-24,191,63,1,19,856.11
11174,2025-12-06,710,113,6,8,753.7
11175,2025-09-12,294,27,5,22,471.32
11176,2025-03-23,329,9,5,12,1046.2
11177,2025-09-25,710,20,4,18,486.38
11178,2025-07-17,114,90,4,6,135.47
11179,2025-01-31,768,104,5,1,324.09
11180,2025-10-30,176,82,5,23,201.23
11181,2025-07-23,713,41,1,12,857.12
11182,2025-08-03,320,26,2,15,234.03
11183,2025-04-20,464,82,3,3,170.92
11184,2025-07-24,88,99,2,21,39.61
11185,2025-11-29,238,42,4,14,314.38
11186,2025-10-02,498,59,8,2,532.75
11187,2025-11-10,798,63,6,14,832.22
11188,2025-08-05,704,49,2,20,379.53
11189,2025-09-28,554,30,8,7,428.76
11190,2025-03-07,675,72,4,7,346.87
11191,2025-11-03,634,66,2,21,370.58
11192,2025-05-03,501,112,4,1,124.42
11193,2025-05-11,392,106,4,16,978.33
11194,2025-09-06,728,10,7,6,651.28
11195,2025-09-19,412,26,8,1,235.66
11196,2025-09-30,222,33,5,11,150.16
11197,2025-07-02,462,45,1,16,618.54
11198,2025-09-22,344,79,2,16,402.15
11199,2025-02-06,8,53,5,16,279.65
11200,2025-06-03,469,48,2,12,185.34
11201,2025-03-16,250,86,6,22,315.97
11202,2025-04-25,244,119,2,25,451.35
11203,2025-11-01,699,71,4,5,533.71
11204,2025-05-21,432,49,7,14,398.49
11205,2025-06-19,480,100,7,3,228.89
11206,2025-08-03,308,115,8,24,802.45
11207,2025-03-11,523,47,8,9,710.46
11208,2025-08-17,308,58,5,9,194.69
11209,2025-07-22,784,104,7,13,278.4
11210,2025-03-25,715,3,3,6,50.58
11211,2025-12-06,437,80,7,4,137.46
11212,2025-12-23,465,105,8,23,276.02
11213,2025-03-23,439,86,5,4,248.35
11214,2025-09-19,412,18,6,6,493.48
11215,2025-12-17,29,89,2,17,79.38
11216,2025-02-23,565,70,7,5,810.4
11217,2025-01-16,415,70,8,10,890.5
11218,2025-07-27,588,46,7,16,405.94
11219,2025-09-17,390,5,3,16,1038.65
11220,2025-11-25,245,24,5,2,730.61
11221,2025-05-04,171,68,4,9,1104.98
11222,2025-04-29,699,50,4,19,1021.43
11223,2025-11-22,722,111,4,15,251.1
11224,2025-08-18,670,65,8,4,1023.11
11225,2025-03-08,173,59,2,7,644.03
11226,2025-08-16,385,78,3,21,209.27
11227,2025-07-04,430,52,1,13,902.6
11228,2025-03-03,429,22,3,10,188.77
11229,2025-03-16,709,61,3,1,720.99
11230,2025-06-22,140,56,6,20,637.71
11231,2025-09-15,363,103,1,19,458.47
11232,2025-05-14,659,73,3,5,511.96
11233,2025-11-06,329,79,4,18,341.89
11234,2025-10-11,73,107,4,6,379.91
11235,2025-09-19,186,76,5,8,838.53
11236,2025-06-26,287,76,6,12,775.85
11237,2025-11-03,717,66,6,10,468.06
11238,2025-02-28,766,51,7,3,694.37
11239,2025-06-04,95,104,7,11,315.43
11240,2025-06-07,780,120,4,6,606.2
11241,2025-04-27,229,14,1,13,147.53
11242,2025-10-13,522,19,4,18,542.53
11243,2025-04-09,258,93,1,1,826.46
11244,2025-08-14,229,29,8,7,440.87
11245,2025-05-26,673,38,1,9,151.98
11246,2025-04-02,282,58,6,6,151.2
11247,2025-05-10,765,78,7,8,206.13
11248,2025-07-30,589,26,6,11,271.69
11249,2025-12-24,406,31,4,12,514.6
11250,2025-11-21,381,83,2,15,817.39
11251,2025-12-14,625,99,5,7,33.91
11252,2025-08-14,560,41,6,24,917.46
11253,2025-07-03,456,29,2,6,296.51
11254,2025-07-20,665,62,8,6,325.42
11255,2025-04-06,443,4,1,14,184.29
11256,2025-09-27,642,63,7,23,641.55
11257,2025-10-20,350,35,2,19,150.55
11258,2025-02-07,644,15,1,8,545.41
11259,2025-10-21,519,24,4,1,700.12
11260,2025-08-02,43,29,1,5,364.74
11261,2025-10-15,524,46,8,1,436.49
11262,2025-08-11,178,19,8,25,507.25
11263,2025-10-02,65,118,7,17,951.27
11264,2025-11-24,50,37,4,23,68.22
11265,2025-12-29,97,46,3,13,477.34
11266,2025-05-05,117,95,6,22,250.64
11267,2025-11-29,398,15,3,16,697.68
11268,2025-01-22,30,115,3,5,538.04
11269,2025-01-29,729,84,3,16,328.15
11270,2025-10-28,513,82,2,9,182.54
11271,2025-05-01,511,75,7,8,169.99
11272,2025-09-15,350,53,7,17,315.04
11273,2025-03-24,132,32,7,17,752.92
11274,2025-05-24,367,34,1,15,511.08
11275,2025-07-14,448,57,2,23,790.91
11276,2025-03-13,456,59,7,7,513.81
11277,2025-11-05,386,109,7,22,55.76
11278,2025-04-15,370,14,8,20,116.19
11279,2025-04-04,157,13,7,15,239.71
11280,2025-12-09,368,115,5,6,580.68
11281,2025-12-27,644,25,8,25,458.46
11282,2025-12-10,523,48,3,15,209.03
11283,2025-04-06,188,105,8,11,266.97
11284,2025-11-07,606,94,6,25,67.44
11285,2025-02-16,340,24,8,19,515.47
11286,2025-08-08,228,84,1,10,312.95
11287,2025-09-07,140,24,3,11,510.98
11288,2025-01-04,338,51,6,17,931.8
11289,2025-10-11,548,119,7,15,574.63
11290,2025-12-26,769,73,2,16,743.27
11291,2025-09-18,522,95,6,20,371.98
11292,2025-10-20,495,10,8,12,639.75
11293,2025-09-22,109,42,5,1,486.64
11294,2025-02-21,689,67,1,6,558.4
11295,2025-08-24,48,72,5,23,417.82
11296,2025-05-20,377,55,2,5,849.78
11297,2025-12-02,645,65,8,18,872.11
11298,2025-05-20,242,23,3,22,1144.59
11299,2025-06-28,509,105,5,5,334.76
11300,2025-09-30,300,69,4,9,564.53
11301,2025-08-26,220,49,5,15,437.71
11302,2025-05-16,130,15,1,7,802.31
11303,2025-05-13,359,37,2,4,68.08
11304,2025-07-06,625,54,1,11,42.39
11305,2025-10-03,57,12,2,20,406.83
11306,2025-05-08,239,54,4,9,41.57
11307,2025-03-20,109,49,8,7,526.67
11308,2025-08-05,625,65,7,3,1045.55
11309,2025-09-14,92,115,6,16,704.24
11310,2025-01-01,782,107,1,23,516.76
11311,2025-06-26,281,6,3,25,332.08
11312,2025-11-16,85,58,8,3,156.13
11313,2025-11-24,573,87,7,2,425.28
11314,2025-08-07,500,8,3,2,881.81
11315,2025-06-24,668,39,8,18,186.96
11316,2025-01-02,639,56,2,19,581.41
11317,2025-03-17,674,115,3,11,700.2
11318,2025-07-21,557,23,4,21,1224.49
11319,2025-07-16,640,56,4,23,564.31
11320,2025-08-14,230,24,8,19,709.97
11321,2025-06-07,264,44,3,6,220.21
11322,2025-12-24,366,16,6,9,47.63
11323,2025-01-18,451,97,8,20,166.36
11324,2025-03-07,427,91,8,14,1047.96
11325,2025-02-26,341,88,3,6,703.9
11326,2025-08-21,327,70,7,16,770.26
11327,2025-04-20,793,40,3,12,499.48
11328,2025-03-19,515,8,1,11,1186.51
11329,2025-06-03,442,95,4,6,358.79
11330,2025-01-17,524,30,6,17,538.5
11331,2025-06-13,168,47,7,21,877.85
11332,2025-04-03,248,9,1,24,1056.06
11333,2025-10-25,695,61,4,20,981.99
11334,2025-10-20,316,5,3,15,946.51
11335,2025-02-26,540,75,4,10,175.86
11336,2025-08-12,41,67,3,24,639.9
11337,2025-12-25,532,105,7,12,259.39
11338,2025-01-25,209,90,6,9,121.08
11339,2025-09-12,731,10,3,18,761.32
11340,2025-07-02,480,106,8,1,788.17
11341,2025-07-18,660,81,7,20,810.91
11342,2025-08-30,471,91,7,10,859.86
11343,2025-09-08,608,52,5,18,853.07
11344,2025-09-16,310,98,4,21,250.3
11345,2025-11-06,728,28,3,25,548.95
11346,2025-10-16,638,119,4,6,524.19
11347,2025-06-15,21,24,8,22,762.03
11348,2025-05-21,27,93,4,10,672.08
11349,2025-12-04,122,53,6,5,256.71
11350,2025-03-13,243,110,2,13,801.91
11351,2025-07-16,762,94,8,8,45.61
11352,2025-02-15,308,17,7,14,832.96
11353,2025-04-02,373,34,7,7,681.77
11354,2025-07-18,493,28,6,22,709.35
11355,2025-01-04,702,33,2,1,192.64
11356,2025-04-28,523,70,7,7,688.07
11357,2025-02-11,107,8,2,13,901.31
11358,2025-11-07,274,7,8,13,200.45
11359,2025-09-21,204,33,6,2,144.95
11360,2025-04-10,35,41,4,20,758.45
11361,2025-02-08,707,68,2,25,1228.28
11362,2025-11-03,440,73,8,16,583.28
11363,2025-12-25,7,76,4,9,1175.57
11364,2025-08-11,331,80,8,21,138.76
11365,2025-12-26,216,98,1,17,264.98
11366,2025-12-30,407,47,2,15,889.33
11367,2025-05-16,13,33,8,18,176.15
11368,2025-12-13,524,70,6,14,745.77
11369,2025-11-28,508,65,5,25,873.67
11370,2025-05-11,671,20,4,17,416.35
11371,2025-11-18,747,87,4,20,566.57
11372,2025-04-11,433,16,8,16,61.26
11373,2025-07-18,578,14,4,16,130.35
11374,2025-06-05,201,109,3,6,69.04
11375,2025-10-20,620,45,8,16,482.59
11376,2025-11-09,54,75,8,11,206.58
11377,2025-03-26,227,69,2,10,648.22
11378,2025-07-12,729,95,1,2,321.08
11379,2025-07-22,91,78,5,14,273.88
11380,2025-01-27,199,114,2,1,342.97
11381,2025-11-27,107,18,5,21,575.26
11382,2025-12-10,553,20,8,24,476.68
11383,2025-10-21,499,55,1,10,958.49
11384,2025-09-20,308,42,8,13,456.12
11385,2025-03-21,7,2,6,7,338.13
11386,2025-12-31,44,42,3,6,307.29
11387,2025-02-07,405,31,8,22,505.63
11388,2025-07-23,9,113,6,12,714.2
11389,2025-08-20,786,68,2,4,1005.37
11390,2025-02-17,636,117,7,25,771.06
11391,2025-07-26,752,107,1,11,499.21
11392,2025-04-22,199,54,7,10,38.57
11393,2025-08-13,748,66,1,23,428.12
11394,2025-02-12,661,27,7,21,355.31
11395,2025-06-25,694,99,2,21,48.73
11396,2025-01-20,595,70,4,6,825.57
11397,2025-01-18,504,23,3,4,1064.71
11398,2025-10-12,447,8,4,14,875.24
11399,2025-09-21,217,16,1,25,60.45
11400,2025-07-29,242,7,2,24,162.51
11401,2025-10-31,573,50,7,4,1000.43
11402,2025-12-18,445,47,6,21,667.89
11403,2025-06-12,382,25,7,1,639.81
11404,2025-10-07,6,99,3,8,35.06
11405,2025-05-02,580,106,6,16,1003.08
11406,2025-03-13,792,86,5,25,253.25
11407,2025-10-21,182,115,8,2,664.2
11408,2025-04-11,139,22,3,25,146.49
11409,2025-09-10,608,5,5,11,1029.67
11410,2025-10-22,308,101,3,8,241.17
11411,2025-08-27,292,37,5,18,60.68
11412,2025-02-03,483,39,5,7,188.1
11413,2025-05-23,634,118,1,9,1022.58
11414,2025-10-02,221,77,5,14,142.58
11415,2025-09-27,435,107,8,10,578.31
11416,2025-02-08,524,2,2,9,431.95
11417,2025-12-14,493,86,8,25,231.93
11418,2025-03-17,33,45,1,15,543.93
11419,2025-05-17,707,37,8,22,48.02
11420,2025-09-18,105,67,4,1,759.11
11421,2025-09-24,381,85,1,15,175.3
11422,2025-09-04,237,89,5,14,74.49
11423,2025-09-17,549,111,5,24,285.81
11424,2025-07-20,421,98,7,9,242.13
11425,2025-03-12,780,54,2,19,40.39
11426,2025-09-30,541,69,4,11,639.42
11427,2025-01-07,24,103,6,23,534.61
11428,2025-07-22,701,57,6,3,957.59
11429,2025-05-03,587,34,7,7,597.41
11430,2025-12-19,682,13,4,20,266.21
11431,2025-03-13,268,36,8,3,281.57
11432,2025-02-13,693,56,6,5,674.88
11433,2025-08-05,272,64,8,19,158.67
11434,2025-06-14,531,38,6,17,132.62
11435,2025-07-07,311,6,7,9,425.18
11436,2025-10-19,111,117,5,10,709.48
11437,2025-10-01,104,32,6,19,803.13
11438,2025-12-05,149,108,8,17,99.83
11439,2025-07-19,151,40,6,22,394.26
11440,2025-11-14,735,8,6,12,930.0
11441,2025-04-22,188,62,7,7,227.88
11442,2025-10-08,788,52,4,2,929.62
11443,2025-07-02,208,8,1,15,1154.81
11444,2025-12-15,662,68,3,18,1220.03
11445,2025-04-22,607,110,5,13,780.96
11446,2025-02-02,420,89,8,24,60.44
11447,2025-03-06,661,25,6,16,609.43
11448,2025-04-30,657,67,6,9,550.73
11449,2025-11-14,502,94,5,1,63.37
11450,2025-05-05,679,6,4,11,302.85
11451,2025-06-05,416,83,6,9,948.92
11452,2025-06-08,21,78,3,17,206.05
11453,2025-07-04,203,21,1,17,349.73
11454,2025-10-07,412,57,8,8,747.43
11455,2025-07-29,195,28,6,6,684.03
11456,2025-02-20,296,68,8,6,990.22
11457,2025-05-27,369,69,6,10,578.93
11458,2025-07-29,79,34,1,13,525.13
11459,2025-01-28,410,67,7,5,641.04
11460,2025-01-22,271,96,6,22,792.6
11461,2025-05-30,242,2,4,1,297.17
11462,2025-04-08,99,50,7,9,875.45
11463,2025-02-10,91,45,5,1,634.25
11464,2025-08-08,694,9,8,21,983.33
11465,2025-01-20,705,75,1,15,201.58
11466,2025-05-04,49,34,2,6,658.18
11467,2025-06-29,588,59,2,17,722.1
11468,2025-07-31,531,97,8,22,202.96
11469,2025-02-24,567,57,1,1,638.08
11470,2025-04-13,427,72,3,7,400.11
11471,2025-01-26,189,17,1,8,880.86
11472,2025-10-31,511,93,4,13,885.39
11473,2025-04-04,92,51,3,5,781.49
11474,2025-07-07,752,41,7,8,968.87
11475,2025-01-18,518,90,8,8,143.64
11476,2025-08-04,216,116,3,22,585.01
11477,2025-03-03,407,112,5,12,129.55
11478,2025-02-14,354,75,4,7,167.56
11479,2025-11-29,572,31,7,19,561.93
11480,2025-02-08,429,108,3,20,104.54
11481,2025-04-29,550,70,6,9,898.38
11482,2025-03-12,288,80,5,25,163.22
11483,2025-04-19,224,99,1,20,36.56
11484,2025-09-04,420,113,7,1,743.79
11485,2025-11-05,228,54,3,6,53.06
11486,2025-12-21,53,72,7,7,304.34
11487,2025-06-28,103,16,1,13,61.57
11488,2025-08-19,201,114,2,4,374.51
11489,2025-12-03,378,20,7,18,418.26
11490,2025-09-10,167,93,5,24,908.76
11491,2025-11-27,463,50,6,11,875.33
11492,2025-03-28,751,75,7,9,213.0
11493,2025-03-02,511,28,8,17,619.48
11494,2025-04-02,747,106,2,9,1139.0
11495,2025-09-11,449,85,8,4,234.92
11496,2025-07-18,502,54,1,10,44.39
11497,2025-05-18,694,88,2,7,943.6
11498,2025-01-18,767,99,7,11,38.92
11499,2025-05-16,590,103,4,6,351.23
11500,2025-07-24,749,92,3,12,730.16
11501,2025-12-03,714,34,7,20,668.44
11502,2025-08-08,11,13,6,25,231.47
11503,2025-08-09,463,34,8,18,513.12
11504,2025-06-07,283,46,4,7,379.25
11505,2025-07-24,732,65,5,4,808.5
11506,2025-12-07,348,113,2,11,716.49
11507,2025-11-08,95,67,4,3,677.29
11508,2025-09-24,336,60,4,19,113.08
11509,2025-04-25,731,42,4,8,375.54
11510,2025-04-24,636,58,7,3,195.77
11511,2025-03-17,391,45,2,18,433.65
11512,2025-01-30,160,26,4,24,290.95
11513,2025-12-23,279,37,4,16,59.54
11514,2025-07-13,494,51,4,12,859.11
11515,2025-06-02,123,53,6,10,335.98
11516,2025-01-06,629,74,6,13,596.47
11517,2025-01-20,511,27,4,13,365.76
11518,2025-04-11,258,120,3,21,475.03
11519,2025-10-11,728,76,5,17,1049.27
11520,2025-10-02,544,44,3,21,229.12
11521,2025-12-14,77,37,4,20,65.13
11522,2025-09-12,35,47,8,9,624.44
11523,2025-06-08,410,12,6,14,378.29
11524,2025-04-19,748,55,5,13,877.16
11525,2025-05-25,132,29,2,5,408.83
11526,2025-09-27,705,47,5,9,873.42
11527,2025-09-22,251,104,1,21,355.68
11528,2025-05-03,253,10,7,15,718.67
11529,2025-07-01,215,2,7,24,384.8
11530,2025-09-03,489,36,5,1,232.63
11531,2025-04-02,108,13,4,9,277.33
11532,2025-12-15,39,56,4,20,572.32
11533,2025-05-01,194,36,3,8,286.84
11534,2025-09-29,353,99,6,15,49.07
11535,2025-06-05,316,41,5,5,969.29
11536,2025-09-29,241,79,7,13,355.6
11537,2025-01-25,512,120,5,10,555.24
11538,2025-01-05,725,30,6,11,624.54
11539,2025-12-17,666,108,1,25,84.73
11540,2025-10-14,724,79,3,16,333.66
11541,2025-01-24,415,3,1,1,56.74
11542,2025-03-13,218,100,6,23,293.66
11543,2025-12-15,374,79,8,13,398.52
11544,2025-09-26,456,43,8,12,371.79
11545,2025-03-13,395,96,3,20,588.63
11546,2025-12-23,556,67,3,13,582.86
11547,2025-08-19,120,118,8,20,889.8
11548,2025-01-14,311,14,1,23,130.48
11549,2025-07-11,552,24,3,15,536.32
11550,2025-04-01,652,114,8,23,331.93
11551,2025-08-07,237,85,7,16,176.98
11552,2025-08-25,532,53,1,1,286.49
11553,2025-11-11,694,114,8,4,346.39
11554,2025-11-23,612,27,6,2,474.16
11555,2025-03-02,411,83,5,6,911.75
11556,2025-01-21,272,50,1,23,713.39
11557,2025-12-21,387,23,8,10,1203.48
11558,2025-05-27,310,29,5,21,314.44
11559,2025-01-23,377,5,7,18,850.78
11560,2025-11-09,125,106,8,24,1022.93
11561,2025-07-06,86,18,1,17,490.41
11562,2025-12-01,484,113,5,18,718.25
11563,2025-07-06,566,108,6,9,105.07
11564,2025-04-02,156,79,4,14,301.73
11565,2025-12-23,690,86,2,18,310.57
11566,2025-12-31,347,21,6,21,466.43
11567,2025-01-29,330,41,2,2,824.27
11568,2025-06-17,556,21,1,9,404.38
11569,2025-01-02,542,13,7,5,211.63
11570,2025-08-09,152,6,5,12,365.09
11571,2025-07-14,3,52,4,19,894.13
11572,2025-11-25,561,83,7,24,798.48
11573,2025-11-04,107,53,4,19,275.41
11574,2025-08-12,732,118,2,18,1162.53
11575,2025-07-27,499,68,7,14,1043.39
11576,2025-12-18,457,23,4,20,1137.18
11577,2025-11-15,310,69,5,23,662.18
11578,2025-11-03,789,69,4,12,443.66
11579,2025-05-27,528,65,7,4,690.98
11580,2025-04-22,531,88,8,7,909.51
11581,2025-01-28,472,13,7,15,235.25
11582,2025-12-28,365,73,2,14,745.54
11583,2025-12-20,140,101,4,12,234.32
11584,2025-03-26,431,114,2,6,360.62
11585,2025-08-09,629,84,8,11,285.56
11586,2025-10-13,292,32,8,2,965.36
11587,2025-11-12,318,110,8,6,674.9
11588,2025-07-25,587,106,1,23,997.77
11589,2025-12-24,159,76,6,6,1207.77
11590,2025-03-05,33,75,2,11,195.18
11591,2025-07-09,602,69,7,3,428.31
11592,2025-07-12,106,107,6,12,468.33
11593,2025-02-16,730,11,4,24,891.1
11594,2025-12-11,314,115,8,17,520.8
11595,2025-06-07,720,84,7,13,428.31
11596,2025-02-25,32,103,6,17,399.24
11597,2025-11-01,35,61,4,15,891.63
11598,2025-01-25,35,24,3,10,677.33
11599,2025-09-20,504,22,8,16,151.81
11600,2025-04-04,219,60,7,6,125.49
11601,2025-10-14,695,67,2,25,758.52
11602,2025-02-13,317,83,7,10,1011.04
11603,2025-12-26,409,119,3,10,469.91
11604,2025-01-10,738,90,5,5,153.93
11605,2025-07-07,449,55,3,12,886.24
11606,2025-08-21,90,58,7,18,159.06
11607,2025-02-12,190,18,7,14,453.92
11608,2025-10-27,243,39,3,21,188.33
11609,2025-10-28,460,101,8,17,289.08
11610,2025-04-24,163,10,6,6,546.09
11611,2025-11-03,592,27,5,3,453.82
11612,2025-04-06,263,49,6,14,401.73
11613,2025-07-24,170,56,5,22,661.68
11614,2025-04-08,698,1,8,15,846.17
11615,2025-02-03,440,17,2,3,617.49
11616,2025-03-24,718,118,5,4,1115.94
11617,2025-02-12,567,46,5,24,322.84
11618,2025-10-23,757,21,7,7,442.72
11619,2025-07-04,52,25,1,10,632.25
11620,2025-04-26,287,111,6,5,262.58
11621,2025-09-02,337,19,2,19,562.81
11622,2025-08-20,767,22,7,11,126.74
11623,2025-09-26,486,48,7,12,245.68
11624,2025-12-19,233,40,1,24,379.95
11625,2025-04-20,399,11,1,17,887.68
11626,2025-06-21,17,18,8,6,533.36
11627,2025-03-03,394,14,2,10,146.89
11628,2025-04-19,564,27,7,8,356.22
11629,2025-08-23,227,9,7,16,951.46
11630,2025-07-08,473,46,8,19,496.52
11631,2025-02-01,601,89,6,16,61.54
11632,2025-08-05,298,85,6,15,252.65
11633,2025-02-25,742,98,8,12,358.37
11634,2025-10-11,217,30,7,14,527.53
11635,2025-06-09,153,3,3,11,45.9
11636,2025-04-28,432,59,3,18,581.71
11637,2025-08-19,735,57,2,16,723.03
11638,2025-12-13,21,23,6,5,1118.01
11639,2025-01-31,157,56,2,2,655.31
11640,2025-08-22,800,78,2,25,259.76
11641,2025-05-13,484,85,2,21,188.39
11642,2025-10-01,665,69,1,1,554.96
11643,2025-03-04,488,31,1,21,667.45
11644,2025-05-05,565,109,1,13,72.36
11645,2025-03-27,800,92,2,12,596.15
11646,2025-11-15,640,105,2,12,244.76
11647,2025-02-03,437,13,2,16,257.42
11648,2025-07-10,438,114,2,9,269.1
11649,2025-04-23,42,96,3,23,737.12
11650,2025-12-01,339,46,1,20,479.63
11651,2025-12-10,565,49,1,2,384.11
11652,2025-08-08,390,98,3,2,239.89
11653,2025-02-13,764,76,1,21,931.72
11654,2025-12-16,277,88,8,18,637.97
11655,2025-01-08,530,79,6,24,387.8
11656,2025-10-14,285,82,6,3,195.94
11657,2025-11-17,24,113,7,12,923.59
11658,2025-11-28,221,1,1,17,871.43
11659,2025-06-12,625,37,3,21,59.86
11660,2025-12-01,384,42,6,20,337.51
11661,2025-11-13,180,64,5,16,217.92
11662,2025-07-16,675,34,2,21,595.45
11663,2025-02-06,88,85,8,14,249.35
11664,2025-03-31,31,112,2,19,164.63
11665,2025-10-21,626,33,2,21,141.46
11666,2025-11-08,509,118,3,2,1197.2
11667,2025-12-09,505,19,2,19,680.59
11668,2025-02-20,294,58,8,8,167.63
11669,2025-04-26,318,30,8,22,634.04
11670,2025-01-11,452,24,1,11,794.3
11671,2025-06-08,207,69,4,17,661.95
11672,2025-01-09,132,98,7,10,366.25
11673,2025-10-06,628,15,6,2,629.57
11674,2025-10-23,762,81,3,3,811.52
11675,2025-05-30,334,47,1,4,762.96
11676,2025-08-16,729,44,5,5,178.11
11677,2025-10-05,390,50,1,15,740.84
11678,2025-01-03,606,108,6,24,108.82
11679,2025-04-17,773,117,2,12,972.46
11680,2025-07-28,370,6,1,7,461.1
11681,2025-06-06,479,10,4,20,694.79
11682,2025-03-22,603,53,6,25,394.54
11683,2025-11-01,645,87,7,9,559.64
11684,2025-02-11,165,51,1,6,685.0
11685,2025-03-29,564,59,2,11,778.4
11686,2025-11-04,494,111,8,7,289.3
11687,2025-11-29,203,1,7,13,583.32
11688,2025-03-29,695,33,1,22,139.24
11689,2025-12-01,687,62,1,24,319.59
11690,2025-07-20,750,24,2,21,740.05
11691,2025-08-21,368,104,4,24,404.23
11692,2025-02-02,489,51,1,24,868.92
11693,2025-06-23,712,68,2,15,999.33
11694,2025-02-04,546,84,4,15,287.49
11695,2025-09-25,297,2,7,22,366.25
11696,2025-05-29,377,6,4,5,467.06
11697,2025-12-14,492,94,3,25,69.86
11698,2025-10-31,575,13,4,22,222.9
11699,2025-10-02,502,23,7,1,1064.14
11700,2025-10-11,107,12,5,11,348.72
11701,2025-10-05,710,14,6,15,128.38
11702,2025-03-01,782,109,7,14,61.33
11703,2025-12-19,528,43,2,25,364.36
11704,2025-04-05,100,41,3,7,956.55
11705,2025-01-19,114,13,6,11,194.44
11706,2025-10-25,88,17,5,6,895.71
11707,2025-08-19,406,88,1,22,608.35
11708,2025-02-12,765,20,2,8,508.51
11709,2025-11-20,274,24,2,9,568.33
11710,2025-10-15,266,68,8,12,1089.29
11711,2025-07-12,682,41,2,15,641.21
11712,2025-02-27,559,37,2,9,65.65
11713,2025-05-11,147,51,1,12,911.4
11714,2025-10-06,238,18,8,2,419.35
11715,2025-04-06,228,88,1,10,782.95
11716,2025-09-20,133,16,5,1,62.97
11717,2025-08-05,74,57,4,16,709.51
11718,2025-02-09,3,38,1,17,193.04
11719,2025-10-12,174,72,5,16,453.04
11720,2025-12-09,730,68,7,19,1159.31
11721,2025-08-05,290,19,5,20,538.44
11722,2025-01-05,59,1,3,20,916.87
11723,2025-07-11,727,56,2,10,494.02
11724,2025-06-25,603,83,7,18,934.72
11725,2025-01-09,255,54,8,6,33.96
11726,2025-11-23,391,117,2,12,990.43
11727,2025-08-03,39,60,3,19,107.89
11728,2025-10-14,281,9,3,22,754.87
11729,2025-09-22,282,49,4,23,427.08
11730,2025-05-16,603,98,5,13,356.7
11731,2025-10-26,73,43,1,12,341.84
11732,2025-09-28,560,47,3,18,847.57
11733,2025-05-12,190,64,3,2,213.54
11734,2025-01-14,783,101,8,6,248.63
11735,2025-06-03,128,31,5,4,639.8
11736,2025-06-01,211,45,6,23,567.74
11737,2025-01-02,428,85,2,11,173.34
11738,2025-02-03,276,36,1,17,312.19
11739,2025-10-28,607,12,7,20,276.57
11740,2025-06-14,568,7,4,17,230.2
11741,2025-01-05,34,90,8,24,132.73
11742,2025-04-22,544,45,7,21,533.24
11743,2025-02-15,184,26,8,19,258.54
11744,2025-04-07,80,96,2,17,908.25
11745,2025-12-28,436,1,6,8,675.83
11746,2025-12-30,441,113,8,4,623.49
11747,2025-04-14,730,113,7,13,790.95
11748,2025-07-28,99,6,5,13,380.69
11749,2025-08-20,549,116,7,23,602.35
11750,2025-01-29,412,72,3,13,309.49
11751,2025-08-21,64,82,1,19,197.11
11752,2025-02-20,294,25,1,17,540.5
11753,2025-02-13,166,82,7,12,204.06
11754,2025-11-20,76,62,8,12,288.95
11755,2025-09-01,46,88,3,22,925.91
11756,2025-04-08,387,59,4,23,721.01
11757,2025-08-26,73,46,3,9,395.91
11758,2025-04-01,193,120,1,18,715.61
11759,2025-04-24,559,31,7,4,672.44
11760,2025-07-26,254,106,6,12,1010.48
11761,2025-01-05,340,26,2,16,300.11
11762,2025-09-08,314,42,2,13,361.72
11763,2025-05-06,602,4,8,21,200.66
11764,2025-06-17,288,42,4,25,408.82
11765,2025-06-06,420,101,6,10,190.74
11766,2025-09-21,714,115,7,17,544.56
11767,2025-01-28,247,20,8,16,462.29
11768,2025-10-15,1,102,8,13,53.39
11769,2025-09-27,669,109,8,19,63.01
11770,2025-11-29,589,98,2,11,230.82
11771,2025-09-18,151,94,7,7,51.51
11772,2025-09-02,578,97,6,23,163.8
11773,2025-07-21,506,105,4,4,219.03
11774,2025-09-03,707,43,5,1,368.66
11775,2025-08-27,351,99,2,24,41.61
11776,2025-11-09,492,115,1,6,559.89
11777,2025-04-20,495,116,4,10,710.86
11778,2025-06-25,29,59,2,16,581.28
11779,2025-06-30,730,23,4,2,1060.91
11780,2025-05-27,36,18,6,25,511.39
11781,2025-01-02,502,25,8,5,475.59
11782,2025-11-12,547,5,4,4,920.54
11783,2025-06-15,554,70,3,22,589.66
11784,2025-09-19,521,59,3,14,562.14
11785,2025-03-16,432,72,7,23,456.36
11786,2025-04-14,91,11,4,21,749.11
11787,2025-11-28,273,23,4,2,1120.24
11788,2025-03-16,97,79,2,2,413.55
11789,2025-08-13,304,86,4,9,272.76
11790,2025-09-29,308,44,7,10,164.25
11791,2025-09-08,699,95,7,10,259.78
11792,2025-10-20,771,86,6,21,250.57
11793,2025-02-13,28,2,5,18,280.06
11794,2025-01-25,595,11,8,20,625.87
11795,2025-09-13,602,109,2,9,69.97
11796,2025-06-02,524,74,6,16,500.71
11797,2025-01-19,629,70,8,14,621.56
11798,2025-02-13,678,37,6,3,55.25
11799,2025-09-21,674,36,5,17,338.51
11800,2025-10-19,487,43,3,10,285.1
11801,2025-02-26,181,75,4,5,153.42
11802,2025-01-08,332,99,6,7,37.27
11803,2025-07-07,380,88,5,14,723.0
11804,2025-07-01,465,81,2,5,629.54
11805,2025-07-08,434,41,8,2,668.09
11806,2025-02-20,57,113,7,2,853.0
11807,2025-03-19,539,1,5,11,862.27
11808,2025-12-14,443,8,3,4,790.75
11809,2025-04-12,259,53,5,9,361.0
11810,2025-08-07,180,68,2,11,1038.43
11811,2025-02-20,103,115,8,12,519.61
11812,2025-11-19,732,91,8,1,974.74
11813,2025-11-07,674,8,7,19,763.08
11814,2025-08-28,327,92,7,22,861.4
11815,2025-11-22,140,73,2,23,576.55
11816,2025-04-30,521,3,2,9,40.73
11817,2025-07-22,649,40,2,25,353.78
11818,2025-05-31,81,34,4,5,467.6
11819,2025-01-22,613,4,5,1,193.12
11820,2025-11-12,652,23,3,22,1138.59
11821,2025-11-05,697,27,2,4,367.2
11822,2025-09-06,411,42,1,10,395.33
11823,2025-06-30,296,16,1,10,65.21
11824,2025-05-21,31,97,8,9,216.87
11825,2025-03-30,530,7,6,5,198.52
11826,2025-11-08,632,69,6,21,635.93
11827,2025-11-26,477,6,3,15,403.81
11828,2025-11-13,315,12,7,24,285.05
11829,2025-04-30,543,53,8,24,356.16
11830,2025-01-12,223,89,1,5,82.42
11831,2025-03-25,145,116,4,22,810.69
11832,2025-10-30,661,87,3,6,425.36
11833,2025-05-03,586,20,3,4,370.66
11834,2025-05-13,76,22,4,24,186.24
11835,2025-12-22,341,64,2,25,168.59
11836,2025-11-11,186,7,4,15,160.39
11837,2025-11-12,514,61,2,15,980.48
11838,2025-11-30,165,71,3,14,584.72
11839,2025-08-03,15,111,6,18,251.11
11840,2025-01-21,24,66,1,24,456.12
11841,2025-12-11,371,110,1,9,797.54
11842,2025-11-06,481,96,2,17,579.52
11843,2025-12-26,786,71,8,12,571.87
11844,2025-05-18,635,23,8,2,818.59
11845,2025-08-03,571,27,8,17,388.43
11846,2025-04-06,736,68,7,18,1025.7
11847,2025-05-10,573,5,8,3,1208.05
11848,2025-04-23,313,99,6,13,44.64
11849,2025-09-11,286,47,4,7,754.52
11850,2025-09-05,630,14,2,20,145.49
11851,2025-09-08,404,32,3,15,889.43
11852,2025-07-28,182,68,2,1,1136.84
11853,2025-06-27,125,68,2,1,1180.56
11854,2025-05-05,143,19,2,6,591.32
11855,2025-08-16,652,100,2,23,254.07
11856,2025-09-29,582,48,5,8,248.57
11857,2025-08-20,52,115,3,16,619.24
11858,2025-08-17,721,79,1,18,352.18
11859,2025-09-03,463,24,5,22,550.22
11860,2025-02-22,457,85,4,21,163.9
11861,2025-03-26,783,93,2,21,692.36
11862,2025-11-11,411,26,3,4,274.62
11863,2025-08-31,85,116,2,9,604.11
11864,2025-09-03,142,62,8,6,284.44
11865,2025-07-03,674,88,1,7,935.12
11866,2025-10-19,492,118,2,15,993.46
11867,2025-10-28,99,45,7,15,618.5
11868,2025-04-21,61,91,1,19,1066.86
11869,2025-10-05,457,4,6,19,198.53
11870,2025-01-03,172,19,8,14,509.87
11871,2025-04-11,795,92,8,6,758.5
11872,2025-04-13,282,81,8,2,597.1
11873,2025-10-19,291,32,7,13,1009.33
11874,2025-09-30,212,6,7,16,311.01
11875,2025-05-17,776,68,1,17,919.74
11876,2025-05-03,136,72,4,4,300.44
11877,2025-05-11,662,33,1,6,165.77
11878,2025-01-21,507,31,4,1,453.64
11879,2025-04-25,198,39,7,11,225.65
11880,2025-06-14,290,11,8,15,737.47
11881,2025-08-11,603,98,1,1,249.32
11882,2025-09-04,202,36,2,13,285.47
11883,2025-08-18,684,44,2,25,196.32
11884,2025-10-07,764,106,6,5,1135.03
11885,2025-12-11,575,36,8,8,310.21
11886,2025-03-09,195,57,1,14,758.17
11887,2025-06-29,266,76,1,23,867.79
11888,2025-11-30,609,85,7,23,258.06
11889,2025-06-06,99,36,2,11,215.98
11890,2025-09-19,468,85,3,9,170.05
11891,2025-06-29,368,79,3,16,297.79
11892,2025-07-18,187,119,7,11,434.56
11893,2025-11-07,540,94,2,16,70.21
11894,2025-12-02,399,7,8,17,200.91
11895,2025-01-17,654,46,7,18,350.82
11896,2025-04-21,463,12,4,8,303.88
11897,2025-01-14,223,47,2,10,908.17
11898,2025-11-28,91,89,1,17,78.17
11899,2025-12-31,240,106,8,5,845.89
11900,2025-05-04,587,74,8,5,579.03
11901,2025-03-21,787,91,8,22,799.47
11902,2025-07-30,656,46,7,12,465.97
11903,2025-11-05,295,102,2,5,50.32
11904,2025-07-25,280,52,4,7,1009.77
11905,2025-01-10,97,95,8,15,260.41
11906,2025-03-03,8,46,2,18,470.41
11907,2025-06-15,436,96,2,12,893.93
11908,2025-03-22,377,97,1,14,182.53
11909,2025-01-03,278,83,3,6,837.7
11910,2025-02-14,194,84,2,17,321.29
11911,2025-11-21,311,19,1,23,582.07
11912,2025-07-16,652,78,5,19,224.04
11913,2025-04-08,73,53,4,23,355.3
11914,2025-07-12,659,100,4,11,262.44
11915,2025-03-27,156,87,6,6,557.4
11916,2025-09-13,609,74,1,16,504.67
11917,2025-01-01,266,27,5,24,412.83
11918,2025-01-02,429,29,2,1,426.99
11919,2025-07-20,329,66,8,21,420.21
11920,2025-12-05,313,76,4,3,889.3
11921,2025-09-23,508,73,3,8,609.38
11922,2025-06-16,610,66,8,7,339.28
11923,2025-01-03,797,41,7,14,912.73
11924,2025-09-24,501,100,2,16,267.61
11925,2025-10-30,694,82,6,10,160.75
11926,2025-05-16,574,27,6,6,448.68
11927,2025-07-16,312,85,6,23,183.82
11928,2025-03-11,220,15,7,24,655.48
11929,2025-11-02,349,5,3,11,853.84
11930,2025-08-09,603,102,5,20,55.63
11931,2025-10-27,531,106,7,13,919.32
11932,2025-04-25,703,79,6,15,364.44
11933,2025-09-08,373,44,2,17,219.74
11934,2025-06-18,295,36,7,6,306.7
11935,2025-11-28,287,82,6,19,164.62
11936,2025-02-24,587,35,6,25,176.08
11937,2025-07-18,529,32,3,21,1031.52
11938,2025-05-22,213,100,4,3,237.75
11939,2025-07-24,159,46,2,15,366.31
11940,2025-04-13,53,98,3,23,276.33
11941,2025-02-16,44,79,2,16,348.62
11942,2025-06-27,604,87,2,16,474.34
11943,2025-10-24,465,11,5,9,682.61
11944,2025-09-29,49,92,5,10,820.21
11945,2025-10-28,179,34,2,13,549.22
11946,2025-08-13,158,90,4,21,99.91
11947,2025-10-19,702,35,3,1,204.46
11948,2025-01-23,311,21,5,16,428.46
11949,2025-11-03,176,66,7,21,388.61
11950,2025-10-24,785,52,2,24,842.2
11951,2025-02-11,705,65,7,12,690.49
11952,2025-12-31,256,10,5,16,767.04
11953,2025-04-25,789,110,2,24,783.48
11954,2025-07-11,711,80,2,23,167.34
11955,2025-10-10,769,61,4,15,966.18
11956,2025-06-27,486,111,1,5,320.91
11957,2025-01-08,226,111,4,2,255.97
11958,2025-07-07,655,106,2,13,784.07
11959,2025-03-20,165,66,8,18,378.33
11960,2025-09-20,712,95,1,9,293.12
11961,2025-01-06,624,95,4,9,281.47
11962,2025-01-22,768,105,5,24,321.7
11963,2025-06-15,257,69,1,14,669.32
11964,2025-04-24,28,11,4,12,648.15
11965,2025-08-25,129,75,2,4,211.83
11966,2025-07-24,675,93,6,22,681.24
11967,2025-11-10,693,94,3,2,69.49
11968,2025-01-24,271,41,4,15,679.98
11969,2025-10-15,501,56,4,24,636.41
11970,2025-02-10,273,91,8,24,1007.57
11971,2025-07-13,296,45,5,17,546.0
11972,2025-08-27,353,32,8,20,845.52
11973,2025-01-30,157,14,4,7,110.87
11974,2025-06-17,482,10,5,6,828.45
11975,2025-04-05,270,23,2,18,1222.61
11976,2025-03-18,9,53,7,11,384.81
11977,2025-01-11,352,105,8,7,312.37
11978,2025-08-18,145,34,5,23,534.57
11979,2025-01-22,162,61,2,8,1019.04
11980,2025-05-22,240,34,2,13,666.26
11981,2025-06-13,283,63,6,17,748.58
11982,2025-01-01,117,99,8,20,46.25
11983,2025-05-31,314,102,2,5,58.87
11984,2025-04-15,268,42,4,5,488.27
11985,2025-04-14,51,92,2,3,900.93
11986,2025-08-01,314,114,4,24,396.0
11987,2025-07-08,277,11,3,2,628.58
11988,2025-05-23,440,69,4,7,507.46
11989,2025-10-29,67,7,8,12,225.5
11990,2025-10-01,617,64,5,22,197.82
11991,2025-05-12,396,1,4,7,687.44
11992,2025-09-08,700,5,7,14,1155.09
11993,2025-01-20,442,68,7,6,1193.16
11994,2025-06-19,124,62,2,14,283.09
11995,2025-07-01,610,75,8,19,225.41
11996,2025-08-30,64,63,5,21,891.48
11997,2025-10-10,288,3,2,14,58.71
11998,2025-10-05,96,98,7,14,294.87
11999,2025-07-23,521,71,6,20,506.49
12000,2025-05-01,280,88,5,6,773.33
12001,2025-10-24,736,48,2,1,212.3
12002,2025-03-08,372,100,5,13,246.49
12003,2025-08-25,437,48,8,1,223.3
12004,2025-07-04,235,21,3,11,452.33
12005,2025-11-04,302,46,3,16,370.97
12006,2025-10-21,358,98,5,12,256.98
12007,2025-12-10,621,49,4,2,372.44
12008,2025-02-08,282,40,1,5,339.99
12009,2025-05-03,723,92,5,13,596.98
12010,2025-04-20,557,73,3,21,554.38
12011,2025-09-02,135,17,8,11,605.4
12012,2025-04-07,199,11,3,5,597.26
12013,2025-08-18,73,41,3,15,805.89
12014,2025-04-05,684,113,2,18,674.94
12015,2025-07-15,714,113,5,6,965.35
12016,2025-05-09,174,113,8,9,896.58
12017,2025-08-19,787,33,6,21,182.84
12018,2025-06-13,663,86,1,17,260.62
12019,2025-01-13,376,66,2,23,377.3
12020,2025-06-04,678,19,1,14,469.42
12021,2025-06-24,460,94,1,5,56.54
12022,2025-11-01,60,79,1,22,327.93
12023,2025-10-09,547,28,7,6,742.66
12024,2025-05-25,465,33,4,23,196.86
12025,2025-04-15,397,64,4,7,238.46
12026,2025-05-27,707,104,2,6,343.55
12027,2025-11-18,665,12,8,22,331.75
12028,2025-07-04,132,15,2,24,789.39
12029,2025-04-21,511,85,2,14,175.2
12030,2025-06-10,539,106,3,11,823.88
12031,2025-10-19,251,104,4,24,374.8
12032,2025-09-28,733,41,8,6,674.38
12033,2025-05-16,212,69,6,23,537.4
12034,2025-06-30,467,66,2,1,440.86
12035,2025-05-23,242,36,2,15,309.23
12036,2025-02-23,690,114,3,12,313.19
12037,2025-08-28,560,25,8,17,419.99
12038,2025-05-05,667,83,8,17,1001.48
12039,2025-03-27,336,8,6,9,1172.57
12040,2025-05-15,277,67,4,9,551.4
12041,2025-06-16,166,18,8,2,462.29
12042,2025-10-14,379,69,6,13,520.03
12043,2025-10-16,645,59,4,2,815.27
12044,2025-08-19,490,79,6,13,289.64
12045,2025-01-07,635,109,1,13,57.65
12046,2025-06-02,362,66,7,18,332.56
12047,2025-11-03,732,9,6,21,709.11
12048,2025-12-30,510,102,6,12,52.64
12049,2025-01-19,582,18,3,15,419.76
12050,2025-02-07,375,2,6,9,384.82
12051,2025-03-01,533,44,3,3,153.58
12052,2025-12-09,398,7,2,17,222.19
12053,2025-05-12,323,17,7,14,882.57
12054,2025-05-21,291,108,4,19,96.18
12055,2025-08-04,629,32,8,6,933.87
12056,2025-01-16,596,57,4,10,955.78
12057,2025-06-04,196,34,7,1,639.71
12058,2025-03-30,226,31,5,2,653.01
12059,2025-09-26,110,88,7,5,872.24
12060,2025-12-11,143,18,8,25,505.23
12061,2025-11-21,181,87,5,16,427.9
12062,2025-03-16,262,91,4,1,1063.32
12063,2025-03-28,157,41,7,4,772.26
12064,2025-02-16,185,22,6,3,168.35
12065,2025-11-20,474,40,5,22,508.2
12066,2025-04-21,96,63,4,7,659.2
12067,2025-01-28,50,74,4,19,661.71
12068,2025-02-01,674,80,7,12,141.21
12069,2025-12-21,341,8,2,15,1188.95
12070,2025-04-24,490,118,6,4,1057.07
12071,2025-10-15,649,83,1,11,740.92
12072,2025-09-21,636,13,6,7,266.91
12073,2025-03-26,376,43,1,1,346.94
12074,2025-10-29,722,44,3,2,170.87
12075,2025-12-27,577,17,4,13,765.94
12076,2025-03-14,342,95,7,21,255.2
12077,2025-10-29,442,105,2,17,285.38
12078,2025-09-15,214,72,2,13,362.9
12079,2025-11-22,447,102,5,12,71.39
12080,2025-02-10,423,70,7,10,646.18
12081,2025-12-19,521,71,5,23,598.15
12082,2025-02-20,796,56,1,6,471.4
12083,2025-12-26,170,22,7,15,188.76
12084,2025-10-08,714,98,3,5,295.2
12085,2025-04-16,598,76,2,10,947.9
12086,2025-01-02,328,1,6,18,687.98
12087,2025-03-20,315,21,6,12,378.47
12088,2025-01-09,265,57,1,18,897.83
12089,2025-02-24,236,60,2,2,91.75
12090,2025-06-15,227,57,2,8,940.85
12091,2025-10-14,598,112,3,16,129.53
12092,2025-11-29,55,44,2,3,164.65
12093,2025-10-10,490,2,7,10,410.26
12094,2025-09-08,683,42,2,9,487.6
12095,2025-01-18,196,102,2,19,53.7
12096,2025-10-16,375,78,4,15,273.98
12097,2025-04-06,252,119,6,24,446.28
12098,2025-07-30,312,62,8,12,303.9
12099,2025-09-13,268,63,5,14,927.96
12100,2025-04-25,742,72,1,23,476.27
12101,2025-12-19,290,32,2,14,898.63
12102,2025-09-21,143,44,7,6,151.02
12103,2025-02-27,284,111,7,18,350.56
12104,2025-08-12,338,100,5,7,218.77
12105,2025-02-20,620,88,4,19,813.26
12106,2025-01-24,607,76,5,16,878.96
12107,2025-09-10,283,48,7,12,286.0
12108,2025-01-13,139,57,3,8,769.63
12109,2025-06-15,381,99,3,25,42.84
12110,2025-05-03,771,1,3,3,908.82
12111,2025-09-16,692,49,1,16,337.63
12112,2025-02-05,366,12,6,3,293.26
12113,2025-03-11,654,7,5,7,197.12
12114,2025-08-17,786,12,1,3,432.68
12115,2025-09-01,378,93,2,15,693.36
12116,2025-06-23,247,11,6,5,646.55
12117,2025-12-01,661,61,3,12,863.86
12118,2025-02-09,578,45,5,17,433.31
12119,2025-12-12,345,110,7,3,596.52
12120,2025-01-26,85,72,8,15,403.1
12121,2025-05-17,388,42,6,21,451.57
12122,2025-01-11,317,86,4,6,327.4
12123,2025-03-16,556,3,2,25,53.97
12124,2025-04-06,335,35,1,8,201.46
12125,2025-01-05,36,106,1,21,842.92
12126,2025-09-20,594,63,4,22,804.56
12127,2025-07-30,772,95,2,7,299.94
12128,2025-10-28,321,40,2,23,527.19
12129,2025-09-18,34,86,5,6,225.79
12130,2025-12-13,656,110,2,15,650.53
12131,2025-07-09,620,28,5,18,538.12
12132,2025-04-09,228,32,1,19,797.83
12133,2025-06-04,651,43,4,10,250.71
12134,2025-07-04,157,79,5,3,293.58
12135,2025-09-09,149,66,6,7,421.27
12136,2025-03-30,187,4,4,21,236.04
12137,2025-01-06,88,1,5,15,610.68
12138,2025-12-17,697,118,2,20,1078.0
12139,2025-04-30,131,103,4,22,404.47
12140,2025-01-20,299,118,5,6,1009.0
12141,2025-06-28,258,43,8,5,315.96
12142,2025-08-03,723,61,8,19,950.83
12143,2025-04-03,578,45,6,13,659.1
12144,2025-07-07,709,106,4,5,1033.88
12145,2025-05-08,58,63,1,23,769.32
12146,2025-03-05,62,43,4,12,263.4
12147,2025-06-18,197,24,1,15,564.16
12148,2025-03-10,508,71,2,21,521.95
12149,2025-10-13,76,110,8,18,664.07
12150,2025-09-03,791,91,2,17,1092.65
12151,2025-08-04,111,116,5,1,872.42
12152,2025-12-30,142,21,7,15,494.59
12153,2025-08-13,800,76,5,10,985.78
12154,2025-02-07,305,85,3,7,199.41
12155,2025-12-24,62,116,6,21,888.47
12156,2025-12-30,443,98,6,3,271.66
12157,2025-01-25,435,59,5,20,646.99
12158,2025-10-29,716,74,1,19,667.92
12159,2025-08-19,387,49,4,19,420.52
12160,2025-09-20,543,20,2,21,492.96
12161,2025-07-02,271,52,8,14,748.08
12162,2025-06-07,415,59,7,18,610.02
12163,2025-09-15,171,16,7,16,59.01
12164,2025-04-02,11,97,6,5,155.38
12165,2025-07-20,136,66,2,15,342.21
12166,2025-01-04,161,80,3,6,164.64
12167,2025-12-19,599,7,6,11,217.36
12168,2025-02-08,718,49,4,10,505.99
12169,2025-01-26,519,106,2,4,808.49
12170,2025-12-13,565,91,6,6,881.72
12171,2025-09-15,722,4,8,1,213.51
12172,2025-01-17,159,60,8,21,125.11
12173,2025-11-29,65,107,7,19,426.67
12174,2025-04-16,478,71,3,24,504.42
12175,2025-07-03,554,89,2,4,75.86
12176,2025-08-29,570,88,4,17,819.59
12177,2025-07-15,598,72,1,20,345.17
12178,2025-07-01,66,10,1,19,677.49
12179,2025-02-28,718,117,7,16,650.51
12180,2025-11-04,213,90,2,5,124.82
12181,2025-02-19,52,71,7,21,611.88
12182,2025-08-15,483,42,2,22,345.64
12183,2025-04-25,275,51,7,20,982.01
12184,2025-03-31,446,45,2,17,553.96
12185,2025-02-21,448,4,8,16,202.5
12186,2025-12-14,148,84,5,15,415.0
12187,2025-10-31,227,20,7,2,343.2
12188,2025-10-04,504,35,3,24,167.32
12189,2025-01-13,324,34,2,5,668.12
12190,2025-03-08,355,23,2,25,937.97
12191,2025-12-03,71,117,8,2,806.43
12192,2025-07-24,48,120,7,18,740.96
12193,2025-11-20,286,9,7,21,823.8
12194,2025-10-14,15,103,6,23,546.2
12195,2025-08-27,265,108,1,18,70.68
12196,2025-12-31,177,83,7,19,980.29
12197,2025-12-02,743,31,4,15,442.96
12198,2025-05-21,159,83,1,14,741.65
12199,2025-06-22,746,29,1,22,310.46
12200,2025-06-27,700,79,6,23,282.17
12201,2025-11-24,301,119,2,9,509.28
12202,2025-08-24,58,43,3,4,317.35
12203,2025-05-31,377,104,8,25,288.9
12204,2025-04-06,276,93,1,16,829.03
12205,2025-12-13,687,77,3,14,102.37
12206,2025-04-04,464,59,4,8,796.46
12207,2025-04-23,91,61,8,25,1088.07
12208,2025-11-19,245,2,4,16,423.91
12209,2025-03-13,520,16,8,10,45.92
12210,2025-06-17,44,37,5,14,59.75
12211,2025-02-27,410,99,4,22,31.48
12212,2025-11-30,444,86,7,15,340.17
12213,2025-07-22,675,68,3,19,981.51
12214,2025-04-15,525,53,5,24,393.15
12215,2025-01-24,270,55,6,20,982.93
12216,2025-10-02,570,36,3,18,315.69
12217,2025-05-01,150,76,4,12,880.91
12218,2025-07-18,349,81,6,20,805.11
12219,2025-11-23,79,113,5,12,667.68
12220,2025-02-19,450,29,4,8,289.83
12221,2025-01-21,490,94,4,23,64.32
12222,2025-12-30,167,4,5,25,254.55
12223,2025-12-03,716,119,6,9,492.18
12224,2025-08-09,304,79,7,11,396.98
12225,2025-07-05,234,5,7,5,929.88
12226,2025-02-25,168,79,2,19,362.4
12227,2025-10-10,47,4,6,17,243.43
12228,2025-06-24,758,33,5,12,208.17
12229,2025-04-26,87,94,3,4,45.59
12230,2025-08-26,225,4,6,15,257.4
12231,2025-08-31,370,97,3,19,165.58
12232,2025-08-03,451,82,8,10,187.87
12233,2025-10-25,627,43,2,23,309.06
12234,2025-02-28,434,78,7,23,257.96
12235,2025-12-24,688,60,7,6,105.57
12236,2025-01-04,704,90,5,8,117.58
12237,2025-05-12,59,35,8,20,198.96
12238,2025-07-02,740,72,8,19,298.46
12239,2025-05-23,78,14,5,8,138.69
12240,2025-05-10,269,53,2,10,353.41
12241,2025-11-03,37,90,5,12,144.71
12242,2025-09-16,218,16,8,13,58.78
12243,2025-01-13,36,87,6,6,373.54
12244,2025-12-31,705,10,3,3,695.2
12245,2025-04-12,535,111,6,20,267.59
12246,2025-06-14,230,107,5,17,381.6
12247,2025-01-13,719,108,2,2,97.35
12248,2025-09-01,388,12,6,19,407.82
12249,2025-07-24,701,56,2,9,579.15
12250,2025-03-04,43,103,2,2,361.84
12251,2025-07-09,134,4,8,17,209.05
12252,2025-08-25,356,79,4,9,320.05
12253,2025-02-16,255,52,1,20,1069.69
12254,2025-02-11,728,18,6,7,466.53
12255,2025-01-27,591,20,4,10,505.09
12256,2025-03-31,274,83,7,1,1000.73
12257,2025-11-06,791,51,1,25,1002.69
12258,2025-01-01,3,20,8,24,429.85
12259,2025-04-24,55,40,7,25,453.69
12260,2025-04-14,8,8,3,19,817.01
12261,2025-04-25,668,53,6,5,281.79
12262,2025-11-30,596,118,4,15,976.45
12263,2025-09-28,303,76,8,24,844.57
12264,2025-12-25,796,114,1,12,358.63
12265,2025-04-17,402,92,2,9,793.19
12266,2025-04-02,765,79,7,6,395.03
12267,2025-05-20,778,26,7,6,284.64
12268,2025-09-11,218,21,4,22,370.42
12269,2025-05-17,541,116,1,6,878.27
12270,2025-10-01,270,63,6,4,820.32
12271,2025-07-18,583,11,7,13,626.83
12272,2025-06-07,74,1,7,3,753.23
12273,2025-09-12,781,55,2,2,690.14
12274,2025-04-07,258,54,2,21,50.3
12275,2025-09-06,61,6,6,17,442.33
12276,2025-05-25,40,17,4,10,787.91
12277,2025-01-03,605,113,5,18,949.76
12278,2025-12-26,245,40,3,3,515.86
12279,2025-11-12,777,23,6,6,878.93
12280,2025-09-15,612,90,2,16,147.12
12281,2025-08-12,768,32,2,6,974.85
12282,2025-01-25,99,51,6,13,933.27
12283,2025-07-29,209,54,8,19,41.07
12284,2025-08-12,32,56,5,4,556.41
12285,2025-02-26,475,82,6,24,162.35
12286,2025-11-24,658,29,4,6,371.85
12287,2025-02-12,692,34,4,13,645.52
12288,2025-01-07,347,54,3,19,41.23
12289,2025-02-28,442,80,4,19,134.62
12290,2025-04-28,582,77,3,14,92.86
12291,2025-08-21,342,90,8,5,136.97
12292,2025-11-26,27,8,6,5,765.26
12293,2025-07-24,128,68,4,20,1021.39
12294,2025-04-25,222,71,7,6,564.35
12295,2025-01-25,690,116,1,19,781.27
12296,2025-03-17,162,68,8,16,1218.09
12297,2025-08-23,441,43,2,17,254.25
12298,2025-05-24,532,34,4,22,551.44
12299,2025-11-29,22,60,2,16,123.74
12300,2025-02-07,12,37,4,13,73.34
12301,2025-07-28,134,2,2,4,393.09
12302,2025-10-07,686,39,4,16,186.31
12303,2025-09-25,623,35,2,5,202.76
12304,2025-07-11,299,46,4,7,340.35
12305,2025-09-01,671,38,2,16,130.18
12306,2025-10-23,135,33,8,8,149.25
12307,2025-05-08,688,19,3,11,549.83
12308,2025-05-05,3,38,3,15,155.65
12309,2025-08-22,130,27,7,19,427.74
12310,2025-04-11,167,59,8,21,642.53
12311,2025-05-12,784,118,1,14,1053.68
12312,2025-07-13,228,73,8,22,642.29
12313,2025-01-15,246,9,4,17,1040.79
12314,2025-09-18,218,27,8,4,441.72
12315,2025-03-24,123,16,5,3,50.33
12316,2025-11-17,333,66,5,3,466.32
12317,2025-06-13,788,91,3,15,986.2
12318,2025-03-08,598,108,5,15,78.37
12319,2025-09-04,695,76,6,22,1168.59
12320,2025-12-18,83,20,6,21,421.76
12321,2025-06-04,243,57,6,25,923.8
12322,2025-03-24,473,54,2,12,38.72
12323,2025-10-22,516,34,3,1,686.1
12324,2025-01-24,628,29,2,17,440.65
12325,2025-03-19,540,36,6,1,287.96
12326,2025-02-12,213,103,5,14,365.87
12327,2025-06-07,68,119,2,19,580.8
12328,2025-10-28,746,16,5,24,55.66
12329,2025-04-19,463,82,4,13,139.89
12330,2025-04-30,379,82,5,24,176.72
12331,2025-12-02,725,81,6,25,761.24
12332,2025-09-23,385,22,4,17,166.23
12333,2025-02-17,112,58,6,10,169.65
12334,2025-11-29,167,58,8,20,133.42
12335,2025-10-04,586,28,6,20,804.11
12336,2025-07-25,683,84,1,8,356.54
12337,2025-03-23,210,57,2,15,607.46
12338,2025-01-29,327,65,6,22,790.41
12339,2025-04-09,734,7,1,1,229.97
12340,2025-10-01,210,87,2,9,526.54
12341,2025-01-30,457,117,6,21,965.33
12342,2025-06-01,448,51,6,25,1059.0
12343,2025-01-19,726,62,7,19,255.91
12344,2025-05-07,696,82,6,18,139.56
12345,2025-11-12,593,112,4,5,134.21
12346,2025-09-06,228,25,8,1,662.62
12347,2025-01-07,791,54,3,20,36.94
12348,2025-03-16,634,33,8,2,144.08
12349,2025-08-31,388,60,5,9,117.46
12350,2025-07-24,727,118,4,8,943.02
12351,2025-09-07,581,44,7,10,209.31
12352,2025-08-15,110,86,6,24,320.91
12353,2025-04-05,299,5,2,15,787.14
12354,2025-07-01,739,13,6,3,273.48
12355,2025-09-27,474,12,4,2,379.76
12356,2025-05-16,342,89,6,25,83.82
12357,2025-07-13,493,31,5,18,601.04
12358,2025-07-23,296,93,5,6,617.78
12359,2025-03-24,279,76,8,10,1001.16
12360,2025-05-11,556,101,8,17,231.4
12361,2025-04-01,653,119,2,3,520.9
12362,2025-02-07,625,82,1,3,203.21
12363,2025-06-18,798,9,5,21,848.56
12364,2025-12-25,430,51,4,7,882.79
12365,2025-05-02,334,89,3,18,70.93
12366,2025-03-24,214,11,8,7,910.12
12367,2025-12-15,331,88,7,8,790.47
12368,2025-10-11,155,87,4,17,557.24
12369,2025-04-22,40,9,5,14,843.61
12370,2025-06-11,319,105,3,24,339.08
12371,2025-04-06,128,94,1,4,49.78
12372,2025-01-05,371,52,4,19,786.04
12373,2025-07-11,734,100,5,1,248.14
12374,2025-10-22,128,104,4,3,311.11
12375,2025-04-07,752,92,5,21,596.12
12376,2025-12-30,462,28,1,19,776.6
12377,2025-09-11,414,60,1,17,121.71
12378,2025-09-25,504,116,4,21,811.18
12379,2025-04-05,405,70,1,16,619.75
12380,2025-06-07,630,94,6,3,46.06
12381,2025-09-25,783,14,5,14,103.87
12382,2025-06-20,469,4,2,14,241.31
12383,2025-08-04,117,19,7,23,466.44
12384,2025-08-14,713,5,8,12,797.0
12385,2025-10-18,47,112,8,16,122.49
12386,2025-09-24,513,32,6,2,857.09
12387,2025-01-30,179,59,3,24,774.96
12388,2025-07-30,23,29,8,10,344.43
12389,2025-09-21,415,88,3,23,612.34
12390,2025-10-06,68,97,8,2,150.27
12391,2025-08-11,555,25,6,13,608.04
12392,2025-04-01,13,95,1,5,251.65
12393,2025-05-10,348,57,3,4,874.17
12394,2025-10-11,176,98,7,20,286.77
12395,2025-03-01,110,91,7,19,1016.04
12396,2025-11-29,538,76,5,13,1222.58
12397,2025-03-26,24,38,8,21,186.16
12398,2025-01-10,93,3,3,15,40.19
12399,2025-10-02,181,104,2,5,309.67
12400,2025-06-12,180,66,3,5,466.85
12401,2025-07-20,336,71,7,18,464.74
12402,2025-07-24,2,77,5,9,126.21
12403,2025-08-30,668,35,8,14,161.63
12404,2025-10-14,661,63,8,13,671.15
12405,2025-06-09,750,5,8,13,1092.11
12406,2025-06-09,493,16,7,12,59.12
12407,2025-04-19,331,16,3,16,53.15
12408,2025-12-09,151,25,3,6,589.22
12409,2025-09-25,592,39,5,18,191.41
12410,2025-07-12,109,17,4,3,611.1
12411,2025-06-07,499,71,3,12,421.51
12412,2025-03-05,644,90,7,8,135.29
12413,2025-12-01,705,18,4,1,606.02
12414,2025-01-17,40,96,8,14,687.13
12415,2025-03-26,65,104,8,10,359.86
12416,2025-05-28,534,39,3,23,199.34
12417,2025-05-10,87,26,8,2,243.79
12418,2025-07-16,204,73,1,19,750.59
12419,2025-04-23,32,22,2,5,185.39
12420,2025-12-20,453,19,1,18,484.17
12421,2025-12-18,482,118,8,16,889.94
12422,2025-01-02,611,54,3,7,49.12
12423,2025-07-14,365,13,7,7,278.49
12424,2025-09-22,758,32,2,21,791.42
12425,2025-08-10,494,105,8,11,248.79
12426,2025-12-12,688,104,4,17,366.77
12427,2025-07-29,80,113,2,23,973.07
12428,2025-05-06,160,35,7,10,151.13
12429,2025-09-12,679,25,8,10,509.18
12430,2025-04-06,465,72,2,7,463.38
12431,2025-08-02,340,81,7,10,656.1
12432,2025-09-17,235,111,5,9,375.51
12433,2025-10-30,381,6,2,4,457.94
12434,2025-06-19,44,51,3,25,1028.77
12435,2025-10-15,73,6,6,25,393.67
12436,2025-10-01,679,99,5,24,32.62
12437,2025-05-19,83,118,7,12,1226.19
12438,2025-10-15,135,57,4,11,808.57
12439,2025-02-04,752,63,5,8,638.16
12440,2025-10-09,765,3,5,20,51.69
12441,2025-02-05,704,89,3,25,60.74
12442,2025-10-14,627,94,3,22,70.52
12443,2025-05-19,178,39,2,3,215.48
12444,2025-05-12,552,103,7,6,428.21
12445,2025-11-11,374,93,5,16,695.03
12446,2025-06-02,663,61,8,12,749.97
12447,2025-12-27,675,110,2,5,824.97
12448,2025-08-29,178,37,1,1,65.76
12449,2025-03-17,517,81,4,4,848.61
12450,2025-07-20,784,17,5,21,672.67
12451,2025-05-02,736,61,2,16,1076.01
12452,2025-03-04,350,74,1,12,499.52
12453,2025-08-16,614,85,1,19,208.9
12454,2025-05-13,475,49,4,12,385.82
12455,2025-04-15,550,49,4,8,537.2
12456,2025-03-04,280,44,1,19,229.7
12457,2025-11-05,18,43,5,5,291.67
12458,2025-03-16,459,25,7,14,436.73
12459,2025-11-14,265,30,5,17,626.0
12460,2025-02-13,90,8,3,23,755.25
12461,2025-10-31,562,90,6,11,149.08
12462,2025-06-18,43,1,8,5,581.02
12463,2025-08-06,225,114,3,8,284.1
12464,2025-05-26,788,90,5,24,156.99
12465,2025-02-08,651,68,7,23,936.37
12466,2025-10-29,361,11,5,20,642.21
12467,2025-04-01,275,68,4,3,1231.67
12468,2025-08-15,96,41,7,23,646.92
12469,2025-01-05,111,23,4,6,1221.28
12470,2025-09-06,525,58,3,4,134.51
12471,2025-05-31,296,89,3,18,53.74
12472,2025-12-11,142,7,1,11,224.07
12473,2025-09-22,382,80,4,3,133.51
12474,2025-06-09,174,51,3,17,768.48
12475,2025-02-07,327,115,5,2,714.33
12476,2025-10-09,19,83,1,23,878.42
12477,2025-10-22,399,97,7,23,197.81
12478,2025-08-27,556,114,2,10,325.79
12479,2025-09-17,288,24,7,20,780.07
12480,2025-11-09,552,65,2,13,672.88
12481,2025-01-27,232,22,5,24,123.82
12482,2025-03-09,661,79,6,20,284.7
12483,2025-09-30,800,26,5,24,222.65
12484,2025-02-20,648,72,3,25,414.89
12485,2025-07-31,726,53,5,14,300.68
12486,2025-03-14,469,93,6,12,840.58
12487,2025-04-03,278,19,6,22,631.46
12488,2025-08-28,186,30,6,2,600.02
12489,2025-03-31,596,10,5,18,534.29
12490,2025-07-05,551,5,1,17,1137.7
12491,2025-09-12,567,82,8,24,145.39
12492,2025-06-23,714,55,5,19,781.97
12493,2025-09-03,690,83,8,12,647.68
12494,2025-03-22,371,118,2,21,952.19
12495,2025-05-10,404,101,2,11,263.62
12496,2025-10-06,712,66,2,2,493.08
12497,2025-10-07,542,49,5,22,385.94
12498,2025-06-22,410,71,3,16,405.21
12499,2025-11-24,407,61,7,18,726.24
12500,2025-07-10,29,97,8,16,137.64
12501,2025-07-07,747,46,1,10,423.22
12502,2025-10-25,329,89,2,11,54.64
12503,2025-01-16,239,42,2,18,323.8
12504,2025-01-07,216,95,6,23,275.41
12505,2025-09-18,345,36,3,3,302.02
12506,2025-06-26,745,50,6,5,1022.39
12507,2025-01-22,255,7,3,12,193.66
12508,2025-09-12,215,104,5,15,377.8
12509,2025-05-01,59,96,5,23,655.35
12510,2025-09-04,210,38,1,7,181.49
12511,2025-02-26,377,111,8,4,341.41
12512,2025-05-04,146,9,6,1,813.97
12513,2025-09-22,515,50,1,3,979.53
12514,2025-01-15,590,24,5,1,638.47
12515,2025-05-31,444,76,7,13,1011.6
12516,2025-05-12,632,100,2,7,253.24
12517,2025-07-01,479,59,7,10,614.95
12518,2025-12-09,368,83,2,13,710.68
12519,2025-12-27,78,38,2,6,186.74
12520,2025-03-17,461,38,1,14,152.51
12521,2025-02-03,362,64,1,15,237.43
12522,2025-07-07,738,100,3,15,207.93
12523,2025-11-20,469,10,6,16,679.73
12524,2025-06-21,51,5,5,22,1126.29
12525,2025-05-04,413,70,3,9,828.57
12526,2025-05-04,433,64,1,2,218.07
12527,2025-08-19,184,4,1,15,245.35
12528,2025-10-27,271,13,8,8,194.77
12529,2025-09-14,790,119,3,6,431.54
12530,2025-02-02,226,38,7,5,177.71
12531,2025-08-10,416,65,3,10,1022.13
12532,2025-09-19,358,16,5,5,63.94
12533,2025-02-05,572,118,8,22,788.13
12534,2025-09-24,766,72,3,19,428.19
12535,2025-01-07,574,46,7,3,350.44
12536,2025-06-24,198,58,4,21,197.98
12537,2025-04-10,150,99,2,3,45.42
12538,2025-07-27,513,75,5,24,225.76
12539,2025-04-14,156,11,4,8,699.83
12540,2025-11-28,630,81,3,3,653.28
12541,2025-01-07,378,63,3,21,636.66
12542,2025-04-25,673,25,6,15,630.92
12543,2025-07-31,620,42,2,8,346.85
12544,2025-04-27,293,21,2,12,390.17
12545,2025-09-26,40,59,8,25,645.34
12546,2025-02-27,392,53,3,9,303.42
12547,2025-09-05,679,63,6,12,798.48
12548,2025-02-25,362,38,1,16,163.78
12549,2025-07-14,66,79,7,5,295.09
12550,2025-07-21,380,56,7,12,620.13
12551,2025-08-26,292,92,3,20,667.81
12552,2025-05-14,783,80,2,20,138.93
12553,2025-08-15,710,114,8,13,367.94
12554,2025-07-15,737,43,5,24,363.29
12555,2025-01-08,797,49,4,14,518.39
12556,2025-02-10,612,77,3,18,139.43
12557,2025-01-20,701,77,4,6,136.68
12558,2025-04-01,733,108,6,19,96.04
12559,2025-07-21,494,1,7,11,667.38
12560,2025-06-15,634,11,4,25,607.22
12561,2025-10-10,166,89,4,9,65.88
12562,2025-11-16,408,93,8,18,728.1
12563,2025-09-26,132,101,8,16,236.16
12564,2025-04-14,456,75,4,3,158.74
12565,2025-02-26,250,2,3,11,286.29
12566,2025-12-22,138,58,4,16,141.09
12567,2025-05-28,502,48,4,23,190.47
12568,2025-10-17,110,88,4,17,628.08
12569,2025-09-14,161,72,6,10,329.22
12570,2025-12-05,453,31,5,12,589.75
12571,2025-12-18,596,40,8,21,483.69
12572,2025-01-12,289,68,3,3,1040.51
12573,2025-06-20,765,18,2,17,553.49
12574,2025-09-24,334,98,4,20,240.22
12575,2025-12-17,674,35,1,19,193.07
12576,2025-01-30,578,60,8,7,104.24
12577,2025-05-05,191,100,7,19,297.57
12578,2025-04-29,297,93,6,23,705.38
12579,2025-06-24,387,69,7,12,531.23
12580,2025-07-24,168,87,4,17,428.84
12581,2025-09-06,764,116,2,12,596.63
12582,2025-11-03,524,109,7,21,49.34
12583,2025-10-29,556,57,6,16,729.3
12584,2025-08-08,453,72,6,3,393.94
12585,2025-04-05,504,61,7,11,1117.23
12586,2025-04-24,368,48,5,10,216.28
12587,2025-08-10,516,115,3,1,649.88
12588,2025-04-24,153,106,3,10,1079.86
12589,2025-09-09,214,27,4,24,361.93
12590,2025-11-15,305,75,1,18,204.57
12591,2025-06-09,24,39,5,9,206.46
12592,2025-07-02,445,39,8,22,194.29
12593,2025-04-16,743,47,5,11,735.94
12594,2025-07-29,225,42,2,9,452.37
12595,2025-04-02,671,23,8,6,1073.03
12596,2025-12-10,171,77,7,25,109.31
12597,2025-09-20,87,112,6,4,143.53
12598,2025-12-26,397,112,6,19,127.78
12599,2025-06-29,233,41,1,8,628.17
12600,2025-10-15,478,73,5,18,733.87
12601,2025-11-10,341,112,2,23,145.23
12602,2025-08-27,714,25,6,10,632.75
12603,2025-12-17,478,58,3,4,165.82
12604,2025-01-11,670,74,3,5,651.3
12605,2025-07-21,169,43,7,9,256.71
12606,2025-03-07,703,31,8,22,660.26
12607,2025-04-23,71,5,2,17,916.46
12608,2025-01-27,173,95,7,14,301.2
12609,2025-02-12,606,61,8,25,1098.58
12610,2025-03-13,500,21,7,14,425.45
12611,2025-02-03,662,89,4,8,52.01
12612,2025-06-12,162,77,5,13,128.03
12613,2025-10-22,205,16,4,17,47.71
12614,2025-02-02,94,49,7,1,358.93
12615,2025-07-11,613,50,4,17,983.39
12616,2025-02-10,315,14,8,8,146.73
12617,2025-11-21,585,112,3,8,143.87
12618,2025-05-05,525,91,4,5,800.73
12619,2025-03-30,114,51,8,23,786.81
12620,2025-10-16,348,8,3,25,1070.34
12621,2025-11-25,166,66,4,5,337.27
12622,2025-07-19,771,100,4,22,278.79
12623,2025-07-20,91,15,7,1,665.76
12624,2025-02-14,262,8,3,13,1088.47
12625,2025-01-31,540,55,2,19,780.49
12626,2025-06-27,94,85,2,3,231.3
12627,2025-08-22,130,118,5,6,944.36
12628,2025-06-04,490,103,8,23,504.09
12629,2025-02-06,565,86,5,23,241.55
12630,2025-12-23,223,53,7,2,297.22
12631,2025-05-09,376,116,2,4,721.2
12632,2025-02-22,313,32,7,17,1009.85
12633,2025-03-11,387,29,2,4,334.3
12634,2025-03-10,600,117,8,4,910.06
12635,2025-01-02,136,46,8,4,358.69
12636,2025-04-12,304,68,4,18,1230.99
12637,2025-09-12,81,73,5,13,654.4
12638,2025-05-13,116,30,5,5,595.5
12639,2025-01-15,295,86,2,11,266.37
12640,2025-09-06,744,85,8,1,256.02
12641,2025-09-30,146,6,2,10,469.85
12642,2025-05-20,734,106,4,13,1170.43
12643,2025-09-07,618,1,1,1,807.95
12644,2025-01-11,240,112,8,5,120.86
12645,2025-07-24,572,95,4,15,261.51
12646,2025-06-06,128,74,4,13,500.28
12647,2025-11-16,238,10,5,20,746.05
12648,2025-04-12,288,41,4,2,898.82
12649,2025-02-26,461,58,2,9,187.86
12650,2025-02-28,242,75,3,22,227.11
12651,2025-11-26,126,2,3,10,295.27
12652,2025-11-27,606,51,7,16,762.41
12653,2025-01-27,722,61,3,9,889.18
12654,2025-11-12,371,7,2,21,217.61
12655,2025-03-13,588,17,6,6,717.12
12656,2025-07-31,437,113,2,7,789.32
12657,2025-12-06,36,100,8,22,275.32
12658,2025-10-07,419,59,1,6,721.64
12659,2025-04-13,322,19,7,14,461.86
12660,2025-07-29,616,103,2,3,461.9
12661,2025-10-18,572,64,1,10,161.13
12662,2025-09-27,203,43,6,15,272.77
12663,2025-08-13,291,61,4,10,977.76
12664,2025-09-09,627,105,7,3,267.43
12665,2025-08-25,771,67,2,22,568.76
12666,2025-01-08,377,106,4,12,1202.81
12667,2025-04-07,261,92,7,23,619.22
12668,2025-03-21,187,117,6,12,920.4
12669,2025-05-22,529,37,5,23,72.39
12670,2025-01-10,477,56,6,22,572.57
12671,2025-06-10,158,43,3,8,264.32
12672,2025-02-13,509,15,2,10,780.56
12673,2025-09-11,598,2,2,3,289.68
12674,2025-11-19,324,44,3,25,161.24
12675,2025-04-08,125,74,2,3,640.05
12676,2025-08-20,792,9,6,19,956.23
12677,2025-01-24,506,120,7,25,751.91
12678,2025-10-09,393,43,8,20,309.37
12679,2025-02-05,188,8,8,17,954.82
12680,2025-11-29,288,29,2,25,329.88
12681,2025-06-28,706,68,8,12,939.99
12682,2025-04-04,589,102,2,1,55.05
12683,2025-10-09,273,18,4,23,527.29
12684,2025-08-02,618,70,4,19,633.58
12685,2025-10-03,63,8,4,3,1103.77
12686,2025-06-27,132,93,8,25,740.41
12687,2025-11-06,76,29,4,9,333.94
12688,2025-07-27,789,103,5,4,507.76
12689,2025-05-01,191,108,5,9,102.67
12690,2025-04-25,32,45,5,6,439.93
12691,2025-12-21,596,62,2,24,348.03
12692,2025-06-22,142,87,1,12,469.88
12693,2025-03-25,705,82,1,10,188.78
12694,2025-05-03,611,96,1,6,592.11
12695,2025-09-03,471,10,6,9,648.26
12696,2025-06-22,636,14,2,10,151.08
12697,2025-03-07,668,81,6,24,714.63
12698,2025-05-25,11,35,2,8,183.4
12699,2025-05-03,282,78,4,11,196.04
12700,2025-04-05,678,119,1,1,422.36
12701,2025-03-13,518,89,5,17,55.6
12702,2025-09-12,577,105,2,1,225.81
12703,2025-10-28,297,57,5,21,935.13
12704,2025-08-18,220,81,3,19,810.68
12705,2025-01-18,41,59,3,6,659.53
12706,2025-08-20,588,77,1,11,142.66
12707,2025-04-12,587,15,6,17,613.48
12708,2025-06-13,696,47,1,3,939.06
12709,2025-12-03,385,71,4,12,492.29
12710,2025-02-28,392,56,3,21,641.91
12711,2025-03-16,612,92,4,10,890.22
12712,2025-08-31,151,74,6,18,472.17
12713,2025-02-08,651,69,6,6,519.75
12714,2025-07-13,396,64,7,24,160.32
12715,2025-01-28,748,117,3,19,859.3
12716,2025-11-25,798,116,8,11,582.23
12717,2025-08-18,193,3,1,23,40.7
12718,2025-07-25,702,32,7,1,1061.02
12719,2025-06-04,102,110,5,11,680.65
12720,2025-03-04,174,93,4,9,687.95
12721,2025-10-23,537,76,8,4,1206.41
12722,2025-07-31,706,56,6,19,533.19
12723,2025-04-26,341,63,8,24,800.37
12724,2025-01-03,66,89,6,19,83.33
12725,2025-10-18,388,26,3,16,206.12
12726,2025-04-26,577,19,1,15,685.5
12727,2025-09-24,286,92,4,15,914.69
12728,2025-12-04,677,63,7,13,829.75
12729,2025-08-28,12,65,5,25,899.19
12730,2025-08-27,752,104,3,7,288.13
12731,2025-02-18,42,6,6,14,342.21
12732,2025-01-13,436,28,4,5,762.48
12733,2025-10-27,227,49,2,17,474.63
12734,2025-10-12,189,104,7,5,351.74
12735,2025-07-13,147,16,7,13,65.41
12736,2025-03-28,191,64,3,23,224.28
12737,2025-08-26,380,33,8,2,167.84
12738,2025-01-06,489,26,2,20,299.45
12739,2025-10-09,25,100,6,4,295.0
12740,2025-07-01,528,6,4,4,439.47
12741,2025-12-13,607,74,6,22,645.48
12742,2025-09-20,659,12,8,1,332.32
12743,2025-02-11,269,45,7,20,596.68
12744,2025-09-06,135,58,4,25,190.23
12745,2025-05-04,609,76,7,17,815.36
12746,2025-01-30,644,18,5,16,598.14
12747,2025-06-30,669,113,2,24,863.24
12748,2025-07-10,785,119,1,23,512.53
12749,2025-03-27,125,4,8,2,185.83
12750,2025-03-01,735,9,6,22,978.26
12751,2025-02-01,97,116,6,1,867.01
12752,2025-05-08,109,19,6,3,581.6
12753,2025-06-05,121,31,3,11,503.74
12754,2025-03-06,53,21,3,22,356.65
12755,2025-05-08,790,64,6,3,197.58
12756,2025-02-13,630,86,6,2,326.56
12757,2025-09-21,233,29,8,21,380.54
12758,2025-03-01,758,25,4,3,485.67
12759,2025-12-24,717,55,3,17,969.56
12760,2025-05-20,369,5,2,6,973.03
12761,2025-01-23,775,69,2,12,568.92
12762,2025-02-19,46,95,6,7,360.79
12763,2025-11-24,513,117,4,4,968.77
12764,2025-09-21,353,69,6,2,506.25
12765,2025-06-04,125,59,6,4,655.02
12766,2025-01-12,269,53,1,21,311.22
12767,2025-08-27,616,68,4,3,834.14
12768,2025-01-19,73,13,2,3,237.13
12769,2025-02-04,293,20,1,4,357.85
12770,2025-05-07,678,107,6,12,488.37
12771,2025-05-28,369,10,6,8,521.03
12772,2025-07-07,664,92,4,7,827.62
12773,2025-11-30,52,48,5,6,208.62
12774,2025-09-08,650,20,1,16,429.21
12775,2025-02-07,152,89,6,19,75.94
12776,2025-05-21,641,102,1,16,57.16
12777,2025-09-04,715,8,8,23,1196.09
12778,2025-10-14,227,73,6,12,713.82
12779,2025-06-01,784,39,1,24,201.69
12780,2025-08-28,291,86,3,7,211.99
12781,2025-04-30,436,103,7,25,443.22
12782,2025-08-19,285,12,4,10,371.46
12783,2025-12-10,82,54,4,13,39.35
12784,2025-03-09,699,15,4,20,653.43
12785,2025-10-25,464,35,6,9,168.49
12786,2025-08-08,154,104,1,13,339.48
12787,2025-03-21,645,80,7,6,114.98
12788,2025-07-31,379,77,2,5,97.78
12789,2025-05-14,355,48,7,9,224.7
12790,2025-06-08,655,119,1,5,416.93
12791,2025-10-03,301,51,3,15,737.34
12792,2025-01-25,542,38,3,6,150.14
12793,2025-01-21,671,47,6,18,762.35
12794,2025-03-17,692,43,7,20,357.75
12795,2025-10-06,48,21,4,12,408.06
12796,2025-08-11,430,75,4,7,153.06
12797,2025-08-21,181,7,1,25,228.2
12798,2025-02-22,134,26,5,22,271.02
12799,2025-10-16,630,103,5,9,541.47
12800,2025-12-29,513,69,7,6,499.77
12801,2025-04-03,186,107,8,6,571.02
12802,2025-05-13,346,16,2,21,49.86
12803,2025-07-19,725,82,2,21,198.36
12804,2025-09-08,171,17,1,17,719.2
12805,2025-03-30,244,62,3,25,323.69
12806,2025-06-08,215,120,1,22,562.63
12807,2025-08-02,305,99,7,8,34.98
12808,2025-06-05,759,33,6,4,163.97
12809,2025-05-14,680,67,4,2,566.85
12810,2025-03-09,111,96,6,12,872.09
12811,2025-05-14,501,106,1,19,1025.08
12812,2025-04-20,678,78,4,20,273.38
12813,2025-04-17,2,70,1,19,821.34
12814,2025-07-08,296,67,5,9,602.95
12815,2025-06-15,410,60,8,25,101.41
12816,2025-07-11,193,3,5,14,46.21
12817,2025-05-05,404,66,2,25,351.71
12818,2025-05-03,254,117,7,15,888.33
12819,2025-02-15,543,43,2,23,334.59
12820,2025-10-26,680,12,7,16,398.69
12821,2025-06-19,785,45,3,16,445.99
12822,2025-11-28,471,39,7,7,179.69
12823,2025-12-26,126,1,4,1,722.74
12824,2025-04-05,597,93,2,25,816.89
12825,2025-01-16,249,106,4,25,1001.81
12826,2025-02-13,93,47,2,18,888.91
12827,2025-01-28,259,38,8,25,185.67
12828,2025-12-21,167,51,2,17,858.07
12829,2025-04-27,786,84,4,11,408.23
12830,2025-10-06,696,87,8,25,523.18
12831,2025-02-22,506,67,3,16,541.66
12832,2025-10-24,262,90,3,3,121.65
12833,2025-02-23,5,61,4,25,1079.88
12834,2025-11-06,429,76,8,19,1041.79
12835,2025-10-24,226,119,8,19,508.27
12836,2025-08-31,491,37,2,3,45.75
12837,2025-10-05,683,112,8,21,161.11
12838,2025-07-28,723,51,3,6,696.55
12839,2025-06-14,344,31,2,21,494.7
12840,2025-01-22,268,67,3,20,518.15
12841,2025-06-08,544,115,5,23,651.36
12842,2025-10-02,302,2,1,21,395.6
12843,2025-08-20,324,50,6,12,1016.47
12844,2025-08-23,260,10,4,23,656.58
12845,2025-03-02,674,52,7,1,877.53
12846,2025-05-11,720,119,2,4,563.65
12847,2025-11-16,618,112,2,17,146.88
12848,2025-04-09,784,24,1,14,601.62
12849,2025-12-24,394,82,5,24,146.48
12850,2025-11-02,724,117,1,22,815.48
12851,2025-08-17,94,107,5,3,393.98
12852,2025-10-23,748,26,4,21,202.65
12853,2025-05-30,603,79,1,15,341.35
12854,2025-05-31,147,58,3,16,159.93
12855,2025-02-02,387,84,3,12,421.68
12856,2025-08-13,480,24,2,3,575.49
12857,2025-09-20,799,33,5,17,177.81
12858,2025-11-15,342,24,6,6,661.4
12859,2025-07-26,536,13,6,13,218.54
12860,2025-09-14,606,63,6,11,691.55
12861,2025-06-29,279,76,2,21,1035.13
12862,2025-01-14,738,2,7,23,388.9
12863,2025-07-06,643,118,7,11,1240.0
12864,2025-12-19,340,63,3,19,823.79
12865,2025-12-12,601,17,5,15,841.97
12866,2025-05-03,767,97,3,6,212.01
12867,2025-06-01,88,53,2,10,394.16
12868,2025-06-28,234,114,2,4,361.9
12869,2025-06-14,90,3,5,5,56.03
12870,2025-08-14,153,87,2,10,442.92
12871,2025-05-16,227,97,4,5,172.04
12872,2025-10-03,181,41,1,16,797.06
12873,2025-02-28,736,10,7,14,789.59
12874,2025-05-28,413,64,7,4,207.56
12875,2025-10-24,676,94,5,25,62.27
12876,2025-04-09,364,58,4,1,162.93
12877,2025-08-02,291,62,5,12,241.23
12878,2025-07-16,741,94,2,6,53.73
12879,2025-10-20,228,15,1,11,588.55
12880,2025-06-10,252,70,8,15,791.88
12881,2025-01-08,413,57,1,25,849.92
12882,2025-12-04,480,107,7,3,585.01
12883,2025-03-28,594,34,5,11,644.94
12884,2025-02-08,395,65,5,24,703.14
12885,2025-03-07,390,120,6,13,572.85
12886,2025-10-24,709,86,4,25,236.96
12887,2025-03-14,213,42,8,16,486.8
12888,2025-07-30,576,25,1,10,660.66
12889,2025-11-09,604,103,4,6,543.02
12890,2025-01-12,236,6,6,12,365.05
12891,2025-05-30,307,97,3,5,141.11
12892,2025-12-04,405,9,1,16,709.92
12893,2025-06-23,207,12,4,2,411.67
12894,2025-12-06,606,64,5,10,242.54
12895,2025-08-04,617,6,3,15,436.08
12896,2025-12-23,494,88,5,16,685.79
12897,2025-12-22,529,78,8,2,229.22
12898,2025-08-12,613,98,3,17,258.2
12899,2025-05-26,271,64,5,9,184.5
12900,2025-01-27,323,42,6,15,413.52
12901,2025-12-25,648,55,8,18,935.39
12902,2025-09-23,576,116,4,24,747.79
12903,2025-12-14,711,87,1,21,377.6
12904,2025-08-15,139,24,1,16,647.5
12905,2025-05-16,797,68,3,25,843.93
12906,2025-05-05,467,5,1,16,929.42
12907,2025-08-11,564,54,8,19,50.03
12908,2025-09-17,84,21,5,14,412.28
12909,2025-07-17,800,72,6,25,440.59
12910,2025-03-10,158,67,1,18,500.91
12911,2025-04-13,558,85,7,17,253.34
12912,2025-02-09,731,107,7,3,482.37
12913,2025-11-08,657,101,3,10,294.15
12914,2025-10-18,647,72,3,5,407.17
12915,2025-02-28,316,85,2,7,184.24
12916,2025-12-17,113,29,8,8,275.69
12917,2025-07-09,142,24,3,17,529.51
12918,2025-08-08,311,12,6,20,278.79
12919,2025-01-17,6,47,7,20,733.56
12920,2025-11-25,192,107,2,19,409.34
12921,2025-03-30,41,37,8,20,70.43
12922,2025-04-28,636,17,7,23,837.26
12923,2025-06-10,357,120,1,4,669.45
12924,2025-09-28,204,44,5,17,192.65
12925,2025-09-17,348,89,2,11,55.53
12926,2025-01-17,539,73,8,17,693.2
12927,2025-08-31,413,63,2,12,740.96
12928,2025-11-10,110,3,1,6,51.63
12929,2025-02-13,11,14,6,19,121.67
12930,2025-10-04,102,3,2,1,46.79
12931,2025-04-30,414,10,7,1,752.12
12932,2025-09-05,232,37,7,12,60.28
12933,2025-01-13,529,15,4,13,809.59
12934,2025-01-10,660,73,8,6,739.03
12935,2025-02-28,632,116,6,12,611.65
12936,2025-08-11,131,68,1,3,984.61
12937,2025-04-27,332,75,8,2,170.49
12938,2025-08-10,408,50,8,13,1044.7
12939,2025-08-22,274,56,5,19,621.8
12940,2025-11-30,159,57,4,9,842.72
12941,2025-02-23,643,105,7,6,258.59
12942,2025-09-05,385,101,6,10,274.96
12943,2025-10-11,108,19,4,7,442.06
12944,2025-07-14,3,71,6,16,403.55
12945,2025-07-31,657,8,6,23,1159.18
12946,2025-03-11,624,4,1,8,243.79
12947,2025-07-07,692,31,4,20,662.27
12948,2025-10-13,661,84,3,22,304.22
12949,2025-06-21,722,41,5,18,639.16
12950,2025-01-21,580,90,2,14,117.56
12951,2025-08-08,539,22,3,1,154.76
12952,2025-03-23,275,31,4,2,564.87
12953,2025-11-30,601,8,7,7,795.48
12954,2025-02-24,564,65,5,10,705.5
12955,2025-11-16,147,92,2,14,598.1
12956,2025-09-19,405,88,6,21,589.26
12957,2025-03-09,439,41,4,17,705.0
12958,2025-09-11,338,117,1,25,894.41
12959,2025-06-04,230,58,3,16,170.86
12960,2025-03-04,125,79,7,19,407.0
12961,2025-03-22,575,1,7,8,605.1
12962,2025-06-09,797,115,7,14,634.15
12963,2025-10-04,566,89,1,3,62.78
12964,2025-06-13,112,93,8,4,763.57
12965,2025-06-25,13,80,1,1,155.5
12966,2025-11-04,208,23,7,22,843.07
12967,2025-11-25,72,30,4,5,451.25
12968,2025-09-20,336,107,3,19,544.75
12969,2025-06-22,793,67,1,19,545.17
12970,2025-05-13,216,19,7,15,547.98
12971,2025-07-08,664,5,3,2,895.19
12972,2025-01-27,470,11,6,23,634.63
12973,2025-09-30,400,13,7,2,293.67
12974,2025-01-05,396,88,1,13,736.2
12975,2025-07-01,244,55,2,21,1039.23
12976,2025-06-04,233,43,1,12,333.37
12977,2025-03-10,740,48,6,12,206.7
12978,2025-12-14,683,29,6,13,431.9
12979,2025-10-05,359,107,7,1,439.51
12980,2025-03-26,21,66,7,1,370.95
12981,2025-02-23,50,80,8,16,144.25
12982,2025-12-14,791,67,1,22,518.14
12983,2025-06-08,128,82,5,21,144.62
12984,2025-09-13,78,91,1,5,1135.83
12985,2025-08-02,587,116,8,17,819.23
12986,2025-01-27,137,56,7,5,500.7
12987,2025-02-09,16,84,5,4,383.45
12988,2025-03-20,101,60,5,18,88.91
12989,2025-09-22,161,72,3,25,333.09
12990,2025-03-26,793,16,3,22,44.85
12991,2025-09-30,447,1,2,16,789.77
12992,2025-11-05,360,38,4,13,175.27
12993,2025-03-08,489,2,3,13,358.36
12994,2025-04-04,451,117,4,12,838.97
12995,2025-09-28,713,16,5,14,58.5
12996,2025-08-23,63,85,4,7,240.47
12997,2025-09-23,155,66,4,16,342.44
12998,2025-06-12,264,87,6,20,380.32
12999,2025-10-21,782,33,4,6,187.68
13000,2025-04-25,450,67,3,17,576.26
13001,2025-06-02,431,71,3,6,399.47
13002,2025-08-13,786,89,7,14,74.69
13003,2025-10-03,56,54,1,13,46.57
13004,2025-05-03,530,29,4,22,431.98
13005,2025-11-12,463,71,3,19,500.36
13006,2025-02-23,15,17,7,17,737.9
13007,2025-04-18,78,76,5,24,970.81
13008,2025-01-17,110,20,7,11,392.04
13009,2025-03-03,260,106,8,9,866.54
13010,2025-03-17,187,101,2,13,277.89
13011,2025-09-22,559,71,8,11,480.75
13012,2025-09-04,262,114,2,12,372.34
13013,2025-12-09,223,44,5,6,233.24
13014,2025-04-18,315,23,6,9,1094.66
13015,2025-12-18,462,78,6,24,223.83
13016,2025-04-24,262,84,7,22,358.57
13017,2025-09-01,341,51,3,21,686.39
13018,2025-02-14,521,27,8,4,505.87
13019,2025-05-15,306,59,8,22,530.22
13020,2025-02-25,166,29,2,11,302.26
13021,2025-11-06,763,71,6,14,566.55
13022,2025-09-08,763,81,1,2,600.39
13023,2025-07-09,102,15,1,14,819.67
13024,2025-11-25,176,60,3,24,96.59
13025,2025-08-25,506,48,4,24,200.07
13026,2025-04-04,59,41,1,11,745.35
13027,2025-02-04,721,19,1,1,494.75
13028,2025-11-03,524,41,6,18,791.18
13029,2025-11-08,472,24,5,23,542.0
13030,2025-07-21,390,55,2,13,836.69
13031,2025-06-30,556,91,5,20,830.2
13032,2025-05-08,35,48,8,18,210.03
13033,2025-11-05,574,76,1,11,1172.3
13034,2025-01-03,548,56,5,2,621.34
13035,2025-08-27,724,59,5,7,758.21
13036,2025-03-26,202,100,2,16,250.13
13037,2025-01-14,116,86,6,25,228.41
13038,2025-07-10,408,36,8,4,281.04
13039,2025-02-16,138,40,2,1,511.57
13040,2025-12-21,169,83,4,5,1005.8
13041,2025-01-24,665,23,5,7,1247.71
13042,2025-10-19,738,13,5,17,205.28
13043,2025-12-21,778,42,8,4,466.04
13044,2025-10-13,492,120,5,14,692.55
13045,2025-07-13,517,44,6,21,193.56
13046,2025-02-17,140,106,4,5,962.92
13047,2025-12-20,73,36,5,12,329.54
13048,2025-07-26,422,117,7,25,963.98
13049,2025-04-20,557,104,4,3,362.42
13050,2025-12-03,171,2,3,19,346.25
13051,2025-05-08,244,73,5,23,690.99
13052,2025-12-18,487,93,4,20,876.48
13053,2025-08-01,475,71,4,23,505.54
13054,2025-09-21,642,41,1,8,889.19
13055,2025-08-28,675,53,2,16,321.11
13056,2025-07-06,421,11,4,18,823.74
13057,2025-05-08,788,41,4,10,958.43
13058,2025-04-26,260,36,6,18,251.63
13059,2025-10-22,602,88,1,22,824.71
13060,2025-06-03,313,23,8,13,968.32
13061,2025-10-27,742,92,8,7,608.14
13062,2025-10-09,444,117,5,12,886.86
13063,2025-09-28,155,89,3,15,60.8
13064,2025-02-17,475,104,3,9,440.27
13065,2025-03-15,738,24,5,24,537.81
13066,2025-03-29,587,48,8,14,193.9
13067,2025-12-20,400,11,7,13,616.78
13068,2025-02-24,265,114,4,20,335.01
13069,2025-09-12,614,13,3,7,269.3
13070,2025-08-19,561,69,7,23,498.47
13071,2025-05-29,644,38,6,8,154.85
13072,2025-06-04,796,89,1,2,70.09
13073,2025-12-11,114,47,1,7,933.63
13074,2025-09-06,492,9,8,2,722.07
13075,2025-09-04,425,92,1,6,892.37
13076,2025-04-08,13,28,1,19,784.18
13077,2025-02-09,531,26,3,18,292.88
13078,2025-10-10,76,18,3,21,466.68
13079,2025-02-06,129,85,6,24,171.94
13080,2025-05-06,471,18,8,23,475.83
13081,2025-09-16,483,77,3,15,100.19
13082,2025-08-18,731,83,5,2,696.77
13083,2025-07-23,451,84,4,2,308.88
13084,2025-06-22,437,74,4,18,657.67
13085,2025-09-15,608,54,6,6,34.46
13086,2025-04-25,209,75,2,9,206.22
13087,2025-12-12,357,77,3,18,103.2
13088,2025-08-22,222,12,8,18,356.61
13089,2025-03-10,695,18,7,21,392.35
13090,2025-12-18,333,61,1,21,927.91
13091,2025-07-15,114,42,3,6,355.14
13092,2025-08-19,416,7,8,8,240.99
13093,2025-11-22,405,37,1,25,68.41
13094,2025-11-01,79,111,2,14,269.96
13095,2025-08-06,660,56,5,1,484.7
13096,2025-07-17,491,76,4,4,914.87
13097,2025-11-05,161,35,4,23,203.61
13098,2025-01-20,578,62,3,5,342.21
13099,2025-07-27,684,114,1,3,366.66
13100,2025-03-29,199,6,4,24,379.0
13101,2025-08-07,145,6,4,18,387.05
13102,2025-10-27,210,52,8,18,997.6
13103,2025-09-11,38,3,8,3,59.24
13104,2025-04-03,125,109,4,1,57.21
13105,2025-06-28,3,15,3,3,819.47
13106,2025-01-26,533,85,2,18,192.39
13107,2025-12-31,241,31,3,23,558.73
13108,2025-01-19,67,53,8,6,338.5
13109,2025-03-13,149,8,3,14,776.37
13110,2025-12-16,217,18,3,12,430.01
13111,2025-08-30,726,107,5,24,536.79
13112,2025-10-30,491,29,3,16,320.66
13113,2025-05-02,650,85,8,9,164.03
13114,2025-04-21,724,44,1,2,233.82
13115,2025-10-27,599,55,5,3,916.68
13116,2025-07-10,8,69,8,16,494.55
13117,2025-07-18,554,62,3,23,345.96
13118,2025-09-23,569,93,5,11,881.54
13119,2025-06-05,502,71,1,22,517.55
13120,2025-05-19,91,100,4,11,299.51
13121,2025-04-20,186,78,2,7,244.52
13122,2025-10-27,584,47,1,24,966.62
13123,2025-02-04,218,112,7,11,163.75
13124,2025-06-19,578,51,1,24,832.52
13125,2025-03-20,296,21,5,14,490.94
13126,2025-12-11,497,41,8,19,646.04
13127,2025-01-16,339,89,5,23,69.05
13128,2025-02-13,62,66,8,13,411.91
13129,2025-07-09,591,72,6,2,471.79
13130,2025-08-04,633,25,1,7,644.59
13131,2025-08-28,663,73,4,5,634.48
13132,2025-09-03,115,25,6,25,569.2
13133,2025-04-05,742,116,4,20,790.77
13134,2025-11-06,692,87,4,19,473.71
13135,2025-01-15,336,116,4,23,915.39
13136,2025-04-21,266,40,7,6,460.52
13137,2025-07-09,535,55,8,16,997.01
13138,2025-07-08,556,119,4,9,561.05
13139,2025-04-21,212,52,1,11,1069.1
13140,2025-08-13,131,112,2,24,120.37
13141,2025-08-19,464,18,1,11,495.73
13142,2025-01-28,747,79,1,7,309.74
13143,2025-04-07,352,22,5,18,118.63
13144,2025-01-19,729,58,5,14,152.77
13145,2025-06-29,218,68,2,10,816.15
13146,2025-08-31,260,60,7,24,136.6
13147,2025-12-09,635,89,7,24,57.14
13148,2025-06-19,300,67,1,19,571.52
13149,2025-08-23,503,74,4,9,571.64
13150,2025-01-27,605,89,5,11,55.87
13151,2025-01-30,122,43,5,7,394.64
13152,2025-10-17,427,104,3,3,359.19
13153,2025-10-05,489,111,7,21,296.06
13154,2025-10-05,8,117,3,2,881.38
13155,2025-06-27,435,32,3,17,1042.05
13156,2025-03-29,136,96,2,22,852.62
13157,2025-02-18,442,113,5,18,851.26
13158,2025-04-19,193,85,7,3,230.72
13159,2025-04-03,185,72,5,16,449.2
13160,2025-03-13,675,37,8,21,45.91
13161,2025-07-26,631,66,4,5,356.92
13162,2025-11-14,530,79,4,11,280.48
13163,2025-03-25,542,93,5,10,774.15
13164,2025-09-05,412,107,2,8,559.88
13165,2025-09-11,177,32,5,3,676.12
13166,2025-07-05,779,86,3,7,242.73
13167,2025-09-18,189,3,4,13,47.77
13168,2025-10-02,454,75,3,21,183.63
13169,2025-05-27,787,58,5,5,172.43
13170,2025-06-25,754,49,1,10,515.14
13171,2025-07-16,240,53,1,8,252.63
13172,2025-01-09,739,87,5,14,503.67
13173,2025-02-21,23,22,8,20,140.74
13174,2025-02-23,267,11,4,3,890.44
13175,2025-04-18,360,19,4,8,530.18
13176,2025-05-30,589,3,4,10,49.76
13177,2025-01-16,184,86,2,12,273.64
13178,2025-07-27,242,59,4,19,526.61
13179,2025-12-02,400,59,6,21,563.86
13180,2025-03-14,396,88,2,11,907.13
13181,2025-05-03,362,110,4,1,713.22
13182,2025-05-03,688,106,1,19,1004.14
13183,2025-11-11,95,30,7,17,606.88
13184,2025-12-17,222,43,6,18,258.32
13185,2025-11-16,519,26,2,18,305.0
13186,2025-12-24,280,46,7,21,381.49
13187,2025-05-13,127,87,4,20,546.67
13188,2025-09-26,576,61,8,14,780.76
13189,2025-04-14,770,70,6,1,606.17
13190,2025-08-16,235,81,6,6,833.93
13191,2025-09-01,95,96,5,19,752.18
13192,2025-04-29,501,39,8,1,186.83
13193,2025-01-21,791,71,8,9,520.39
13194,2025-12-18,759,102,4,1,59.11
13195,2025-03-14,393,50,1,18,854.71
13196,2025-08-08,224,62,5,7,254.3
13197,2025-03-08,539,66,7,6,380.78
13198,2025-10-25,647,106,7,6,1203.88
13199,2025-11-03,580,80,4,20,131.45
13200,2025-07-04,762,12,2,24,394.17
13201,2025-04-30,448,47,3,21,785.63
13202,2025-01-13,508,62,7,19,254.18
13203,2025-04-17,561,57,3,18,900.57
13204,2025-06-08,384,81,4,10,573.27
13205,2025-02-22,348,8,5,25,803.12
13206,2025-06-08,799,91,6,14,1143.05
13207,2025-04-03,351,108,7,23,72.63
13208,2025-12-07,29,63,8,6,630.79
13209,2025-05-19,522,52,1,23,1048.91
13210,2025-05-22,416,117,5,7,742.83
13211,2025-10-27,633,55,7,25,887.97
13212,2025-08-21,781,83,4,22,871.37
13213,2025-03-13,646,117,7,21,910.1
13214,2025-03-05,751,103,4,8,534.27
13215,2025-10-06,218,10,1,20,665.4
13216,2025-09-05,307,7,6,5,165.92
13217,2025-04-04,554,25,8,24,602.19
13218,2025-11-21,389,110,4,23,741.51
13219,2025-09-23,641,18,8,24,600.95
13220,2025-02-14,631,6,6,14,305.54
13221,2025-05-02,124,25,3,1,617.25
13222,2025-01-26,286,40,3,1,518.15
13223,2025-01-18,451,18,2,4,435.71
13224,2025-04-21,122,8,3,24,1173.3
13225,2025-04-16,410,17,4,10,759.71
13226,2025-09-06,545,66,2,8,414.3
13227,2025-01-31,642,74,1,5,605.57
13228,2025-08-25,112,98,4,25,232.39
13229,2025-07-17,175,76,4,18,1199.96
13230,2025-06-02,134,36,7,15,219.11
13231,2025-12-11,183,73,8,10,694.82
13232,2025-12-12,330,30,4,21,462.8
13233,2025-07-29,586,59,5,16,626.68
13234,2025-04-26,790,31,5,3,618.36
13235,2025-11-24,147,9,8,12,738.45
13236,2025-03-24,149,104,1,5,380.8
13237,2025-09-30,692,40,1,17,464.52
13238,2025-04-27,550,69,1,2,662.74
13239,2025-05-02,581,51,5,6,868.64
13240,2025-09-29,163,86,4,18,288.64
13241,2025-08-13,390,65,1,2,962.7
13242,2025-02-17,797,80,8,10,145.75
13243,2025-12-05,407,53,8,24,293.68
13244,2025-06-28,70,73,3,9,631.47
13245,2025-10-25,138,15,1,7,722.57
13246,2025-09-25,187,78,6,17,269.51
13247,2025-03-06,776,42,7,14,386.92
13248,2025-03-31,504,39,5,23,173.63
13249,2025-03-21,792,7,8,23,239.88
13250,2025-01-21,745,91,4,9,1109.3
13251,2025-06-15,101,59,2,16,791.47
13252,2025-06-27,642,108,5,10,75.0
13253,2025-07-16,589,86,6,14,317.18
13254,2025-10-31,527,63,3,6,639.64
13255,2025-03-19,581,53,7,5,335.14
13256,2025-04-02,222,94,6,18,60.1
13257,2025-02-21,796,90,1,18,143.6
13258,2025-04-02,660,31,8,14,520.75
13259,2025-01-30,451,120,7,25,484.45
13260,2025-11-09,125,46,7,23,320.31
13261,2025-03-22,595,104,4,16,396.77
13262,2025-10-22,141,9,1,19,841.41
13263,2025-03-28,760,43,2,23,396.78
13264,2025-01-29,7,7,6,11,168.71
13265,2025-11-15,422,42,7,13,366.03
13266,2025-01-03,617,68,8,9,843.96
13267,2025-12-11,62,30,8,7,570.0
13268,2025-06-25,275,36,4,3,321.49
13269,2025-11-04,595,102,5,12,72.38
13270,2025-07-11,120,44,5,23,200.27
13271,2025-09-08,197,62,1,15,305.02
13272,2025-12-01,76,105,6,24,227.79
13273,2025-01-02,703,109,7,16,65.73
13274,2025-01-29,140,107,4,8,479.05
13275,2025-10-17,771,86,2,6,306.62
13276,2025-12-11,324,64,2,22,186.1
13277,2025-04-18,302,96,5,21,778.21
13278,2025-05-04,240,99,1,13,38.92
13279,2025-06-12,363,21,6,10,406.52
13280,2025-01-24,536,102,2,24,53.72
13281,2025-12-21,409,75,6,6,196.4
13282,2025-11-16,137,27,2,11,500.21
13283,2025-08-12,412,40,7,19,367.54
13284,2025-07-07,585,23,7,5,1082.63
13285,2025-01-02,169,46,4,20,322.54
13286,2025-10-08,195,61,3,11,1052.71
13287,2025-08-14,666,50,6,13,846.83
13288,2025-06-25,490,29,3,3,397.16
13289,2025-09-14,589,16,1,23,64.02
13290,2025-10-06,573,96,1,10,697.26
13291,2025-07-04,474,7,6,10,198.12
13292,2025-08-14,163,96,8,17,791.61
13293,2025-10-12,447,89,8,15,67.52
13294,2025-02-03,358,86,3,21,232.3
13295,2025-01-18,522,25,8,12,574.94
13296,2025-06-07,656,51,3,14,957.09
13297,2025-04-10,32,77,1,7,142.09
13298,2025-01-04,186,65,8,4,775.85
13299,2025-08-12,706,109,3,5,58.98
13300,2025-07-16,279,105,6,8,344.5
13301,2025-09-12,389,53,3,20,306.22
13302,2025-03-21,110,94,3,15,65.94
13303,2025-12-07,577,68,8,9,912.65
13304,2025-01-22,575,77,2,22,137.59
13305,2025-12-22,760,113,2,25,719.12
13306,2025-01-07,771,30,7,8,481.7
13307,2025-12-03,530,61,5,18,1125.95
13308,2025-06-30,537,88,7,12,823.87
13309,2025-01-01,401,35,4,14,209.37
13310,2025-01-04,259,26,6,14,293.87
13311,2025-05-13,531,98,5,21,242.79
13312,2025-06-11,93,79,4,16,413.22
13313,2025-03-30,195,67,7,10,673.84
13314,2025-02-19,494,94,8,8,47.68
13315,2025-10-13,464,75,2,10,169.96
13316,2025-05-24,260,23,8,25,973.76
13317,2025-11-30,377,9,7,15,869.1
13318,2025-07-31,58,57,7,25,878.65
13319,2025-09-05,550,113,1,7,879.5
13320,2025-09-20,455,85,5,12,188.57
13321,2025-08-23,644,41,7,7,967.69
13322,2025-02-15,102,43,8,25,249.59
13323,2025-06-01,312,106,6,20,1133.86
13324,2025-06-29,663,18,2,19,515.8
13325,2025-05-20,207,7,6,2,212.92
13326,2025-09-22,382,108,7,23,90.54
13327,2025-02-02,384,70,7,8,751.51
13328,2025-03-03,652,64,6,7,227.24
13329,2025-09-10,746,57,8,5,663.42
13330,2025-08-11,107,119,5,13,636.65
13331,2025-08-06,197,109,2,21,59.9
13332,2025-09-18,553,43,1,25,369.89
13333,2025-10-15,23,94,4,17,70.22
13334,2025-03-31,128,86,6,14,322.21
13335,2025-11-20,532,36,2,20,213.94
13336,2025-08-06,39,63,6,14,757.56
13337,2025-11-18,655,27,5,20,402.27
13338,2025-07-23,200,67,3,24,768.75
13339,2025-07-10,24,46,8,16,457.97
13340,2025-04-02,293,77,2,2,123.27
13341,2025-03-03,130,35,3,5,215.39
13342,2025-05-30,272,10,2,12,597.81
13343,2025-10-20,252,85,6,11,161.77
13344,2025-01-06,403,118,6,24,1251.94
13345,2025-07-09,26,41,5,8,922.39
13346,2025-03-22,684,115,7,10,707.01
13347,2025-12-19,213,66,8,22,321.27
13348,2025-11-19,304,95,4,21,247.34
13349,2025-12-12,671,79,3,5,324.09
13350,2025-03-13,684,104,5,8,412.29
13351,2025-01-13,227,42,7,9,325.56
13352,2025-06-27,285,55,6,13,967.9
13353,2025-05-11,577,15,6,11,785.48
13354,2025-05-16,499,10,8,16,680.48
13355,2025-01-31,145,57,1,4,875.52
13356,2025-08-21,636,46,1,1,385.16
13357,2025-04-12,372,106,1,20,1178.69
13358,2025-06-21,739,63,8,14,763.88
13359,2025-04-27,723,49,5,15,422.61
13360,2025-05-27,675,120,4,10,733.06
13361,2025-07-10,270,79,3,14,406.75
13362,2025-12-18,143,109,2,15,69.8
13363,2025-09-03,622,31,1,19,637.0
13364,2025-01-18,154,106,6,3,1181.25
13365,2025-03-23,273,53,3,13,293.58
13366,2025-01-10,588,48,8,9,188.94
13367,2025-10-22,386,9,5,4,666.25
13368,2025-06-30,793,87,6,14,545.48
13369,2025-09-14,597,83,8,24,921.55
13370,2025-06-28,680,89,5,6,67.29
13371,2025-02-01,507,40,8,7,447.04
13372,2025-04-20,162,53,6,10,294.08
13373,2025-10-25,687,10,7,20,726.75
13374,2025-05-18,629,84,2,15,307.89
13375,2025-09-07,587,56,8,9,435.27
13376,2025-02-24,474,63,6,15,693.39
13377,2025-11-20,590,23,4,15,912.02
13378,2025-09-13,12,69,7,11,526.02
13379,2025-03-25,656,95,3,17,308.57
13380,2025-12-24,350,119,1,9,477.86
13381,2025-02-17,334,86,5,20,304.98
13382,2025-03-15,545,43,1,11,263.9
13383,2025-04-30,339,110,7,5,811.29
13384,2025-12-17,602,44,1,9,208.32
13385,2025-11-14,4,25,4,1,508.56
13386,2025-08-19,156,86,2,5,324.42
13387,2025-05-29,577,75,5,4,142.42
13388,2025-03-10,590,110,3,23,593.01
13389,2025-02-17,317,118,3,7,822.37
13390,2025-09-10,429,27,4,12,470.91
13391,2025-07-02,185,99,1,5,32.42
13392,2025-03-30,158,18,5,14,477.02
13393,2025-11-14,760,7,2,18,189.31
13394,2025-05-28,686,117,4,18,820.54
13395,2025-05-11,13,68,6,22,900.38
13396,2025-05-10,386,49,8,2,424.88
13397,2025-12-20,795,41,3,15,960.37
13398,2025-08-05,137,79,8,21,399.86
13399,2025-02-27,406,104,2,16,389.07
13400,2025-11-23,10,51,8,14,817.47
13401,2025-01-05,533,47,2,5,654.31
13402,2025-09-27,599,9,1,15,751.73
13403,2025-08-02,121,41,2,2,1005.69
13404,2025-06-02,391,95,6,10,328.02
13405,2025-02-24,606,71,3,3,617.95
13406,2025-03-01,250,6,3,15,389.29
13407,2025-03-07,42,89,6,10,74.63
13408,2025-12-22,57,3,2,23,40.74
13409,2025-03-02,228,92,2,13,881.56
13410,2025-01-27,651,26,8,24,207.16
13411,2025-05-10,140,84,7,14,419.56
13412,2025-12-02,242,4,2,13,263.88
13413,2025-11-29,227,109,4,11,68.97
13414,2025-12-28,486,27,6,20,355.82
13415,2025-03-14,728,92,8,15,681.57
13416,2025-11-06,542,81,1,8,848.08
13417,2025-12-10,738,114,7,14,351.49
13418,2025-09-10,176,65,5,9,973.78
13419,2025-12-02,699,118,6,9,1178.49
13420,2025-01-05,199,26,6,11,241.25
13421,2025-09-30,145,38,4,1,134.78
13422,2025-02-10,146,99,3,19,46.64
13423,2025-06-07,473,109,5,24,71.94
13424,2025-07-18,525,62,1,23,249.61
13425,2025-05-12,311,106,3,18,1029.71
13426,2025-08-29,722,94,3,24,56.68
13427,2025-10-02,645,118,3,11,1045.7
13428,2025-11-29,215,11,1,15,798.88
13429,2025-07-15,675,28,6,9,742.69
13430,2025-07-19,599,71,6,4,419.54
13431,2025-04-02,301,24,6,23,735.77
13432,2025-07-08,639,115,7,15,744.8
13433,2025-10-24,742,31,4,22,461.91
13434,2025-10-17,153,70,8,6,687.84
13435,2025-03-05,398,8,2,13,815.41
13436,2025-03-29,718,44,1,3,190.11
13437,2025-05-01,614,45,4,22,612.38
13438,2025-05-19,733,3,7,16,48.18
13439,2025-01-28,490,87,5,7,455.25
13440,2025-01-30,601,48,7,15,208.11
13441,2025-12-21,14,13,3,7,209.15
13442,2025-10-30,472,26,7,24,226.13
13443,2025-10-14,426,29,7,14,304.1
13444,2025-05-14,534,72,1,1,310.67
13445,2025-10-10,417,55,7,24,947.66
13446,2025-06-28,534,64,5,24,211.39
13447,2025-11-08,734,90,8,12,107.82
13448,2025-07-31,48,54,2,11,34.67
13449,2025-04-15,633,98,8,1,256.88
13450,2025-05-18,520,41,7,25,939.24
13451,2025-03-11,683,118,8,3,993.97
13452,2025-07-01,384,72,4,12,391.98
13453,2025-03-24,796,43,8,3,399.73
13454,2025-07-29,385,41,3,3,978.05
13455,2025-10-03,694,28,5,25,656.29
13456,2025-05-19,63,25,6,4,550.56
13457,2025-08-18,585,29,5,4,327.12
13458,2025-01-09,300,3,3,10,58.37
13459,2025-10-14,290,3,7,11,62.74
13460,2025-09-27,462,78,2,17,222.42
13461,2025-12-10,463,92,1,20,745.55
13462,2025-10-20,310,58,3,4,191.68
13463,2025-06-14,436,21,4,17,413.44
13464,2025-02-16,196,78,1,9,268.64
13465,2025-01-12,272,56,7,24,550.63
13466,2025-04-13,662,60,6,22,137.13
13467,2025-07-18,38,12,2,21,432.16
13468,2025-08-24,789,90,2,16,153.51
13469,2025-09-18,398,37,7,20,73.43
13470,2025-04-25,607,80,3,1,170.01
13471,2025-12-03,311,89,3,9,62.17
13472,2025-07-30,663,19,8,19,670.65
13473,2025-07-22,136,39,5,15,212.81
13474,2025-02-22,401,64,1,13,207.19
13475,2025-07-20,547,50,3,16,1100.04
13476,2025-02-21,250,42,2,22,432.11
13477,2025-03-25,433,17,1,1,885.67
13478,2025-05-10,590,87,6,8,430.12
13479,2025-04-29,466,30,1,18,533.92
13480,2025-11-06,568,36,3,1,251.08
13481,2025-06-24,500,76,4,4,1074.96
13482,2025-11-06,155,39,2,13,214.86
13483,2025-04-29,423,115,4,21,607.7
13484,2025-07-14,184,2,7,2,370.16
13485,2025-08-24,236,71,1,6,555.23
13486,2025-11-14,60,116,6,9,780.82
13487,2025-01-07,50,74,1,2,492.19
13488,2025-09-17,89,94,6,18,59.07
13489,2025-10-19,462,47,5,23,761.13
13490,2025-09-29,421,44,5,21,165.23
13491,2025-12-19,603,68,5,15,1082.59
13492,2025-02-28,268,17,2,19,835.81
13493,2025-02-04,549,49,8,18,461.68
13494,2025-12-07,103,89,6,5,80.43
13495,2025-08-01,1,114,4,21,339.8
13496,2025-02-28,764,86,8,2,323.16
13497,2025-07-07,572,72,6,24,390.44
13498,2025-05-17,116,21,8,7,372.92
13499,2025-07-28,673,19,1,21,643.72
13500,2025-01-09,457,115,5,17,515.14
13501,2025-04-26,54,74,5,14,571.68
13502,2025-08-24,441,44,8,4,171.53
13503,2025-04-27,439,71,2,20,430.95
13504,2025-04-16,66,101,7,5,269.38
13505,2025-12-11,735,14,6,18,160.67
13506,2025-01-20,397,42,5,19,425.54
13507,2025-10-17,345,29,6,18,291.96
13508,2025-02-12,432,115,6,20,692.0
13509,2025-01-19,745,1,6,21,838.17
13510,2025-10-09,215,41,4,13,836.22
13511,2025-01-20,570,12,7,9,286.95
13512,2025-12-27,692,17,8,7,909.54
13513,2025-08-26,26,55,5,22,914.4
13514,2025-03-03,680,118,3,23,824.49
13515,2025-09-12,751,113,5,11,823.63
13516,2025-10-30,246,30,7,23,549.33
13517,2025-03-20,586,63,2,6,771.19
13518,2025-05-02,32,39,5,14,224.47
13519,2025-03-15,719,84,4,13,410.02
13520,2025-01-08,538,95,3,15,311.74
13521,2025-11-01,14,91,1,13,869.45
13522,2025-08-14,627,7,4,7,211.75
13523,2025-03-02,309,94,5,4,63.4
13524,2025-01-23,483,33,3,18,150.31
13525,2025-11-02,266,22,2,2,132.75
13526,2025-08-07,608,12,3,19,279.82
13527,2025-12-21,699,26,4,18,278.05
13528,2025-10-10,520,106,3,8,1097.04
13529,2025-09-04,440,42,3,4,445.28
13530,2025-03-23,674,52,5,18,933.66
13531,2025-12-13,229,44,2,5,196.86
13532,2025-02-14,637,75,8,23,183.16
13533,2025-05-10,772,24,8,21,699.47
13534,2025-07-15,473,32,6,24,1002.53
13535,2025-11-02,545,5,6,3,1141.44
13536,2025-10-14,290,8,1,18,1023.27
13537,2025-11-10,355,53,7,6,343.02
13538,2025-04-01,419,37,6,7,62.55
13539,2025-04-26,435,110,1,17,864.85
13540,2025-10-31,650,67,4,10,754.23
13541,2025-08-02,575,26,7,1,194.79
13542,2025-08-02,591,17,6,17,925.32
13543,2025-10-08,225,68,1,11,768.28
13544,2025-10-13,131,81,1,21,665.73
13545,2025-04-20,543,25,1,18,460.62
13546,2025-02-06,472,93,3,21,611.47
13547,2025-10-16,464,86,6,24,312.87
13548,2025-09-06,474,114,3,13,342.05
13549,2025-10-27,631,23,2,4,1067.14
13550,2025-01-02,777,49,7,13,531.19
13551,2025-03-19,752,87,5,21,392.33
13552,2025-07-23,695,20,8,12,417.28
13553,2025-07-13,93,80,7,21,122.06
13554,2025-05-23,283,108,6,1,67.92
13555,2025-10-27,173,101,5,22,212.42
13556,2025-07-19,639,47,3,12,897.1
13557,2025-09-12,280,10,7,16,831.92
13558,2025-06-10,535,118,7,21,905.98
13559,2025-01-18,107,1,4,24,612.13
13560,2025-05-16,124,65,3,3,1053.74
13561,2025-08-12,585,59,5,19,699.38
13562,2025-09-27,213,87,1,16,451.95
13563,2025-11-01,768,97,6,16,188.12
13564,2025-09-08,29,81,5,23,779.19
13565,2025-06-28,21,107,1,23,409.21
13566,2025-06-02,480,78,3,25,269.93
13567,2025-07-11,689,91,7,9,946.97
13568,2025-06-11,780,82,4,14,151.09
13569,2025-05-07,372,51,2,14,931.31
13570,2025-12-13,235,9,2,12,803.82
13571,2025-09-16,214,75,4,20,197.54
13572,2025-02-16,633,50,1,25,845.65
13573,2025-08-22,572,1,7,2,895.79
13574,2025-01-03,261,13,3,2,278.99
13575,2025-09-16,639,67,7,10,589.18
13576,2025-02-09,581,28,3,9,560.57
13577,2025-12-15,405,22,1,19,186.33
13578,2025-04-21,728,37,5,16,46.24
13579,2025-04-10,9,80,8,1,127.95
13580,2025-10-07,280,42,7,3,397.69
13581,2025-10-30,503,12,8,13,352.78
13582,2025-05-30,126,68,2,15,822.13
13583,2025-11-20,773,115,4,7,559.25
13584,2025-01-06,563,41,4,13,925.24
13585,2025-08-16,28,118,1,24,994.09
13586,2025-08-19,775,120,4,17,693.99
13587,2025-12-08,757,13,5,8,193.64
13588,2025-12-03,798,109,4,14,58.44
13589,2025-03-29,577,45,1,9,465.24
13590,2025-09-01,688,21,2,25,400.26
13591,2025-10-28,438,36,7,12,298.15
13592,2025-11-14,500,9,5,17,976.82
13593,2025-08-11,208,78,5,7,185.01
13594,2025-02-21,634,91,3,13,1141.74
13595,2025-02-04,629,47,2,17,974.81
13596,2025-05-17,570,90,6,12,102.41
13597,2025-03-30,190,10,7,10,761.55
13598,2025-12-07,193,27,4,16,510.1
13599,2025-04-20,99,75,4,18,210.44
13600,2025-03-10,467,86,2,22,223.18
13601,2025-04-07,321,8,6,19,1008.04
13602,2025-04-11,415,105,6,1,337.64
13603,2025-04-27,326,47,4,11,718.23
13604,2025-11-14,388,66,6,21,350.64
13605,2025-11-09,454,41,4,2,629.58
13606,2025-08-23,249,88,7,1,760.87
13607,2025-08-03,48,29,6,14,421.16
13608,2025-09-08,671,72,5,5,453.99
13609,2025-10-05,87,4,1,11,256.63
13610,2025-07-04,24,79,3,5,368.85
13611,2025-10-15,683,78,1,11,178.3
13612,2025-05-15,625,27,5,14,356.18
13613,2025-09-08,89,60,8,19,111.42
13614,2025-02-11,216,27,8,10,485.56
13615,2025-10-01,530,20,6,25,418.89
13616,2025-12-15,428,5,7,21,905.9
13617,2025-04-10,392,89,5,7,65.85
13618,2025-08-27,348,109,6,23,51.31
13619,2025-02-19,770,94,3,10,54.92
13620,2025-04-22,199,29,5,12,421.45
13621,2025-04-03,405,114,7,2,263.68
13622,2025-06-29,679,38,3,12,194.0
13623,2025-02-20,757,70,6,20,867.28
13624,2025-10-10,2,33,3,13,184.16
13625,2025-09-27,768,41,2,6,631.4
13626,2025-11-14,583,80,4,21,112.77
13627,2025-11-26,793,10,2,10,660.77
13628,2025-03-24,557,115,8,24,692.34
13629,2025-06-19,608,18,7,16,481.58
13630,2025-08-05,168,104,8,6,362.39
13631,2025-10-19,519,70,2,1,792.12
13632,2025-08-26,93,32,6,21,913.52
13633,2025-03-03,389,35,3,18,209.97
13634,2025-04-15,118,53,4,11,257.6
13635,2025-01-18,709,118,4,4,806.21
13636,2025-01-18,678,30,3,17,518.48
13637,2025-07-21,258,61,8,18,720.05
13638,2025-11-26,387,27,6,18,373.44
13639,2025-04-26,506,56,4,4,518.82
13640,2025-06-20,329,49,1,6,409.93
13641,2025-11-28,6,59,3,15,783.84
13642,2025-02-10,352,31,4,21,528.9
13643,2025-03-22,210,52,5,25,737.98
13644,2025-08-07,662,13,4,18,227.11
13645,2025-04-06,619,58,2,7,173.68
13646,2025-09-01,219,67,8,8,530.27
13647,2025-12-23,312,105,2,20,310.7
13648,2025-03-04,565,44,3,24,229.18
13649,2025-10-08,712,6,3,18,429.17
13650,2025-12-03,356,68,1,20,1065.08
13651,2025-10-06,363,103,8,4,445.44
13652,2025-11-23,641,3,1,21,55.71
13653,2025-08-15,137,39,4,2,165.05
13654,2025-04-21,717,31,6,1,623.85
13655,2025-07-27,418,111,6,19,320.81
13656,2025-10-07,452,102,4,21,61.66
13657,2025-08-13,262,43,6,1,385.15
13658,2025-02-19,333,103,2,1,443.43
13659,2025-09-09,166,31,7,20,544.56
13660,2025-11-01,333,84,6,13,274.03
13661,2025-02-15,440,75,3,25,170.52
13662,2025-06-13,120,70,8,8,692.1
13663,2025-12-01,173,11,5,9,699.56
13664,2025-10-08,597,110,8,21,808.15
13665,2025-01-16,716,21,6,23,467.95
13666,2025-01-23,495,53,8,18,280.53
13667,2025-11-30,547,103,7,23,542.93
13668,2025-11-11,701,98,2,9,296.92
13669,2025-06-25,796,65,3,21,989.64
13670,2025-07-09,723,46,3,8,377.76
13671,2025-07-02,546,87,5,9,482.75
13672,2025-09-07,678,51,7,24,682.31
13673,2025-09-21,562,74,6,3,637.42
13674,2025-05-24,139,57,7,5,857.33
13675,2025-09-18,275,43,6,24,329.89
13676,2025-02-04,404,25,3,25,430.11
13677,2025-01-13,574,117,2,22,738.27
13678,2025-03-21,150,61,7,11,931.76
13679,2025-01-09,621,112,4,20,162.31
13680,2025-05-27,486,110,6,5,875.85
13681,2025-09-08,676,42,5,25,308.65
13682,2025-08-30,544,37,3,1,56.05
13683,2025-04-22,117,29,7,21,279.85
13684,2025-10-12,725,47,7,22,695.13
13685,2025-04-15,793,55,1,1,689.39
13686,2025-06-25,256,56,3,17,491.73
13687,2025-03-17,705,28,8,6,730.38
13688,2025-06-19,629,83,4,17,965.8
13689,2025-06-02,377,47,2,12,939.25
13690,2025-12-29,324,43,4,14,326.61
13691,2025-08-27,218,73,6,10,573.54
13692,2025-04-24,463,75,2,16,202.88
13693,2025-05-15,594,97,1,19,177.29
13694,2025-10-02,334,25,6,12,527.84
13695,2025-03-30,687,110,8,8,848.8
13696,2025-08-05,608,81,4,3,820.04
13697,2025-11-08,495,101,3,4,194.55
13698,2025-11-25,783,74,8,25,669.8
13699,2025-08-18,368,91,8,25,1141.95
13700,2025-03-15,666,68,7,3,1155.66
13701,2025-07-03,325,112,7,16,127.95
13702,2025-01-11,454,117,4,1,863.55
13703,2025-11-30,575,1,7,10,728.71
13704,2025-07-11,641,80,6,25,164.24
13705,2025-05-24,47,47,7,24,825.23
13706,2025-09-17,205,14,3,11,130.37
13707,2025-07-23,184,96,4,9,724.72
13708,2025-03-27,771,73,5,24,595.98
13709,2025-01-27,467,96,4,11,837.25
13710,2025-03-28,345,43,7,22,371.83
13711,2025-11-29,9,11,3,1,589.18
13712,2025-10-18,444,21,3,23,462.47
13713,2025-02-10,787,81,2,23,700.23
13714,2025-07-29,71,118,2,25,798.39
13715,2025-11-04,509,1,5,1,611.38
13716,2025-02-12,16,12,1,19,346.03
13717,2025-06-18,247,50,5,8,1094.72
13718,2025-10-06,209,45,1,8,539.34
13719,2025-01-31,330,37,4,11,48.03
13720,2025-07-08,318,33,8,4,173.94
13721,2025-01-29,207,8,7,15,1102.82
13722,2025-03-23,291,68,5,18,1029.92
13723,2025-05-13,405,17,6,21,874.16
13724,2025-07-30,196,33,7,8,213.91
13725,2025-04-16,300,36,8,25,246.9
13726,2025-04-20,191,33,4,18,217.06
13727,2025-04-17,639,29,7,5,438.76
13728,2025-01-09,51,13,3,2,283.69
13729,2025-09-21,227,118,4,12,1195.51
13730,2025-04-17,469,73,3,9,680.73
13731,2025-08-12,696,105,1,15,314.62
13732,2025-08-06,361,4,4,7,193.0
13733,2025-08-12,120,101,1,15,282.22
13734,2025-12-16,673,45,8,8,490.39
13735,2025-06-03,57,24,4,19,725.67
13736,2025-01-19,233,113,5,13,944.81
13737,2025-07-27,222,83,7,12,690.21
13738,2025-04-22,422,108,8,15,95.76
13739,2025-04-07,52,37,8,23,48.5
13740,2025-05-02,59,38,4,6,161.01
13741,2025-02-22,136,45,5,17,597.78
13742,2025-05-02,696,91,8,18,1091.87
13743,2025-03-19,197,3,7,17,57.26
13744,2025-07-07,475,60,2,18,133.84
13745,2025-03-25,367,71,2,18,575.82
13746,2025-08-30,492,64,7,12,175.26
13747,2025-05-26,347,87,8,24,483.04
13748,2025-06-28,66,2,6,7,421.35
13749,2025-02-08,575,103,4,1,481.56
13750,2025-03-25,134,70,3,9,637.61
13751,2025-09-08,17,73,2,5,620.85
13752,2025-05-12,375,25,7,12,654.06
13753,2025-08-10,550,52,6,1,929.21
13754,2025-08-23,569,99,4,14,45.63
13755,2025-02-16,172,70,5,23,632.79
13756,2025-06-23,127,6,7,11,413.01
13757,2025-01-26,663,117,2,8,649.46
13758,2025-03-20,401,103,6,1,507.91
13759,2025-11-13,660,42,7,19,303.81
13760,2025-12-17,396,119,1,3,498.16
13761,2025-10-28,660,1,5,7,894.25
13762,2025-04-02,694,93,1,9,692.4
13763,2025-12-30,349,35,4,6,166.52
13764,2025-02-15,408,116,1,15,590.28
13765,2025-08-27,745,69,3,22,659.88
13766,2025-10-29,316,3,5,7,58.23
13767,2025-05-12,670,98,1,24,273.02
13768,2025-06-01,256,60,1,11,119.53
13769,2025-03-26,450,9,2,18,907.06
13770,2025-07-21,72,28,1,8,779.98
13771,2025-03-07,783,18,7,5,434.98
13772,2025-02-04,540,112,5,13,169.62
13773,2025-09-27,355,29,4,3,360.82
13774,2025-09-16,489,2,1,16,333.03
13775,2025-12-13,701,5,5,6,887.73
13776,2025-05-15,274,25,7,10,628.96
13777,2025-08-05,539,9,8,5,1055.57
13778,2025-01-18,33,86,3,22,243.59
13779,2025-02-08,734,120,6,21,657.39
13780,2025-12-12,138,102,7,11,68.52
13781,2025-12-06,430,83,3,5,783.54
13782,2025-02-15,526,14,4,7,116.25
13783,2025-05-27,26,12,8,17,394.9
13784,2025-02-10,418,72,5,8,476.76
13785,2025-04-16,485,90,4,6,123.51
13786,2025-06-05,334,56,3,23,465.67
13787,2025-04-22,402,114,1,2,359.15
13788,2025-03-25,103,17,6,10,764.9
13789,2025-03-04,173,86,6,10,257.16
13790,2025-07-11,241,66,4,10,359.76
13791,2025-10-13,520,62,6,10,255.5
13792,2025-04-16,693,84,1,15,424.04
13793,2025-05-31,422,53,3,16,252.46
13794,2025-04-16,749,116,1,16,594.68
13795,2025-12-05,618,52,3,16,863.03
13796,2025-08-24,775,59,8,4,812.72
13797,2025-06-14,672,102,7,3,63.46
13798,2025-12-26,211,68,7,12,1138.89
13799,2025-08-26,332,10,8,25,617.22
13800,2025-11-17,690,63,1,21,899.03
13801,2025-09-10,522,21,8,11,340.52
13802,2025-11-07,523,113,7,11,652.95
13803,2025-08-04,275,104,2,18,387.17
13804,2025-12-26,383,69,4,20,449.16
13805,2025-11-29,710,42,6,21,309.61
13806,2025-01-25,29,4,5,7,247.42
13807,2025-06-20,793,19,4,22,673.35
13808,2025-07-24,602,15,2,24,561.11
13809,2025-01-20,705,2,2,11,306.8
13810,2025-02-08,521,84,5,2,323.53
13811,2025-03-01,184,120,3,18,581.4
13812,2025-07-30,437,104,6,5,398.94
13813,2025-03-07,671,38,2,15,126.3
13814,2025-10-10,396,14,3,7,113.51
13815,2025-01-03,683,53,4,19,369.55
13816,2025-10-07,513,12,4,10,424.88
13817,2025-12-20,178,32,6,3,956.14
13818,2025-06-15,518,105,5,21,307.0
13819,2025-06-15,151,55,1,6,967.43
13820,2025-10-13,385,29,7,5,359.08
13821,2025-12-11,598,59,6,21,649.14
13822,2025-03-15,699,79,4,18,393.95
13823,2025-11-07,491,34,8,14,574.86
13824,2025-09-18,119,67,1,10,616.68
13825,2025-05-10,232,88,4,22,602.62
13826,2025-06-26,288,110,3,4,639.58
13827,2025-01-04,400,61,1,22,1049.41
13828,2025-08-07,193,77,4,16,143.52
13829,2025-09-07,451,78,5,9,256.18
13830,2025-04-16,144,85,1,16,179.78
13831,2025-07-09,402,6,4,1,432.37
13832,2025-08-31,592,18,4,1,385.97
13833,2025-06-13,134,29,6,17,307.05
13834,2025-06-13,21,23,4,23,822.51
13835,2025-06-15,679,106,3,21,1153.98
13836,2025-11-18,471,18,3,17,520.73
13837,2025-04-13,468,12,5,22,291.03
13838,2025-10-25,580,53,4,12,246.91
13839,2025-01-28,103,65,3,22,726.17
13840,2025-04-12,127,42,1,6,358.7
13841,2025-10-17,17,64,1,6,220.23
13842,2025-03-16,440,110,6,17,591.43
13843,2025-01-18,241,38,2,12,128.94
13844,2025-03-17,249,108,4,21,96.5
13845,2025-04-08,616,78,7,22,262.97
13846,2025-05-08,284,84,2,16,294.73
13847,2025-03-24,444,23,3,21,1125.76
13848,2025-10-24,295,27,7,2,386.35
13849,2025-04-10,107,56,8,14,465.65
13850,2025-08-21,668,104,8,2,395.94
13851,2025-11-27,604,116,4,1,839.39
13852,2025-12-25,261,49,1,5,462.11
13853,2025-07-06,769,94,8,12,70.21
13854,2025-05-15,762,46,2,10,415.34
13855,2025-01-02,520,39,7,12,203.53
13856,2025-12-15,638,19,5,11,580.73
13857,2025-12-30,432,46,5,11,403.81
13858,2025-12-13,597,66,5,22,311.54
13859,2025-12-20,345,34,5,11,466.33
13860,2025-06-07,324,15,2,4,838.65
13861,2025-07-02,255,101,8,21,244.65
13862,2025-04-11,711,89,2,18,72.76
13863,2025-02-17,694,62,1,11,264.83
13864,2025-08-25,60,47,4,21,640.56
13865,2025-01-03,163,98,1,1,365.01
13866,2025-05-23,156,96,5,6,779.46
13867,2025-02-19,637,39,4,8,163.31
13868,2025-05-13,94,14,6,8,133.9
13869,2025-04-08,365,69,4,25,528.52
13870,2025-09-11,55,21,8,4,403.36
13871,2025-10-12,633,26,3,2,239.79
13872,2025-06-09,640,81,3,25,689.98
13873,2025-02-13,548,42,2,22,321.49
13874,2025-11-21,658,47,4,13,667.02
13875,2025-01-18,475,82,1,24,158.2
13876,2025-06-22,468,98,8,6,276.0
13877,2025-09-19,173,82,6,2,157.64
13878,2025-01-07,362,28,1,11,840.9
13879,2025-11-04,411,78,4,14,208.53
13880,2025-09-11,631,68,5,7,1174.73
13881,2025-01-01,251,58,5,6,162.99
13882,2025-01-11,303,4,2,16,268.47
13883,2025-06-29,616,82,2,15,194.0
13884,2025-10-23,329,118,3,18,1161.54
13885,2025-07-08,176,117,3,9,653.02
13886,2025-08-10,13,28,2,15,559.4
13887,2025-05-22,474,80,3,3,136.23
13888,2025-08-22,18,115,8,1,653.38
13889,2025-10-09,659,25,1,1,598.22
13890,2025-09-30,668,53,7,17,332.12
13891,2025-12-13,561,50,6,25,1079.62
13892,2025-09-20,424,11,8,25,869.99
13893,2025-05-27,505,67,1,6,576.63
13894,2025-04-01,31,73,1,3,697.43
13895,2025-08-26,306,85,6,14,197.51
13896,2025-07-06,149,110,4,25,598.13
13897,2025-01-04,709,46,6,3,455.87
13898,2025-10-25,569,32,3,8,994.62
13899,2025-10-21,170,110,2,6,756.05
13900,2025-01-03,190,93,6,4,848.54
13901,2025-03-01,49,36,5,25,337.77
13902,2025-07-11,392,118,6,24,911.16
13903,2025-08-31,584,90,5,22,127.93
13904,2025-12-25,531,11,6,2,854.84
13905,2025-06-16,256,69,4,9,495.36
13906,2025-04-10,623,28,5,3,780.96
13907,2025-12-26,216,32,1,8,932.44
13908,2025-07-22,667,106,8,9,1108.83
13909,2025-04-10,530,88,5,19,831.87
13910,2025-10-11,109,7,4,21,162.28
13911,2025-07-12,37,63,7,3,772.73
13912,2025-11-06,142,3,6,21,49.72
13913,2025-01-07,470,55,3,19,1024.14
13914,2025-02-21,646,2,5,21,284.61
13915,2025-08-27,633,44,7,25,231.52
13916,2025-09-20,303,17,3,15,864.21
13917,2025-08-18,563,6,5,2,356.7
13918,2025-05-28,686,13,2,14,263.99
13919,2025-11-05,692,56,3,19,642.96
13920,2025-01-19,525,46,8,19,482.21
13921,2025-04-30,70,58,8,21,147.13
13922,2025-04-06,615,72,7,11,442.79
13923,2025-02-01,392,69,6,3,551.29
13924,2025-01-18,105,25,2,3,543.46
13925,2025-10-12,787,19,2,1,629.12
13926,2025-12-16,423,9,4,18,930.62
13927,2025-06-26,97,88,6,15,856.49
13928,2025-02-10,63,87,2,14,583.31
13929,2025-01-04,259,6,4,14,443.58
13930,2025-09-29,666,1,4,1,875.36
13931,2025-03-06,222,56,1,22,490.58
13932,2025-04-26,607,64,6,1,198.54
13933,2025-04-12,435,3,8,10,40.2
13934,2025-06-23,506,108,5,19,93.19
13935,2025-04-01,683,106,6,19,917.42
13936,2025-11-02,53,67,1,17,553.17
13937,2025-08-05,511,92,3,15,675.67
13938,2025-02-25,592,89,1,25,58.01
13939,2025-07-23,403,120,8,12,488.26
13940,2025-08-09,166,115,8,12,756.65
13941,2025-08-04,655,107,5,16,372.87
13942,2025-11-01,453,85,3,20,250.61
13943,2025-11-25,608,1,3,10,588.49
13944,2025-03-27,759,60,2,20,133.1
13945,2025-11-17,196,104,6,18,369.27
13946,2025-05-06,148,55,3,20,943.02
13947,2025-03-11,238,22,2,18,138.11
13948,2025-01-14,196,106,6,6,1154.53
13949,2025-04-05,177,18,2,21,579.4
13950,2025-04-14,672,101,3,16,194.01
13951,2025-03-11,177,57,6,19,737.92
13952,2025-10-30,289,2,7,16,411.31
13953,2025-04-18,194,30,4,19,629.66
13954,2025-08-28,484,97,2,18,192.59
13955,2025-12-30,208,112,1,10,105.88
13956,2025-04-06,478,8,2,3,1050.2
13957,2025-06-29,385,95,8,5,321.51
13958,2025-01-09,257,26,8,3,256.09
13959,2025-10-13,85,22,3,19,152.58
13960,2025-08-17,8,108,7,8,80.91
13961,2025-04-12,97,35,5,7,168.39
13962,2025-11-02,678,62,7,24,321.97
13963,2025-11-12,708,54,5,5,46.58
13964,2025-04-15,693,52,2,1,763.75
13965,2025-06-03,420,77,2,18,119.59
13966,2025-04-21,296,106,1,7,1197.33
13967,2025-09-05,436,50,2,25,1053.76
13968,2025-10-16,32,103,2,16,419.41
13969,2025-04-13,281,34,8,11,497.82
13970,2025-04-25,411,116,8,5,756.91
13971,2025-12-27,742,22,4,10,133.03
13972,2025-11-18,229,44,1,8,214.24
13973,2025-02-03,706,54,3,9,51.07
13974,2025-12-07,270,43,5,7,361.26
13975,2025-08-03,526,116,8,1,863.76
13976,2025-03-20,683,54,8,14,48.79
13977,2025-06-16,706,43,2,18,348.45
13978,2025-08-21,529,98,1,22,248.45
13979,2025-12-26,618,118,3,20,824.78
13980,2025-04-02,425,113,6,14,911.88
13981,2025-07-04,58,104,6,4,382.14
13982,2025-07-19,226,114,7,7,275.38
13983,2025-04-18,232,82,2,17,173.78
13984,2025-05-16,377,76,1,14,1090.17
13985,2025-03-25,431,58,6,18,127.74
13986,2025-09-11,741,99,2,13,49.69
13987,2025-01-04,733,107,2,6,489.12
13988,2025-11-07,101,53,1,18,362.07
13989,2025-02-01,568,19,4,8,691.88
13990,2025-07-13,466,51,6,11,878.2
13991,2025-05-29,7,57,4,13,787.75
13992,2025-08-22,435,34,5,6,487.15
13993,2025-05-09,653,82,4,11,184.88
13994,2025-06-24,237,64,4,19,218.43
13995,2025-08-26,529,53,4,25,332.4
13996,2025-06-13,180,62,6,4,226.47
13997,2025-08-13,712,90,5,10,100.47
13998,2025-10-14,42,116,7,3,750.03
13999,2025-08-29,526,33,4,24,178.91
14000,2025-03-23,191,101,3,13,240.21
14001,2025-07-06,789,105,4,24,276.55
14002,2025-06-23,669,30,2,20,423.9
14003,2025-04-27,449,44,7,13,230.84
14004,2025-05-30,417,51,8,24,920.2
14005,2025-02-27,120,73,5,12,715.2
14006,2025-07-20,692,21,7,13,408.56
14007,2025-07-21,267,111,8,20,280.29
14008,2025-01-30,746,40,2,23,452.52
14009,2025-05-24,71,61,1,7,1123.7
14010,2025-01-26,342,100,2,23,261.07
14011,2025-12-18,295,87,2,3,595.61
14012,2025-01-24,53,46,8,5,453.71
14013,2025-12-16,410,25,6,17,487.66
14014,2025-09-04,741,28,7,19,695.53
14015,2025-11-20,441,17,4,14,772.28
14016,2025-02-11,779,99,8,18,31.37
14017,2025-01-25,271,4,7,2,230.19
14018,2025-08-17,176,54,2,9,35.69
14019,2025-11-26,605,26,2,15,275.58
14020,2025-09-02,493,23,2,3,1245.47
14021,2025-10-13,156,10,6,2,767.42
14022,2025-07-30,125,23,3,21,825.27
14023,2025-07-20,642,35,4,7,213.93
14024,2025-01-02,502,68,5,20,1036.95
14025,2025-06-01,155,75,3,17,142.24
14026,2025-03-04,344,27,5,3,358.26
14027,2025-09-27,370,37,4,12,50.33
14028,2025-08-22,514,12,1,9,328.85
14029,2025-11-03,326,46,6,3,316.55
14030,2025-03-16,52,46,8,4,476.18
14031,2025-01-25,376,109,6,1,64.8
14032,2025-02-05,331,45,6,20,450.26
14033,2025-07-14,752,2,8,13,320.72
14034,2025-05-22,644,75,2,24,192.47
14035,2025-06-01,654,60,6,9,107.53
14036,2025-12-13,557,62,2,10,223.0
14037,2025-05-31,747,94,8,24,70.11
14038,2025-06-21,551,4,6,4,228.41
14039,2025-12-14,652,92,8,20,681.06
14040,2025-04-25,358,50,7,4,721.87
14041,2025-03-20,272,9,7,16,1038.6
14042,2025-08-28,285,82,2,18,178.21
14043,2025-06-12,287,92,1,24,778.19
14044,2025-12-16,366,8,7,14,775.75
14045,2025-01-27,661,111,7,16,255.62
14046,2025-05-13,107,58,1,14,172.63
14047,2025-11-13,213,55,3,17,917.93
14048,2025-11-11,129,96,3,2,710.89
14049,2025-08-06,617,67,8,17,630.95
14050,2025-02-04,464,15,8,13,579.74
14051,2025-11-05,725,117,2,19,965.82
14052,2025-07-29,211,72,2,10,335.17
14053,2025-06-08,628,54,1,23,45.59
14054,2025-07-27,124,111,2,21,333.97
14055,2025-09-22,134,10,7,14,757.88
14056,2025-01-23,228,18,1,14,443.47
14057,2025-02-13,794,65,5,3,949.92
14058,2025-06-21,220,84,8,1,355.41
14059,2025-08-03,586,25,8,2,521.46
14060,2025-12-10,571,107,6,25,419.55
14061,2025-03-26,225,10,5,7,804.22
14062,2025-10-26,540,119,5,21,583.6
14063,2025-09-29,655,74,3,25,485.4
14064,2025-03-02,150,114,1,4,277.06
14065,2025-12-11,636,76,6,1,854.51
14066,2025-11-26,152,113,3,21,971.16
14067,2025-05-21,533,115,3,13,758.36
14068,2025-08-13,349,25,6,12,531.19
14069,2025-06-07,675,23,4,18,940.56
14070,2025-03-20,425,119,5,23,531.18
14071,2025-10-02,121,98,1,5,345.96
14072,2025-01-22,243,54,6,18,51.76
14073,2025-12-02,608,30,4,18,535.68
14074,2025-04-02,636,96,1,20,819.88
14075,2025-11-16,674,17,6,2,707.71
14076,2025-07-05,467,62,6,24,309.94
14077,2025-07-24,362,91,1,12,832.13
14078,2025-01-06,759,12,7,12,319.98
14079,2025-09-19,629,16,4,7,65.34
14080,2025-02-25,269,86,3,18,247.12
14081,2025-06-17,107,38,1,4,168.41
14082,2025-03-18,307,74,1,16,571.57
14083,2025-03-06,288,5,1,7,992.47
14084,2025-05-09,520,66,1,4,467.69
14085,2025-09-05,746,56,2,6,474.1
14086,2025-08-11,292,50,7,3,760.12
14087,2025-01-17,426,72,8,5,382.26
14088,2025-06-16,123,31,2,25,470.63
14089,2025-01-06,595,57,2,24,611.79
14090,2025-01-19,124,91,7,17,1157.35
14091,2025-10-11,515,16,2,15,58.03
14092,2025-03-20,64,101,8,15,187.57
14093,2025-05-21,34,86,3,10,239.22
14094,2025-10-02,769,86,6,19,303.68
14095,2025-03-31,409,79,5,9,390.13
14096,2025-09-04,741,91,3,14,730.4
14097,2025-08-22,749,7,3,3,185.48
14098,2025-09-10,333,10,2,2,664.19
14099,2025-04-08,302,38,5,21,170.64
14100,2025-12-18,208,61,7,20,957.55
14101,2025-01-13,626,18,5,1,584.26
14102,2025-02-10,443,103,4,17,369.31
14103,2025-06-16,576,40,2,8,488.34
14104,2025-03-22,582,118,6,3,970.58
14105,2025-09-24,703,17,1,9,629.81
14106,2025-07-09,503,18,2,12,452.54
14107,2025-08-10,215,51,3,12,1038.28
14108,2025-06-29,350,10,1,21,725.39
14109,2025-08-29,503,92,3,13,626.18
14110,2025-03-27,252,8,8,5,796.7
14111,2025-03-19,445,55,7,2,765.12
14112,2025-04-10,786,106,4,7,1192.94
14113,2025-05-13,208,116,8,19,812.96
14114,2025-02-17,169,18,8,15,383.55
14115,2025-04-08,287,69,6,11,536.29
14116,2025-06-01,185,40,5,14,400.1
14117,2025-11-26,426,52,5,7,939.27
14118,2025-07-25,334,73,4,13,657.29
14119,2025-09-09,497,49,1,3,430.29
14120,2025-08-01,425,26,1,12,214.07
14121,2025-04-06,674,88,5,15,733.98
14122,2025-11-09,473,51,6,3,951.83
14123,2025-08-24,366,103,8,10,535.17
14124,2025-01-11,590,23,3,12,956.61
14125,2025-02-19,576,67,8,22,684.22
14126,2025-01-18,723,17,8,21,935.98
14127,2025-08-08,491,98,8,7,290.83
14128,2025-08-16,443,101,3,16,258.32
14129,2025-07-10,150,79,7,8,409.46
14130,2025-08-05,670,40,8,22,472.14
14131,2025-10-17,554,91,7,13,871.1
14132,2025-02-10,587,92,5,22,877.83
14133,2025-04-24,735,2,4,8,315.5
14134,2025-11-14,538,74,3,10,682.53
14135,2025-04-06,619,72,5,25,374.56
14136,2025-01-29,635,14,4,11,150.84
14137,2025-10-02,787,99,6,20,46.95
14138,2025-11-28,563,85,4,18,247.59
14139,2025-02-07,408,92,4,10,656.41
14140,2025-03-26,407,107,1,20,566.34
14141,2025-12-30,78,119,6,9,599.58
14142,2025-04-21,657,26,8,23,282.97
14143,2025-01-29,572,3,3,8,57.89
14144,2025-10-04,284,97,5,13,151.23
14145,2025-08-29,384,103,5,7,435.71
14146,2025-08-18,545,68,1,17,960.12
14147,2025-09-08,314,17,6,17,784.26
14148,2025-02-08,380,117,1,5,727.9
14149,2025-09-12,473,31,3,15,660.97
14150,2025-04-17,345,93,7,12,782.58
14151,2025-07-03,495,28,7,8,760.3
14152,2025-12-06,274,115,6,23,786.25
14153,2025-08-01,732,9,4,3,813.69
14154,2025-08-06,577,17,2,20,815.8
14155,2025-01-05,300,43,1,6,370.95
14156,2025-05-05,662,41,7,12,631.89
14157,2025-11-09,492,120,6,10,673.76
14158,2025-09-10,709,70,3,5,801.71
14159,2025-04-01,149,113,7,17,628.07
14160,2025-12-21,596,35,1,13,163.06
14161,2025-06-29,325,33,4,10,218.44
14162,2025-05-18,510,29,7,14,371.56
14163,2025-06-20,277,75,1,20,178.31
14164,2025-06-04,60,88,8,13,662.48
14165,2025-08-02,362,83,6,5,665.82
14166,2025-10-26,450,29,1,10,340.88
14167,2025-08-02,453,69,7,11,568.2
14168,2025-02-13,335,89,2,16,61.42
14169,2025-09-26,409,3,2,25,45.65
14170,2025-05-04,607,77,7,13,134.34
14171,2025-01-18,658,36,4,9,212.28
14172,2025-11-10,32,37,7,3,65.03
14173,2025-03-21,268,76,2,22,1169.17
14174,2025-09-16,389,41,4,16,686.05
14175,2025-10-23,95,75,3,19,202.58
14176,2025-02-25,271,96,6,16,739.1
14177,2025-07-01,151,111,2,8,396.62
14178,2025-09-10,50,19,6,10,513.72
14179,2025-11-25,540,50,3,2,754.06
14180,2025-01-22,641,79,5,10,301.5
14181,2025-06-01,197,31,7,4,567.18
14182,2025-07-12,501,47,6,12,665.31
14183,2025-05-12,1,104,6,14,418.26
14184,2025-09-17,153,109,2,21,73.32
14185,2025-07-10,419,70,3,23,690.31
14186,2025-02-27,514,28,4,14,586.84
14187,2025-06-22,551,31,5,22,441.8
14188,2025-09-25,779,10,1,1,788.09
14189,2025-07-07,355,25,4,10,514.4
14190,2025-02-08,59,55,2,3,1030.09
14191,2025-03-09,720,74,1,25,496.85
14192,2025-11-17,49,118,4,21,1138.4
14193,2025-08-10,572,67,7,21,665.19
14194,2025-04-17,585,27,6,4,341.18
14195,2025-02-04,502,40,7,14,380.65
14196,2025-04-06,118,53,7,2,264.01
14197,2025-04-21,454,34,7,3,445.53
14198,2025-04-05,328,47,3,15,765.79
14199,2025-06-14,633,34,7,24,515.15
14200,2025-01-30,582,39,1,14,172.81
14201,2025-06-19,680,6,3,8,389.22
14202,2025-03-31,255,26,3,8,242.95
14203,2025-05-10,183,35,6,23,158.38
14204,2025-09-15,314,115,3,18,702.27
14205,2025-02-04,340,86,6,18,239.26
14206,2025-03-13,515,2,3,13,305.83
14207,2025-08-12,496,21,7,10,448.39
14208,2025-09-11,499,117,8,11,867.07
14209,2025-04-12,194,86,5,13,236.97
14210,2025-12-29,106,102,2,7,63.3
14211,2025-11-11,731,20,4,3,450.98
14212,2025-03-02,50,73,6,10,679.67
14213,2025-07-12,465,117,1,23,1006.32
14214,2025-05-03,561,31,3,5,440.03
14215,2025-07-03,154,84,3,20,415.11
14216,2025-11-14,404,14,3,18,101.7
14217,2025-03-30,375,97,7,1,175.73
14218,2025-07-19,709,105,8,1,243.39
14219,2025-05-28,614,20,8,24,386.08
14220,2025-08-07,274,99,5,11,42.3
14221,2025-10-24,683,26,4,17,197.77
14222,2025-06-18,454,95,7,18,245.65
14223,2025-04-06,708,54,5,1,52.1
14224,2025-11-23,126,76,8,20,826.77
14225,2025-07-18,396,83,4,8,941.63
14226,2025-01-13,648,29,6,11,274.97
14227,2025-03-26,242,76,8,5,1001.46
14228,2025-07-09,498,43,4,17,275.57
14229,2025-05-11,329,97,4,21,140.8
14230,2025-01-15,98,63,5,24,774.75
14231,2025-04-16,563,33,4,4,145.78
14232,2025-02-03,153,78,8,14,259.57
14233,2025-09-05,228,9,1,14,993.13
14234,2025-02-05,537,71,2,24,615.97
14235,2025-08-08,135,103,6,8,508.48
14236,2025-05-18,286,118,4,20,1219.73
14237,2025-05-14,470,61,1,1,883.26
14238,2025-11-06,565,87,3,22,530.98
14239,2025-11-23,779,80,4,20,121.66
14240,2025-05-01,441,109,6,10,63.63
14241,2025-06-22,777,93,5,11,743.05
14242,2025-07-14,439,78,2,15,273.52
14243,2025-09-25,115,119,8,7,542.04
14244,2025-04-09,531,70,3,11,855.3
14245,2025-11-29,286,78,3,22,179.4
14246,2025-05-27,795,6,4,9,295.1
14247,2025-01-23,787,81,2,10,601.18
14248,2025-08-15,90,120,6,2,555.66
14249,2025-05-15,258,15,8,2,553.59
14250,2025-02-19,421,82,3,17,191.24
14251,2025-12-14,330,86,4,14,311.67
14252,2025-11-03,148,81,4,3,841.23
14253,2025-10-05,187,114,2,23,359.52
14254,2025-10-08,380,60,6,5,96.99
14255,2025-06-23,219,65,4,5,705.98
14256,2025-04-18,306,116,8,3,691.89
14257,2025-08-21,796,31,5,14,451.46
14258,2025-08-21,177,110,7,6,679.57
14259,2025-10-11,793,93,4,22,621.07
14260,2025-01-03,475,32,3,13,1003.83
14261,2025-02-08,425,47,5,19,870.89
14262,2025-12-18,339,115,6,2,630.64
14263,2025-04-10,425,32,4,18,999.79
14264,2025-06-12,479,60,3,14,86.96
14265,2025-11-15,399,29,6,9,368.77
14266,2025-08-07,309,63,2,17,868.64
14267,2025-06-13,216,50,7,5,778.62
14268,2025-04-10,7,118,4,14,1233.19
14269,2025-03-27,612,21,4,2,464.05
14270,2025-10-16,339,19,1,7,589.65
14271,2025-03-06,582,119,3,7,566.45
14272,2025-09-03,272,16,8,20,46.3
14273,2025-02-17,744,57,5,5,728.03
14274,2025-04-20,583,59,5,11,816.42
14275,2025-04-13,351,89,7,23,72.65
14276,2025-11-02,508,5,4,16,898.66
14277,2025-01-01,468,92,1,3,920.5
14278,2025-03-14,280,76,4,1,823.61
14279,2025-04-13,103,43,5,25,311.33
14280,2025-08-11,177,39,2,7,216.13
14281,2025-09-29,302,81,7,1,664.92
14282,2025-06-20,493,119,1,13,471.99
14283,2025-02-27,232,8,4,8,923.97
14284,2025-08-08,184,80,3,10,133.53
14285,2025-01-17,527,85,7,19,222.5
14286,2025-12-20,648,4,6,24,257.4
14287,2025-06-14,651,99,7,8,49.43
14288,2025-08-06,82,94,7,25,65.05
14289,2025-04-25,743,57,1,24,889.29
14290,2025-05-10,182,9,4,7,773.31
14291,2025-05-17,366,3,7,21,44.63
14292,2025-11-07,476,99,6,18,45.29
14293,2025-12-30,98,27,8,19,432.01
14294,2025-01-26,430,56,1,17,456.28
14295,2025-10-26,355,89,4,20,78.74
14296,2025-03-10,349,20,4,22,482.11
14297,2025-08-29,140,107,4,23,438.05
14298,2025-10-20,24,30,1,20,615.24
14299,2025-08-02,461,65,3,14,665.23
14300,2025-10-13,570,55,6,16,768.05
14301,2025-08-19,440,57,8,12,807.04
14302,2025-05-27,631,17,6,16,791.76
14303,2025-04-19,531,49,5,5,453.21
14304,2025-09-06,194,110,4,18,773.66
14305,2025-02-14,525,87,1,11,466.16
14306,2025-01-21,322,31,7,20,458.41
14307,2025-09-06,642,7,3,19,245.27
14308,2025-01-23,335,36,5,7,264.09
14309,2025-04-09,800,74,7,18,442.46
14310,2025-08-01,654,79,1,21,374.93
14311,2025-09-27,2,45,1,2,601.17
14312,2025-11-29,550,91,8,8,1142.09
14313,2025-09-24,330,27,6,3,516.76
14314,2025-11-21,198,53,8,12,259.44
14315,2025-03-29,548,88,1,24,806.09
14316,2025-07-10,525,22,1,5,188.55
14317,2025-01-15,701,115,3,9,629.26
14318,2025-02-10,770,37,1,12,49.91
14319,2025-09-28,645,58,7,17,198.89
14320,2025-09-29,269,57,1,22,844.54
14321,2025-04-01,297,109,3,3,72.75
14322,2025-06-18,53,20,1,22,361.45
14323,2025-04-11,706,79,6,17,435.23
14324,2025-10-15,215,70,3,1,837.57
14325,2025-04-17,513,29,1,6,379.4
14326,2025-10-10,584,21,8,12,427.97
14327,2025-09-26,713,56,2,11,491.87
14328,2025-03-01,553,14,6,2,138.74
14329,2025-11-02,715,98,8,21,274.45
14330,2025-01-30,584,36,6,23,226.55
14331,2025-10-06,250,14,6,11,114.3
14332,2025-01-17,13,73,1,4,589.27
14333,2025-12-28,386,83,5,7,837.26
14334,2025-12-22,585,38,6,9,146.68
14335,2025-03-31,465,88,1,14,761.89
14336,2025-10-05,505,84,3,12,366.42
14337,2025-07-10,11,4,8,11,197.89
14338,2025-04-12,557,7,1,14,244.91
14339,2025-02-12,471,109,6,24,61.17
14340,2025-10-06,120,40,7,14,381.74
14341,2025-06-29,430,103,1,25,518.43
14342,2025-03-23,536,90,4,17,109.9
14343,2025-12-17,319,33,2,3,183.43
14344,2025-04-18,733,90,3,10,137.09
14345,2025-06-03,528,118,1,15,1217.39
14346,2025-01-15,485,73,4,24,581.09
14347,2025-08-15,182,48,8,11,251.16
14348,2025-01-16,704,58,4,21,167.84
14349,2025-04-15,409,15,3,14,664.38
14350,2025-09-02,484,4,2,1,250.97
14351,2025-08-24,457,98,5,3,331.15
14352,2025-11-06,255,42,3,25,424.38
14353,2025-10-12,244,97,3,15,164.14
14354,2025-10-01,137,28,1,14,596.27
14355,2025-08-01,195,14,5,24,120.0
14356,2025-06-06,326,92,5,12,613.93
14357,2025-07-28,162,68,6,24,885.71
14358,2025-03-14,726,25,3,22,641.44
14359,2025-09-18,757,92,6,2,787.74
14360,2025-09-09,42,61,7,10,1016.08
14361,2025-04-09,351,95,1,21,272.9
14362,2025-10-30,620,74,8,2,543.18
14363,2025-08-25,90,57,7,1,666.58
14364,2025-03-22,390,46,8,14,472.13
14365,2025-04-04,136,90,3,4,155.22
14366,2025-03-27,230,76,6,9,1049.5
14367,2025-05-15,772,11,7,15,706.55
14368,2025-08-15,746,2,7,17,335.56
14369,2025-07-09,72,2,1,25,404.21
14370,2025-02-27,631,8,8,3,891.42
14371,2025-12-27,786,99,6,20,33.67
14372,2025-06-29,370,47,3,25,942.39
14373,2025-09-09,58,6,3,15,351.52
14374,2025-06-13,389,47,8,21,763.18
14375,2025-06-02,23,119,3,7,432.45
14376,2025-09-11,123,67,1,6,682.1
14377,2025-10-03,800,23,3,3,999.11
14378,2025-01-08,491,88,8,24,909.48
14379,2025-02-04,726,106,1,8,1232.87
14380,2025-10-25,432,91,6,19,1068.53
14381,2025-02-07,336,9,7,8,936.06
14382,2025-10-07,733,110,7,8,579.78
14383,2025-05-13,416,71,5,14,528.38
14384,2025-08-30,618,116,4,2,786.41
14385,2025-05-13,577,106,6,20,1024.38
14386,2025-09-16,544,61,3,20,1083.27
14387,2025-12-18,138,43,2,6,367.55
14388,2025-01-05,790,38,4,20,191.67
14389,2025-07-06,198,48,3,17,183.58
14390,2025-06-15,307,107,7,11,536.68
14391,2025-02-04,606,26,7,23,243.42
14392,2025-11-19,532,51,1,17,955.01
14393,2025-08-10,565,77,5,12,117.82
14394,2025-10-26,715,64,5,13,210.8
14395,2025-08-29,589,49,4,6,469.04
14396,2025-07-07,360,94,7,1,48.26
14397,2025-01-22,675,64,7,20,230.99
14398,2025-09-10,643,72,7,6,434.96
14399,2025-01-03,522,18,4,22,512.05
14400,2025-05-07,678,47,6,2,785.83
14401,2025-10-21,698,89,6,24,59.2
14402,2025-09-16,741,6,1,23,323.56
14403,2025-04-01,518,19,8,6,436.81
14404,2025-03-03,62,52,1,20,823.64
14405,2025-09-05,89,16,2,21,51.61
14406,2025-04-11,506,113,3,4,875.06
14407,2025-10-16,438,100,3,22,211.89
14408,2025-08-25,57,1,8,20,736.69
14409,2025-08-24,749,89,1,2,59.81
14410,2025-11-26,775,54,3,17,52.72
14411,2025-01-29,99,38,7,13,163.23
14412,2025-01-20,41,118,2,8,1151.21
14413,2025-01-12,31,19,5,25,644.65
14414,2025-12-26,266,1,3,11,911.94
14415,2025-12-15,753,42,5,2,380.62
14416,2025-05-08,380,56,3,1,428.85
14417,2025-12-31,167,26,8,19,299.78
14418,2025-08-22,577,101,5,3,272.81
14419,2025-11-05,43,1,2,11,664.54
14420,2025-08-02,633,51,5,5,727.05
14421,2025-05-06,66,13,3,14,283.46
14422,2025-06-05,112,30,1,19,399.6
14423,2025-04-08,364,77,6,25,92.81
14424,2025-09-18,185,55,5,13,727.61
14425,2025-01-17,266,102,8,16,56.13
14426,2025-06-14,650,70,2,23,714.28
14427,2025-05-19,586,75,8,20,169.51
14428,2025-12-10,486,26,3,18,219.91
14429,2025-06-23,672,111,7,10,292.22
14430,2025-11-07,98,75,7,15,221.02
14431,2025-07-10,38,25,3,18,447.28
14432,2025-07-14,30,86,7,3,226.03
14433,2025-09-29,580,13,1,3,287.12
14434,2025-07-10,618,83,2,20,931.72
14435,2025-06-02,210,96,6,9,915.19
14436,2025-12-09,415,64,2,19,161.1
14437,2025-09-26,537,8,1,4,1103.98
14438,2025-05-19,533,100,4,18,237.93
14439,2025-02-10,493,15,7,24,684.84
14440,2025-10-22,664,96,3,2,705.77
14441,2025-07-13,83,79,1,10,313.18
14442,2025-08-31,504,3,6,18,60.35
14443,2025-02-05,569,88,7,15,914.31
14444,2025-02-11,602,71,5,11,490.65
14445,2025-08-29,418,24,4,4,551.66
14446,2025-08-13,447,36,1,15,291.92
14447,2025-08-05,504,7,5,13,191.78
14448,2025-11-03,421,77,6,11,114.95
14449,2025-03-03,203,61,5,12,860.48
14450,2025-09-15,286,77,5,18,133.83
14451,2025-01-30,10,11,2,8,599.1
14452,2025-06-30,625,11,8,21,692.94
14453,2025-04-15,238,88,7,17,616.67
14454,2025-12-18,93,83,1,17,989.8
14455,2025-06-10,706,107,8,10,439.25
14456,2025-01-21,80,53,4,12,384.84
14457,2025-03-18,629,59,5,11,507.99
14458,2025-05-16,689,37,5,13,61.11
14459,2025-01-08,600,118,7,5,1028.51
14460,2025-04-11,56,29,4,18,334.63
14461,2025-11-18,533,20,4,22,421.39
14462,2025-11-23,621,83,1,8,726.43
14463,2025-09-01,711,86,4,23,262.88
14464,2025-04-25,149,116,7,8,604.57
14465,2025-07-20,489,62,8,15,301.54
14466,2025-05-23,165,31,7,25,513.04
14467,2025-12-15,514,34,5,21,611.75
14468,2025-12-07,314,85,2,18,221.36
14469,2025-02-05,585,3,5,6,47.87
14470,2025-06-18,711,38,6,14,139.19
14471,2025-12-29,646,93,7,1,805.78
14472,2025-08-03,566,57,2,23,817.25
14473,2025-10-16,791,54,3,18,42.27
14474,2025-10-10,396,116,3,22,898.67
14475,2025-04-04,135,103,5,22,511.58
14476,2025-04-04,522,35,5,24,144.82
14477,2025-03-22,153,61,6,14,940.82
14478,2025-04-21,763,4,6,4,253.67
14479,2025-07-30,526,53,4,12,379.5
14480,2025-03-15,436,27,4,9,411.15
14481,2025-12-20,24,106,4,13,913.39
14482,2025-03-28,698,116,4,4,827.18
14483,2025-02-18,9,48,6,6,210.06
14484,2025-12-13,492,117,7,8,883.6
14485,2025-08-27,515,99,5,16,38.58
14486,2025-06-08,320,98,5,7,270.78
14487,2025-04-25,687,100,7,23,204.4
14488,2025-01-09,573,21,5,19,475.21
14489,2025-07-07,539,101,8,6,286.31
14490,2025-02-26,381,39,8,15,231.06
14491,2025-02-20,362,35,2,24,179.0
14492,2025-11-01,136,83,7,4,865.78
14493,2025-09-06,210,23,4,13,1041.84
14494,2025-02-23,528,104,7,22,427.99
14495,2025-08-02,169,34,5,17,430.1
14496,2025-12-30,630,120,2,8,632.18
14497,2025-08-07,315,63,2,22,787.45
14498,2025-06-17,424,26,3,4,294.91
14499,2025-02-10,208,83,3,10,791.01
14500,2025-05-26,699,98,4,3,356.91
14501,2025-03-21,383,96,6,2,890.9
14502,2025-04-08,702,23,4,3,861.94
14503,2025-07-08,517,70,1,24,751.03
14504,2025-11-22,685,67,7,11,765.06
14505,2025-01-10,428,115,5,18,653.18
14506,2025-10-22,214,61,3,23,712.14
14507,2025-12-21,381,109,1,6,55.05
14508,2025-05-31,65,81,6,15,539.42
14509,2025-12-12,91,71,7,20,624.89
14510,2025-04-20,43,18,3,10,592.62
14511,2025-01-09,611,108,4,18,95.24
14512,2025-09-27,177,25,6,1,659.05
14513,2025-07-01,237,113,5,7,704.69
14514,2025-08-28,458,89,7,20,83.01
14515,2025-05-14,520,10,2,21,523.76
14516,2025-01-22,15,75,5,23,146.22
14517,2025-09-22,296,70,7,25,641.78
14518,2025-09-03,172,72,4,17,424.04
14519,2025-04-21,252,54,1,20,54.54
14520,2025-06-18,215,66,3,8,325.15
14521,2025-09-30,336,48,4,13,212.4
14522,2025-12-13,465,74,8,8,561.1
14523,2025-08-16,733,13,2,12,259.46
14524,2025-03-11,718,47,3,8,677.57
14525,2025-07-10,276,94,1,20,61.03
14526,2025-05-03,51,21,3,14,465.2
14527,2025-04-01,411,50,7,15,932.93
14528,2025-05-04,241,111,2,20,336.12
14529,2025-09-09,591,16,2,11,58.77
14530,2025-08-28,310,115,8,21,732.15
14531,2025-01-05,139,55,1,22,1047.21
14532,2025-03-05,534,119,7,17,412.23
14533,2025-12-20,478,8,1,19,873.12
14534,2025-08-07,531,35,7,18,181.86
14535,2025-07-24,367,26,5,25,194.77
14536,2025-03-23,274,39,6,23,212.75
14537,2025-12-13,799,109,7,7,53.57
14538,2025-10-28,794,43,7,1,265.56
14539,2025-07-26,584,24,4,4,542.03
14540,2025-01-14,451,35,4,24,193.59
14541,2025-04-10,521,53,8,23,351.0
14542,2025-03-18,90,7,5,3,170.46
14543,2025-09-11,42,106,2,20,1043.12
14544,2025-12-30,575,10,2,25,570.0
14545,2025-05-08,406,60,2,22,130.66
14546,2025-09-11,418,45,7,18,574.34
14547,2025-12-07,188,17,3,22,906.77
14548,2025-05-21,498,120,8,23,625.81
14549,2025-03-15,130,66,1,19,460.96
14550,2025-09-02,252,102,5,22,73.71
14551,2025-10-15,529,21,5,4,481.11
14552,2025-11-30,233,19,8,10,476.83
14553,2025-01-03,381,22,5,6,134.23
14554,2025-12-31,74,19,8,15,573.44
14555,2025-05-14,776,15,7,11,632.8
14556,2025-03-22,549,96,7,21,612.15
14557,2025-11-09,27,23,8,20,1108.15
14558,2025-06-12,345,16,5,11,60.44
14559,2025-08-03,601,42,8,5,350.76
14560,2025-11-12,180,89,8,19,71.98
14561,2025-02-02,760,12,8,20,430.92
14562,2025-11-09,662,61,5,25,1132.98
14563,2025-10-24,549,119,5,18,506.11
14564,2025-05-10,390,24,7,7,728.51
14565,2025-12-10,769,25,5,15,635.72
14566,2025-02-18,485,117,3,14,653.52
14567,2025-06-17,55,91,8,11,1133.17
14568,2025-06-05,571,82,2,21,162.38
14569,2025-03-23,145,39,1,25,176.45
14570,2025-07-10,789,109,8,4,54.54
14571,2025-10-05,206,47,3,6,664.65
14572,2025-04-20,671,85,2,23,174.4
14573,2025-06-16,236,25,5,17,467.92
14574,2025-05-06,502,60,7,3,134.05
14575,2025-07-24,471,1,5,23,664.92
14576,2025-07-08,741,120,2,15,637.46
14577,2025-01-01,73,42,7,13,335.89
14578,2025-06-07,656,45,1,16,650.53
14579,2025-10-07,296,89,7,5,56.48
14580,2025-11-21,527,68,3,21,858.32
14581,2025-12-19,697,11,2,8,682.17
14582,2025-12-19,156,12,3,2,297.82
14583,2025-07-30,173,78,3,6,253.51
14584,2025-06-20,672,116,5,17,741.94
14585,2025-04-22,436,65,2,4,716.35
14586,2025-08-19,340,50,7,11,863.89
14587,2025-06-25,389,19,8,20,518.7
14588,2025-05-11,774,17,4,5,714.49
14589,2025-10-28,788,107,8,17,381.73
14590,2025-07-23,117,90,6,9,115.04
14591,2025-01-10,406,95,5,23,292.72
14592,2025-02-21,611,11,3,25,686.61
14593,2025-01-12,15,62,6,22,294.88
14594,2025-11-12,430,78,5,18,200.81
14595,2025-02-03,773,58,7,8,184.79
14596,2025-01-03,305,66,2,24,343.65
14597,2025-04-27,432,75,4,21,189.0
14598,2025-08-02,759,23,7,2,1043.29
14599,2025-01-30,546,116,4,23,639.69
14600,2025-04-12,699,12,5,2,410.64
14601,2025-02-16,484,68,2,3,907.84
14602,2025-07-28,517,78,6,12,265.49
14603,2025-05-27,515,16,7,14,64.0
14604,2025-01-19,519,95,2,4,372.46
14605,2025-05-26,552,103,7,14,431.04
14606,2025-05-19,122,71,7,22,551.66
14607,2025-10-23,569,85,7,9,190.43
14608,2025-02-22,777,20,1,6,369.24
14609,2025-03-21,679,51,1,9,890.48
14610,2025-05-05,117,116,3,24,863.77
14611,2025-10-13,108,56,2,19,573.49
14612,2025-02-20,431,43,6,5,397.41
14613,2025-05-05,208,72,7,18,316.05
14614,2025-05-26,496,20,2,14,365.92
14615,2025-10-09,133,60,8,2,109.91
14616,2025-09-09,294,2,5,25,312.72
14617,2025-07-21,457,105,3,22,277.53
14618,2025-05-24,186,39,5,19,254.11
14619,2025-12-14,518,2,5,6,428.45
14620,2025-09-17,431,47,6,12,743.13
14621,2025-11-28,647,23,5,2,816.26
14622,2025-06-08,643,58,6,14,193.16
14623,2025-08-24,215,41,1,16,985.56
14624,2025-06-28,222,6,5,2,353.93
14625,2025-09-30,176,33,6,10,190.45
14626,2025-04-19,471,93,4,1,778.66
14627,2025-01-10,736,23,8,9,1093.19
14628,2025-03-29,609,36,5,24,293.73
14629,2025-03-07,202,72,1,3,307.88
14630,2025-12-19,562,57,5,16,869.7
14631,2025-07-28,717,98,1,8,341.81
14632,2025-06-14,579,14,1,25,157.86
14633,2025-06-11,524,57,5,15,916.03
14634,2025-08-09,387,19,2,19,662.72
14635,2025-05-02,216,107,3,9,467.22
14636,2025-10-09,47,118,6,21,1139.26
14637,2025-02-24,324,92,7,12,814.5
14638,2025-12-12,10,100,4,3,225.59
14639,2025-10-04,800,61,7,2,1046.23
14640,2025-03-17,294,28,1,17,624.65
14641,2025-06-18,111,89,1,13,77.09
14642,2025-12-22,304,96,2,15,623.23
14643,2025-12-11,309,8,3,3,1110.6
14644,2025-03-01,275,62,2,24,346.85
14645,2025-09-28,169,90,3,1,150.72
14646,2025-02-23,80,108,8,16,83.61
14647,2025-10-01,640,87,4,20,396.29
14648,2025-09-06,549,2,3,18,375.02
14649,2025-10-11,544,80,5,3,126.48
14650,2025-01-07,723,16,8,19,48.57
14651,2025-04-28,470,4,2,7,222.33
14652,2025-07-02,800,25,5,10,632.01
14653,2025-11-11,723,35,5,24,153.67
14654,2025-06-30,771,28,4,9,578.23
14655,2025-12-25,178,3,1,19,52.52
14656,2025-01-08,513,15,6,8,643.57
14657,2025-01-08,737,117,1,7,634.33
14658,2025-09-10,14,49,8,9,390.78
14659,2025-06-26,230,92,3,9,749.93
14660,2025-06-09,116,109,5,16,57.03
14661,2025-07-25,131,27,7,1,362.05
14662,2025-08-19,254,85,5,4,193.8
14663,2025-01-05,701,67,3,7,607.64
14664,2025-06-10,575,8,6,2,1004.96
14665,2025-04-02,562,4,6,18,256.49
14666,2025-10-16,91,5,8,7,1152.19
14667,2025-01-07,339,106,1,8,1096.23
14668,2025-08-22,363,38,8,20,126.67
14669,2025-04-23,565,111,8,6,351.68
14670,2025-08-23,509,114,2,5,271.7
14671,2025-12-16,403,40,5,10,431.95
14672,2025-07-15,112,49,3,21,476.74
14673,2025-07-29,700,65,3,1,759.51
14674,2025-05-30,160,1,7,4,594.12
14675,2025-10-19,709,35,7,7,147.8
14676,2025-08-05,2,71,8,23,483.26
14677,2025-08-27,265,16,3,21,58.4
14678,2025-08-13,297,81,3,14,750.1
14679,2025-03-20,389,86,8,5,211.65
14680,2025-05-07,600,46,4,6,410.34
14681,2025-09-21,279,98,4,19,275.18
14682,2025-11-04,564,106,8,14,981.5
14683,2025-11-21,412,39,6,13,247.07
14684,2025-04-05,483,24,2,24,527.2
14685,2025-03-12,526,117,2,24,733.44
14686,2025-01-24,778,37,2,3,69.93
14687,2025-02-19,295,1,6,6,913.24
14688,2025-03-14,548,5,8,12,793.55
14689,2025-06-11,329,26,5,11,295.02
14690,2025-04-16,324,66,8,2,330.22
14691,2025-05-14,355,73,7,12,744.02
14692,2025-06-28,363,56,7,18,539.28
14693,2025-09-04,656,95,4,25,314.5
14694,2025-06-23,705,93,3,17,744.34
14695,2025-07-12,336,71,7,13,423.06
14696,2025-08-24,544,35,2,9,165.59
14697,2025-03-27,570,51,1,17,1041.48
14698,2025-04-13,133,47,5,16,814.26
14699,2025-06-11,254,94,3,13,54.85
14700,2025-04-24,130,35,4,15,203.67
14701,2025-08-10,590,51,7,3,971.37
14702,2025-12-03,482,1,1,15,623.05
14703,2025-02-04,237,49,1,2,445.3
14704,2025-10-12,211,107,8,21,466.13
14705,2025-06-21,619,95,1,20,237.87
14706,2025-12-31,575,115,4,22,753.14
14707,2025-12-01,774,90,8,1,105.43
14708,2025-09-23,496,31,7,25,603.3
14709,2025-02-22,36,92,5,8,879.61
14710,2025-03-30,77,112,6,11,129.19
14711,2025-11-02,507,62,8,6,340.34
14712,2025-11-10,68,61,4,3,956.73
14713,2025-12-09,378,66,1,18,405.16
14714,2025-01-13,104,49,3,23,466.18
14715,2025-08-05,306,31,4,1,454.37
14716,2025-07-21,445,80,5,6,114.95
14717,2025-11-04,542,91,8,25,765.15
14718,2025-06-23,779,27,4,4,480.46
14719,2025-09-15,718,8,8,23,1160.99
14720,2025-11-16,785,29,4,23,379.46
14721,2025-03-31,528,37,1,13,49.76
14722,2025-01-26,569,111,2,3,284.84
14723,2025-10-30,254,58,3,23,167.15
14724,2025-07-09,749,80,8,9,111.16
14725,2025-07-25,407,86,4,18,248.09
14726,2025-08-06,305,91,5,18,760.24
14727,2025-06-05,241,26,7,13,263.77
14728,2025-01-18,595,72,3,5,326.52
14729,2025-03-11,121,79,1,7,310.05
14730,2025-04-27,784,43,7,19,275.14
14731,2025-09-12,553,46,1,17,471.47
14732,2025-11-20,737,31,2,22,446.25
14733,2025-09-06,209,78,1,8,208.7
14734,2025-03-16,491,79,8,18,327.4
14735,2025-02-23,161,52,1,21,700.43
14736,2025-06-25,767,109,2,23,64.92
14737,2025-10-09,725,113,3,10,968.14
14738,2025-09-10,734,30,7,20,412.75
14739,2025-08-19,702,54,2,2,40.17
14740,2025-03-25,204,113,2,20,971.66
14741,2025-04-09,422,14,3,2,134.06
14742,2025-10-23,429,24,3,18,581.37
14743,2025-04-30,169,10,5,15,609.03
14744,2025-02-05,62,52,6,7,1088.3
14745,2025-01-18,485,4,3,19,166.63
14746,2025-06-18,347,61,2,3,961.62
14747,2025-08-30,317,11,5,9,868.76
14748,2025-04-16,243,41,6,21,843.32
14749,2025-11-11,92,45,1,20,628.85
14750,2025-07-25,10,55,1,12,939.47
14751,2025-03-11,780,45,3,5,502.67
14752,2025-11-04,363,98,8,25,352.97
14753,2025-07-19,799,82,7,7,180.34
14754,2025-12-13,443,59,3,22,732.99
14755,2025-08-16,118,24,1,7,779.66
14756,2025-12-21,627,6,3,19,292.69
14757,2025-05-03,81,77,5,20,101.99
14758,2025-05-31,349,113,8,25,774.87
14759,2025-06-18,363,71,1,6,479.14
14760,2025-12-12,561,40,7,16,499.92
14761,2025-03-23,13,23,7,13,959.49
14762,2025-09-20,739,11,3,13,862.8
14763,2025-11-01,569,60,3,24,86.76
14764,2025-05-30,564,42,6,18,462.97
14765,2025-03-14,72,85,8,16,237.43
14766,2025-12-19,239,103,5,23,499.84
14767,2025-09-08,233,45,2,15,538.25
14768,2025-06-23,570,63,6,19,828.92
14769,2025-01-02,547,50,2,19,925.05
14770,2025-01-13,24,115,6,20,576.71
14771,2025-12-20,731,2,7,8,274.89
14772,2025-03-09,362,75,6,2,198.93
14773,2025-06-16,223,94,5,5,45.16
14774,2025-05-18,534,66,5,1,315.31
14775,2025-09-19,698,102,6,24,79.78
14776,2025-06-01,514,21,5,19,418.81
14777,2025-10-15,308,82,6,9,164.65
14778,2025-07-17,606,68,7,11,905.49
14779,2025-12-25,684,81,6,25,666.97
14780,2025-11-08,794,102,8,10,74.29
14781,2025-07-05,105,50,7,15,720.27
14782,2025-01-02,659,34,8,25,569.25
14783,2025-04-12,789,58,4,1,165.5
14784,2025-01-14,653,82,5,22,165.79
14785,2025-08-12,441,65,1,17,895.06
14786,2025-07-01,117,28,2,3,773.93
14787,2025-11-12,622,7,1,6,249.19
14788,2025-04-14,301,99,1,23,48.62
14789,2025-03-17,307,61,1,19,878.07
14790,2025-11-22,366,6,4,8,344.53
14791,2025-10-04,207,47,5,14,902.96
14792,2025-08-06,357,68,6,23,899.76
14793,2025-04-07,773,52,4,25,728.17
14794,2025-04-19,229,69,1,6,603.4
14795,2025-02-09,81,33,5,16,200.55
14796,2025-11-25,728,93,2,16,843.13
14797,2025-09-12,55,8,8,1,991.27
14798,2025-09-05,268,77,8,5,122.33
14799,2025-12-23,505,34,1,23,596.11
14800,2025-07-16,552,54,7,20,49.91
14801,2025-10-28,502,30,2,23,631.84
14802,2025-02-10,220,25,3,7,461.78
14803,2025-01-03,223,15,5,10,541.09
14804,2025-02-27,243,84,1,19,319.57
14805,2025-07-28,463,115,7,8,788.48
14806,2025-08-26,344,106,4,2,1151.0
14807,2025-11-16,785,14,2,20,136.0
14808,2025-06-08,10,16,4,19,59.42
14809,2025-01-29,727,23,5,6,1135.83
14810,2025-06-08,481,76,2,11,1086.18
14811,2025-07-14,152,87,5,23,428.31
14812,2025-11-25,480,15,3,13,777.69
14813,2025-12-07,3,10,7,11,587.43
14814,2025-04-28,332,115,8,2,758.76
14815,2025-10-13,101,79,3,1,337.37
14816,2025-10-30,489,96,7,1,925.28
14817,2025-05-26,175,2,5,15,328.29
14818,2025-06-29,358,6,2,22,369.73
14819,2025-12-22,595,12,5,11,415.05
14820,2025-06-08,554,84,5,10,376.66
14821,2025-09-04,704,10,2,1,636.89
14822,2025-11-28,611,105,7,21,293.0
14823,2025-10-11,192,82,3,18,199.8
14824,2025-06-11,455,101,4,1,245.81
14825,2025-10-15,649,100,3,4,274.07
14826,2025-04-11,633,66,3,21,475.5
14827,2025-12-19,800,68,7,1,1119.65
14828,2025-01-12,28,16,8,21,53.79
14829,2025-12-10,141,89,1,21,68.75
14830,2025-02-16,365,99,7,24,47.24
14831,2025-03-17,285,78,8,3,227.07
14832,2025-04-26,349,95,4,7,368.19
14833,2025-03-28,697,73,4,8,500.32
14834,2025-11-24,416,15,1,21,633.84
14835,2025-10-08,57,1,8,18,783.64
14836,2025-10-07,140,60,8,2,115.33
14837,2025-07-03,132,63,4,6,874.54
14838,2025-08-08,666,35,6,21,206.55
14839,2025-10-24,633,74,6,20,471.36
14840,2025-09-17,575,86,8,13,303.06
14841,2025-11-16,576,28,6,24,695.31
14842,2025-12-13,517,109,2,3,52.8
14843,2025-10-15,393,55,6,15,907.29
14844,2025-06-18,219,17,2,8,842.98
14845,2025-09-07,754,56,7,23,597.01
14846,2025-09-27,547,62,3,4,245.76
14847,2025-05-01,257,102,8,21,53.83
14848,2025-11-24,63,92,4,24,663.5
14849,2025-09-19,43,21,2,19,458.91
14850,2025-06-10,97,99,8,25,32.82
14851,2025-01-21,450,49,4,1,376.93
14852,2025-10-05,637,41,7,3,747.82
14853,2025-03-29,312,19,2,7,560.75
14854,2025-10-12,419,109,2,15,62.84
14855,2025-05-27,8,30,7,24,499.88
14856,2025-03-05,264,116,2,7,711.62
14857,2025-06-04,188,82,2,22,194.88
14858,2025-08-05,313,52,2,18,858.19
14859,2025-08-16,216,22,5,11,136.0
14860,2025-07-15,734,44,3,1,187.31
14861,2025-07-29,207,68,1,9,836.71
14862,2025-05-24,722,48,6,21,205.27
14863,2025-11-11,434,83,3,15,928.59
14864,2025-07-16,239,44,1,10,170.29
14865,2025-06-27,309,120,8,4,529.68
14866,2025-09-26,10,18,2,14,491.73
14867,2025-03-10,224,104,2,18,385.74
14868,2025-03-16,359,102,8,18,56.83
14869,2025-08-27,771,5,7,19,1058.22
14870,2025-12-12,148,62,7,9,222.69
14871,2025-05-01,654,92,1,22,763.83
14872,2025-05-22,50,11,8,19,841.16
14873,2025-06-16,786,109,1,18,68.53
14874,2025-11-15,59,27,4,19,502.92
14875,2025-04-05,97,87,4,3,384.59
14876,2025-10-12,724,18,6,22,531.38
14877,2025-03-07,479,66,3,23,353.28
14878,2025-05-18,204,33,6,25,142.08
14879,2025-05-19,231,111,4,5,337.3
14880,2025-07-11,736,117,4,1,662.62
14881,2025-11-11,625,107,3,17,421.58
14882,2025-03-26,48,30,4,19,470.2
14883,2025-06-25,603,25,2,23,442.15
14884,2025-11-10,598,8,6,12,1026.37
14885,2025-01-25,68,39,6,4,200.06
14886,2025-01-28,570,94,8,18,57.35
14887,2025-08-21,728,100,1,21,193.35
14888,2025-10-10,10,39,3,1,252.33
14889,2025-08-29,196,29,6,16,308.86
14890,2025-07-11,329,10,7,24,689.25
14891,2025-04-23,431,116,7,14,733.74
14892,2025-06-13,627,91,1,15,883.5
14893,2025-09-30,249,67,7,6,737.02
14894,2025-04-08,78,80,3,12,153.22
14895,2025-03-05,284,9,7,22,831.59
14896,2025-08-18,673,67,6,1,536.01
14897,2025-09-12,185,45,8,23,438.29
14898,2025-08-18,393,38,5,7,152.08
14899,2025-07-08,776,71,4,10,398.5
14900,2025-01-10,752,37,5,19,63.0
14901,2025-01-18,569,33,2,10,169.39
14902,2025-03-01,558,4,3,14,189.1
14903,2025-01-20,642,77,6,15,127.6
14904,2025-06-02,675,70,1,19,581.51
14905,2025-09-04,116,57,6,11,668.13
14906,2025-08-31,494,5,2,20,1113.4
14907,2025-09-05,127,40,3,5,412.47
14908,2025-04-06,442,94,2,24,53.31
14909,2025-08-13,735,15,4,11,785.11
14910,2025-01-28,501,105,8,1,295.1
14911,2025-11-15,211,48,4,17,249.91
14912,2025-05-03,380,73,8,24,564.37
14913,2025-01-15,694,52,5,11,746.08
14914,2025-08-19,579,68,7,7,818.78
14915,2025-12-08,163,102,1,5,71.47
14916,2025-05-04,425,68,4,18,895.26
14917,2025-10-05,407,11,7,25,662.13
14918,2025-10-01,558,103,3,14,401.27
14919,2025-07-15,248,79,4,18,326.64
14920,2025-06-17,534,114,3,21,380.0
14921,2025-10-08,726,67,1,14,642.78
14922,2025-10-07,179,104,7,17,413.03
14923,2025-01-07,616,76,8,1,1088.92
14924,2025-09-07,793,87,1,13,512.2
14925,2025-08-28,525,93,7,11,858.9
14926,2025-11-16,662,19,3,18,691.6
14927,2025-10-16,55,37,3,1,67.91
14928,2025-08-07,161,91,4,25,885.49
14929,2025-02-11,118,68,1,20,1080.59
14930,2025-09-07,99,87,3,21,390.02
14931,2025-11-13,276,77,3,14,125.37
14932,2025-10-06,21,56,5,7,552.0
14933,2025-01-27,298,84,3,15,303.1
14934,2025-11-22,694,76,7,9,807.72
14935,2025-09-25,571,26,5,21,291.49
14936,2025-11-02,732,50,2,6,739.44
14937,2025-09-09,354,59,5,23,657.29
14938,2025-04-26,664,29,1,18,301.03
14939,2025-06-19,449,31,2,14,431.66
14940,2025-02-23,552,29,5,14,324.27
14941,2025-02-21,344,29,2,15,359.71
14942,2025-10-04,505,115,3,1,759.47
14943,2025-10-29,507,112,7,22,112.66
14944,2025-08-06,158,49,2,15,445.91
14945,2025-08-26,210,114,1,11,316.04
14946,2025-08-30,667,67,6,17,595.46
14947,2025-08-23,684,92,2,16,661.0
14948,2025-07-20,26,22,1,17,158.57
14949,2025-04-19,592,50,4,20,759.92
14950,2025-01-13,614,24,7,7,646.75
14951,2025-12-27,419,73,1,9,474.04
14952,2025-12-21,92,103,3,11,513.67
14953,2025-03-16,554,96,8,10,743.37
14954,2025-06-27,556,100,4,13,196.71
14955,2025-07-09,363,88,7,6,603.58
14956,2025-09-05,348,29,1,8,323.83
14957,2025-09-19,392,43,6,8,310.14
14958,2025-02-04,505,77,3,10,102.69
14959,2025-02-12,645,53,4,24,284.0
14960,2025-03-16,141,120,4,22,500.33
14961,2025-12-21,75,99,1,1,33.89
14962,2025-11-05,178,19,5,11,569.28
14963,2025-10-22,365,14,7,22,151.86
14964,2025-01-19,405,98,2,23,356.64
14965,2025-01-28,4,37,3,5,51.6
14966,2025-10-02,490,79,3,24,399.97
14967,2025-02-13,600,102,1,11,57.5
14968,2025-09-22,567,74,7,6,449.01
14969,2025-12-16,60,78,4,16,226.64
14970,2025-03-23,454,111,6,19,330.69
14971,2025-08-12,238,73,5,23,587.92
14972,2025-07-10,412,120,7,8,547.7
14973,2025-07-18,584,105,3,18,236.59
14974,2025-05-20,567,85,8,21,250.83
14975,2025-12-13,420,57,4,14,655.9
14976,2025-09-15,411,44,2,7,174.08
14977,2025-03-11,210,43,5,24,302.89
14978,2025-11-13,614,99,1,13,34.09
14979,2025-10-16,731,44,7,6,204.45
14980,2025-07-08,71,22,5,24,148.16
14981,2025-10-24,81,86,8,19,265.82
14982,2025-10-19,196,37,3,4,71.28
14983,2025-02-25,702,61,5,8,1019.66
14984,2025-01-22,39,109,6,22,63.26
14985,2025-09-03,99,26,1,6,280.87
14986,2025-07-10,234,86,5,25,291.84
14987,2025-08-03,489,109,1,5,48.37
14988,2025-10-12,620,81,8,2,668.15
14989,2025-06-08,393,107,3,4,569.9
14990,2025-01-09,267,40,7,15,370.04
14991,2025-05-08,70,43,1,15,379.28
14992,2025-05-16,779,16,6,15,63.19
14993,2025-08-15,350,92,8,11,911.89
14994,2025-08-11,232,63,8,19,619.62
14995,2025-05-09,26,23,5,8,1074.01
14996,2025-07-21,225,96,7,2,872.99
14997,2025-04-02,331,100,1,15,268.72
14998,2025-11-23,184,9,8,6,794.67
14999,2025-01-06,581,84,1,2,270.16
15000,2025-03-10,71,48,7,14,215.63
15001,2025-04-05,38,112,4,7,128.4
15002,2025-10-17,492,107,7,18,437.15
15003,2025-01-29,623,13,1,16,300.18
15004,2025-01-30,185,7,4,15,199.32
15005,2025-11-07,85,41,5,2,702.01
15006,2025-10-13,440,9,8,3,1032.25
15007,2025-06-18,327,40,5,1,535.94
15008,2025-07-09,683,75,8,9,192.55
15009,2025-07-04,239,110,8,11,706.91
15010,2025-02-25,653,111,5,6,320.48
15011,2025-12-24,35,56,4,5,510.82
15012,2025-11-03,66,47,5,20,965.12
15013,2025-02-11,229,55,2,1,699.57
15014,2025-12-01,137,66,4,9,427.43
15015,2025-12-10,196,6,1,16,425.89
15016,2025-10-05,267,12,2,11,419.31
15017,2025-06-21,16,78,1,5,191.62
15018,2025-12-19,196,25,5,8,666.27
15019,2025-09-12,56,21,3,6,432.99
15020,2025-09-19,607,14,4,13,110.11
15021,2025-12-21,694,32,4,19,846.47
15022,2025-10-17,185,84,7,2,423.36
15023,2025-01-12,313,82,4,2,202.78
15024,2025-10-26,380,67,3,12,501.01
15025,2025-04-13,57,36,4,11,281.31
15026,2025-11-02,230,44,7,17,206.63
15027,2025-08-23,626,10,4,6,729.1
15028,2025-01-27,410,78,5,5,213.01
15029,2025-04-05,399,94,1,22,44.62
15030,2025-06-04,113,92,1,8,681.64
15031,2025-05-13,313,113,1,9,767.94
15032,2025-01-24,585,29,4,19,379.89
15033,2025-08-23,541,76,3,2,1182.42
15034,2025-03-11,696,96,3,7,906.88
15035,2025-09-28,542,94,4,6,47.44
15036,2025-11-19,394,31,5,20,682.29
15037,2025-05-20,724,108,6,6,97.43
15038,2025-02-21,636,66,1,6,376.5
15039,2025-02-11,668,95,2,25,359.13
15040,2025-02-22,262,74,4,3,665.04
15041,2025-02-24,493,110,4,15,675.39
15042,2025-02-06,690,1,1,25,835.46
15043,2025-05-21,607,70,8,19,634.2
15044,2025-11-09,469,52,8,7,984.87
15045,2025-02-23,783,102,5,9,74.88
15046,2025-01-06,17,9,8,20,1059.37
15047,2025-09-27,651,91,3,20,1134.25
15048,2025-03-27,181,3,8,13,43.26
15049,2025-10-02,762,93,8,13,886.01
15050,2025-05-18,641,90,6,15,140.08
15051,2025-02-28,91,107,6,9,460.92
15052,2025-08-25,64,77,3,14,127.1
15053,2025-06-08,471,90,5,16,113.7
15054,2025-06-23,754,42,8,15,320.43
15055,2025-12-01,596,76,4,2,1172.55
15056,2025-01-20,124,20,4,24,492.81
15057,2025-06-15,761,41,8,20,997.16
15058,2025-03-27,50,71,6,12,439.79
15059,2025-07-04,470,39,6,1,257.66
15060,2025-03-10,281,68,7,14,838.66
15061,2025-12-10,493,91,4,10,1018.58
15062,2025-08-18,429,44,3,6,173.14
15063,2025-07-07,773,15,6,9,659.95
15064,2025-11-18,583,16,4,17,63.07
15065,2025-12-18,620,48,5,13,230.05
15066,2025-11-04,99,30,1,12,411.36
15067,2025-12-10,788,85,2,22,244.32
15068,2025-05-23,180,103,1,14,353.08
15069,2025-05-13,223,37,6,16,67.63
15070,2025-06-13,18,52,5,19,1053.51
15071,2025-09-18,728,85,3,18,244.54
15072,2025-04-03,793,118,1,25,1210.2
15073,2025-11-21,745,3,4,15,48.19
15074,2025-03-21,182,95,2,13,308.63
15075,2025-01-05,547,23,8,14,1005.91
15076,2025-01-29,151,87,8,3,384.68
15077,2025-01-20,747,16,7,11,50.93
15078,2025-05-22,483,109,2,25,61.79
15079,2025-05-07,261,65,3,17,817.88
15080,2025-01-16,286,36,1,4,216.06
15081,2025-05-28,385,75,7,23,184.66
15082,2025-11-23,127,102,3,16,71.39
15083,2025-02-14,228,14,4,12,102.69
15084,2025-02-16,472,84,2,13,345.37
15085,2025-02-08,186,28,2,7,591.38
15086,2025-10-11,177,10,6,4,667.88
15087,2025-11-27,198,3,1,10,42.91
15088,2025-11-06,553,11,5,19,839.55
15089,2025-01-23,387,76,5,15,861.49
15090,2025-06-23,546,3,4,25,44.01
15091,2025-08-13,125,105,3,3,226.08
15092,2025-07-21,786,67,5,4,516.32
15093,2025-07-09,649,7,1,22,168.0
15094,2025-02-07,789,105,5,10,344.46
15095,2025-07-08,256,5,1,12,794.85
15096,2025-12-10,648,40,2,18,450.71
15097,2025-11-13,153,71,4,2,464.98
15098,2025-06-03,771,21,6,13,470.03
15099,2025-06-19,76,19,1,3,689.91
15100,2025-09-29,715,119,1,6,634.35
15101,2025-05-20,331,38,2,1,182.38
15102,2025-01-25,258,33,5,5,174.74
15103,2025-03-13,67,62,2,20,348.18
15104,2025-06-01,673,51,3,2,826.17
15105,2025-08-16,347,102,7,5,62.57
15106,2025-06-22,271,31,1,13,480.83
15107,2025-05-15,44,83,2,12,700.17
15108,2025-12-16,234,94,7,4,59.77
15109,2025-06-22,505,18,4,8,440.88
15110,2025-08-02,632,119,4,16,476.91
15111,2025-03-31,682,56,1,10,514.82
15112,2025-02-03,359,84,5,18,384.57
15113,2025-10-11,37,19,7,22,506.94
15114,2025-05-07,702,99,6,25,31.83
15115,2025-03-18,671,101,6,25,270.53
15116,2025-12-27,539,43,8,14,364.28
15117,2025-01-22,76,76,6,7,927.85
15118,2025-12-23,84,34,3,20,639.92
15119,2025-11-26,775,66,5,22,335.51
15120,2025-12-17,692,22,7,9,124.79
15121,2025-04-01,496,12,5,23,434.63
15122,2025-09-17,354,66,4,17,311.57
15123,2025-10-20,17,1,4,17,738.37
15124,2025-10-27,371,107,6,6,542.21
15125,2025-05-31,716,58,8,18,167.6
15126,2025-06-19,193,28,3,2,684.09
15127,2025-09-23,482,84,7,15,324.47
15128,2025-09-29,784,39,1,2,237.38
15129,2025-12-26,220,9,8,19,971.7
15130,2025-08-23,729,90,4,10,129.28
15131,2025-02-05,592,89,4,7,82.0
15132,2025-12-21,679,100,4,18,289.52
15133,2025-10-01,759,4,6,1,180.04
15134,2025-01-06,678,19,4,22,441.29
15135,2025-05-20,456,36,1,6,298.19
15136,2025-02-06,477,69,6,16,551.76
15137,2025-03-01,234,102,3,1,66.84
15138,2025-07-05,651,50,1,5,986.57
15139,2025-06-09,712,117,4,10,911.62
15140,2025-05-16,645,38,6,12,135.58
15141,2025-11-22,665,87,4,7,499.54
15142,2025-10-30,672,64,3,8,217.25
15143,2025-09-23,591,22,7,16,141.34
15144,2025-01-25,156,28,1,24,790.95
15145,2025-09-12,610,98,2,13,297.78
15146,2025-06-04,64,15,4,17,776.54
15147,2025-08-27,800,62,8,4,242.47
15148,2025-02-16,145,112,2,4,157.69
15149,2025-04-29,650,33,5,18,185.14
15150,2025-04-22,749,22,1,1,141.17
15151,2025-03-16,643,82,4,14,210.88
15152,2025-05-03,105,34,7,8,465.78
15153,2025-08-27,773,81,7,3,611.97
15154,2025-06-27,553,34,5,11,482.05
15155,2025-07-19,96,70,7,23,592.61
15156,2025-11-14,49,63,2,21,795.19
15157,2025-11-25,323,28,6,2,754.3
15158,2025-09-08,53,10,6,21,533.47
15159,2025-04-02,357,66,4,14,335.04
15160,2025-03-21,489,23,3,21,1068.87
15161,2025-10-20,166,15,6,6,621.24
15162,2025-05-13,484,99,2,23,41.19
15163,2025-01-25,456,101,7,7,256.11
15164,2025-12-20,546,16,4,19,68.85
15165,2025-10-09,377,58,8,7,153.46
15166,2025-05-08,639,26,5,20,310.66
15167,2025-12-01,517,14,3,17,147.0
15168,2025-12-25,605,112,6,17,157.28
15169,2025-04-12,777,30,7,16,449.73
15170,2025-01-29,242,98,6,15,301.57
15171,2025-06-07,609,36,1,3,226.05
15172,2025-12-29,540,30,2,4,457.5
15173,2025-09-30,724,34,2,20,625.46
15174,2025-02-26,608,79,4,23,434.74
15175,2025-04-10,61,108,5,18,71.79
15176,2025-02-05,292,72,5,5,369.97
15177,2025-11-13,515,45,3,12,650.8
15178,2025-08-12,194,40,2,23,379.69
15179,2025-04-03,345,109,3,8,64.85
15180,2025-07-05,215,27,6,23,349.39
15181,2025-05-26,57,52,4,17,1055.57
15182,2025-07-25,595,92,3,18,913.37
15183,2025-07-21,768,60,8,9,114.4
15184,2025-07-31,547,22,4,4,155.12
15185,2025-08-31,438,42,3,25,416.11
15186,2025-10-14,333,13,8,14,189.77
15187,2025-02-04,617,43,6,10,308.05
15188,2025-09-19,482,83,7,8,901.55
15189,2025-12-20,631,108,2,19,74.76
15190,2025-11-09,741,46,7,21,365.2
15191,2025-03-15,460,79,1,23,361.68
15192,2025-03-14,344,68,7,13,1087.06
15193,2025-11-16,355,54,6,19,34.25
15194,2025-07-06,709,21,8,25,492.88
15195,2025-01-21,716,40,7,9,350.11
15196,2025-01-01,595,104,1,5,313.68
15197,2025-10-10,519,25,6,23,578.16
15198,2025-09-12,602,71,1,24,457.1
15199,2025-03-08,463,42,3,5,427.62
15200,2025-06-17,308,24,3,15,771.68
15201,2025-04-29,376,120,5,16,571.38
15202,2025-03-02,315,66,8,23,327.69
15203,2025-10-01,546,74,7,25,586.86
15204,2025-10-24,685,84,3,5,319.12
15205,2025-11-26,292,78,1,23,265.81
15206,2025-07-08,439,77,5,15,98.08
15207,2025-08-26,738,119,2,8,591.17
15208,2025-01-07,571,70,5,9,678.86
15209,2025-07-10,333,87,4,11,408.45
15210,2025-02-23,122,112,8,23,105.68
15211,2025-01-06,5,50,8,21,996.31
15212,2025-10-04,137,73,3,23,715.69
15213,2025-08-26,785,69,7,15,644.26
15214,2025-03-08,777,75,7,25,180.4
15215,2025-12-07,484,92,4,25,722.05
15216,2025-01-03,773,76,2,22,969.25
15217,2025-08-11,400,98,5,22,361.61
15218,2025-06-24,688,9,6,10,856.04
15219,2025-03-01,462,3,8,22,60.72
15220,2025-04-18,150,81,3,1,678.54
15221,2025-02-17,629,70,7,10,743.61
15222,2025-07-05,170,88,7,4,863.15
15223,2025-01-20,95,100,5,17,255.24
15224,2025-04-12,710,36,1,4,297.3
15225,2025-02-28,494,118,2,23,1038.79
15226,2025-07-25,411,115,1,8,787.96
15227,2025-12-14,151,70,8,3,568.45
15228,2025-01-25,529,51,7,16,880.91
15229,2025-05-15,81,7,3,13,219.58
15230,2025-01-22,664,104,3,17,282.4
15231,2025-11-25,360,78,8,24,237.87
15232,2025-09-24,100,45,8,11,430.81
15233,2025-08-24,674,24,8,7,757.44
15234,2025-03-11,520,7,8,24,163.07
15235,2025-03-26,727,2,3,3,394.9
15236,2025-03-14,140,20,5,7,441.39
15237,2025-02-13,116,98,2,1,282.41
15238,2025-09-20,68,7,2,3,231.81
15239,2025-06-10,765,101,4,4,268.67
15240,2025-02-19,240,14,3,5,132.12
15241,2025-08-16,653,40,3,25,454.69
15242,2025-08-14,445,120,7,17,556.34
15243,2025-08-21,331,8,8,12,1089.52
15244,2025-07-04,281,48,1,24,295.43
15245,2025-10-09,204,65,4,23,719.61
15246,2025-07-13,784,54,1,9,42.6
15247,2025-10-29,706,31,8,3,560.41
15248,2025-04-07,529,17,3,6,805.97
15249,2025-06-12,109,25,3,12,599.71
15250,2025-09-04,370,5,7,18,1192.16
15251,2025-06-10,707,15,2,2,620.94
15252,2025-02-15,106,119,6,9,590.62
15253,2025-08-01,333,113,4,25,897.06
15254,2025-02-07,651,24,5,11,643.4
15255,2025-11-02,494,111,5,13,268.06
15256,2025-02-28,401,110,1,14,762.53
15257,2025-02-05,355,97,3,5,204.3
15258,2025-12-23,790,21,3,12,337.2
15259,2025-05-04,719,83,4,7,885.9
15260,2025-01-19,8,63,4,21,591.64
15261,2025-10-23,340,69,1,5,520.48
15262,2025-09-23,357,47,1,15,641.34
15263,2025-10-22,593,41,6,25,632.62
15264,2025-11-24,479,106,1,22,1040.56
15265,2025-08-18,9,106,5,5,1037.44
15266,2025-12-03,173,87,5,25,495.85
15267,2025-07-29,514,63,7,13,625.11
15268,2025-08-02,111,40,1,11,347.36
15269,2025-01-31,764,47,6,22,802.53
15270,2025-08-22,128,75,1,21,198.69
15271,2025-07-01,405,57,8,7,818.31
15272,2025-08-26,583,61,5,24,992.9
15273,2025-06-18,797,8,3,15,1148.63
15274,2025-01-26,213,82,4,18,163.5
15275,2025-12-21,539,117,1,11,667.54
15276,2025-11-28,24,106,2,12,1223.28
15277,2025-03-13,733,96,4,21,808.08
15278,2025-03-21,259,70,7,3,661.47
15279,2025-09-21,587,18,4,11,608.88
15280,2025-02-23,184,5,5,13,1059.37
15281,2025-01-16,741,5,3,20,1056.42
15282,2025-03-10,793,82,5,2,160.37
15283,2025-09-20,330,34,5,12,505.64
15284,2025-07-18,61,39,5,21,166.88
15285,2025-12-02,410,7,2,19,194.02
15286,2025-04-21,548,108,4,6,68.49
15287,2025-02-23,759,118,6,11,1096.76
15288,2025-11-27,741,16,7,7,68.32
15289,2025-02-23,245,23,5,5,941.42
15290,2025-06-26,549,61,6,12,899.9
15291,2025-12-22,553,119,4,16,518.57
15292,2025-08-29,728,37,8,14,69.18
15293,2025-05-01,40,71,4,10,518.19
15294,2025-05-27,111,68,3,2,827.05
15295,2025-03-24,393,74,2,10,487.73
15296,2025-10-14,136,4,2,3,232.19
15297,2025-05-01,674,99,3,2,45.94
15298,2025-10-20,409,12,1,20,293.81
15299,2025-01-06,742,46,3,8,411.7
15300,2025-02-27,282,83,8,22,753.14
15301,2025-01-21,77,115,8,14,788.7
15302,2025-07-16,553,1,3,23,871.78
15303,2025-08-23,210,82,4,5,145.62
15304,2025-10-24,315,100,5,2,266.51
15305,2025-08-20,761,31,2,16,595.63
15306,2025-11-26,476,43,8,15,369.03
15307,2025-03-25,581,60,5,25,114.91
15308,2025-05-17,453,118,8,10,973.5
15309,2025-04-25,214,87,2,11,543.04
15310,2025-09-29,332,27,5,17,449.31
15311,2025-01-31,50,76,3,4,952.3
15312,2025-08-19,277,71,8,11,464.39
15313,2025-09-22,634,69,4,24,513.36
15314,2025-05-16,575,110,6,11,675.24
15315,2025-08-18,47,53,1,15,259.48
15316,2025-11-05,524,103,2,22,451.68
15317,2025-09-30,237,96,3,24,603.54
15318,2025-09-26,391,35,5,20,146.35
15319,2025-06-30,596,39,1,4,233.98
15320,2025-08-08,509,18,2,15,534.17
15321,2025-08-30,768,27,6,19,348.14
15322,2025-06-12,252,83,4,16,1004.76
15323,2025-10-29,671,7,4,9,165.03
15324,2025-04-05,668,59,2,6,749.96
15325,2025-01-23,377,88,8,18,651.59
15326,2025-06-29,663,33,3,8,186.81
15327,2025-04-24,9,18,1,16,426.29
15328,2025-10-07,235,14,5,6,129.88
15329,2025-09-26,633,49,2,25,347.89
15330,2025-09-06,771,102,7,18,74.73
15331,2025-09-13,283,66,8,22,412.23
15332,2025-07-30,764,97,3,13,144.37
15333,2025-09-03,356,103,5,22,486.8
15334,2025-12-18,664,90,8,3,129.05
15335,2025-01-14,297,103,5,2,460.22
15336,2025-11-30,85,81,6,1,601.72
15337,2025-09-18,60,61,6,5,1134.17
15338,2025-10-18,104,74,8,1,465.73
15339,2025-10-10,30,97,4,10,186.9
15340,2025-09-22,641,51,4,12,1010.89
15341,2025-07-05,75,25,7,22,417.55
15342,2025-09-28,735,112,2,20,136.85
15343,2025-10-07,238,36,4,22,251.32
15344,2025-11-06,794,19,4,7,632.12
15345,2025-09-06,98,6,4,3,441.92
15346,2025-08-07,32,14,1,4,128.53
15347,2025-11-08,286,83,5,18,658.98
15348,2025-10-04,578,109,2,6,49.07
15349,2025-01-07,446,98,6,21,320.36
15350,2025-10-13,186,4,7,11,249.94
15351,2025-09-25,263,87,1,10,497.94
15352,2025-01-18,286,120,6,13,669.85
15353,2025-02-10,490,13,7,20,218.54
15354,2025-08-21,587,61,6,5,740.73
15355,2025-03-03,527,91,1,16,781.55
15356,2025-05-04,607,23,5,12,1082.8
15357,2025-03-06,40,96,8,10,611.93
15358,2025-10-16,87,87,6,14,444.14
15359,2025-05-28,426,51,3,9,1079.93
15360,2025-12-11,460,91,6,5,977.96
15361,2025-11-19,252,104,2,8,342.35
15362,2025-08-15,36,55,4,20,698.3
15363,2025-06-25,291,18,6,8,445.52
15364,2025-12-19,230,91,2,11,1020.57
15365,2025-10-18,93,42,2,2,353.41
15366,2025-03-27,325,98,2,11,363.44
15367,2025-11-09,479,38,8,8,182.57
15368,2025-02-24,478,115,7,19,682.06
15369,2025-01-14,93,53,2,6,293.87
15370,2025-04-28,337,80,6,25,138.61
15371,2025-07-04,408,25,3,10,576.4
15372,2025-05-20,351,72,4,13,303.65
15373,2025-03-31,67,63,3,9,685.0
15374,2025-09-09,660,64,2,23,202.11
15375,2025-01-06,124,86,6,14,327.76
15376,2025-01-17,269,4,8,9,229.02
15377,2025-04-25,247,73,6,13,598.1
15378,2025-11-13,59,120,8,24,597.63
15379,2025-07-28,671,95,5,18,295.98
15380,2025-04-30,665,118,6,21,1254.34
15381,2025-08-28,193,37,8,16,64.45
15382,2025-12-19,632,94,3,17,60.77
15383,2025-07-08,422,1,2,15,726.51
15384,2025-03-16,378,69,1,10,519.97
15385,2025-01-06,131,90,7,1,156.09
15386,2025-09-18,264,74,8,6,570.75
15387,2025-03-11,330,11,5,12,644.55
15388,2025-02-16,719,24,8,3,734.59
15389,2025-06-12,83,3,2,6,59.68
15390,2025-06-06,615,16,1,21,68.09
15391,2025-09-20,498,57,1,24,879.73
15392,2025-08-16,42,21,2,11,479.3
15393,2025-08-27,115,70,6,22,857.51
15394,2025-10-06,175,88,8,17,809.16
15395,2025-12-03,502,63,8,14,732.21
15396,2025-11-16,44,93,3,3,588.43
15397,2025-08-23,695,84,5,17,305.42
15398,2025-12-08,437,53,4,20,256.36
15399,2025-01-01,512,72,8,7,436.68
15400,2025-03-05,301,58,3,1,140.94
15401,2025-03-01,793,47,7,4,655.5
15402,2025-07-01,366,29,1,20,440.25
15403,2025-09-24,375,57,3,24,874.83
15404,2025-10-08,280,22,1,7,179.72
15405,2025-03-28,291,13,8,6,240.47
15406,2025-03-06,370,65,4,12,1058.26
15407,2025-05-01,405,4,8,23,227.5
15408,2025-01-10,56,92,8,19,725.44
15409,2025-02-02,416,56,6,22,501.97
15410,2025-12-14,251,85,3,14,213.97
15411,2025-06-28,350,87,4,21,384.05
15412,2025-05-13,588,21,1,12,426.27
15413,2025-10-03,643,96,6,20,725.81
15414,2025-03-26,155,33,8,6,152.78
15415,2025-01-21,220,77,5,1,110.96
15416,2025-12-24,20,41,6,24,866.54
15417,2025-07-17,10,38,8,21,154.39
15418,2025-02-08,285,115,8,8,767.38
15419,2025-08-21,292,44,1,19,170.07
15420,2025-02-17,428,75,6,22,151.31
15421,2025-10-07,239,39,8,16,200.15
15422,2025-02-22,196,71,2,18,486.4
15423,2025-06-27,333,34,4,8,641.96
15424,2025-05-27,191,115,6,7,695.23
15425,2025-12-20,423,12,2,25,350.37
15426,2025-08-31,66,100,7,13,261.76
15427,2025-04-28,153,117,5,7,982.06
15428,2025-08-26,635,104,2,1,396.14
15429,2025-10-13,520,14,1,24,151.38
15430,2025-11-08,129,77,7,8,139.17
15431,2025-12-08,181,72,4,18,385.87
15432,2025-11-12,418,80,4,17,160.94
15433,2025-10-20,201,57,2,8,894.66
15434,2025-09-05,674,114,2,2,314.42
15435,2025-05-09,199,11,4,3,805.92
15436,2025-10-21,236,28,3,6,825.82
15437,2025-11-20,584,25,4,17,660.36
15438,2025-07-02,397,12,2,20,279.42
15439,2025-11-05,732,110,2,12,850.69
15440,2025-10-11,438,67,3,9,503.62
15441,2025-12-19,626,51,8,24,965.37
15442,2025-10-22,367,26,2,7,258.17
15443,2025-03-07,72,3,2,1,54.94
15444,2025-04-13,200,111,7,21,345.63
15445,2025-11-02,83,103,1,21,528.45
15446,2025-01-25,10,76,4,24,825.4
15447,2025-03-15,664,5,3,10,1046.99
15448,2025-06-05,82,43,4,14,331.05
15449,2025-10-13,137,42,3,12,406.45
15450,2025-11-11,700,51,1,24,947.13
15451,2025-06-13,695,119,1,9,529.02
15452,2025-07-03,178,39,5,5,161.88
15453,2025-03-17,403,14,3,15,123.01
15454,2025-06-27,759,117,3,24,994.01
15455,2025-11-03,324,40,7,15,477.26
15456,2025-01-14,769,59,7,4,706.58
15457,2025-06-05,738,50,6,6,1046.77
15458,2025-11-13,168,30,2,24,556.39
15459,2025-07-20,729,85,5,16,160.15
15460,2025-10-14,341,31,4,19,481.44
15461,2025-01-11,410,82,3,24,168.92
15462,2025-11-18,112,97,3,14,155.66
15463,2025-06-24,101,5,6,22,1186.83
15464,2025-01-13,253,26,7,11,206.36
15465,2025-12-20,481,33,8,15,150.53
15466,2025-05-17,485,118,6,1,982.71
15467,2025-09-20,355,80,6,11,155.04
15468,2025-08-02,531,31,6,7,657.09
15469,2025-12-07,696,80,5,19,129.96
15470,2025-11-10,135,88,1,7,743.53
15471,2025-05-08,469,58,4,14,153.02
15472,2025-02-18,645,95,7,4,317.72
15473,2025-11-23,178,31,3,19,622.53
15474,2025-09-04,455,31,3,4,544.86
15475,2025-10-08,500,57,8,19,876.53
15476,2025-09-07,29,99,7,11,34.98
15477,2025-06-03,715,43,3,9,398.06
15478,2025-01-03,234,69,8,17,438.7
15479,2025-12-28,374,94,1,3,49.13
15480,2025-09-13,346,8,7,1,1127.96
15481,2025-08-07,395,86,4,7,314.06
15482,2025-04-11,283,120,3,6,530.99
15483,2025-03-15,215,12,7,17,384.88
15484,2025-04-27,215,115,1,22,564.41
15485,2025-01-10,16,41,5,11,870.32
15486,2025-09-25,290,16,3,16,46.95
15487,2025-04-26,620,14,5,8,156.14
15488,2025-06-20,672,57,6,23,818.53
15489,2025-09-22,598,83,3,13,847.56
15490,2025-02-11,128,78,1,13,254.96
15491,2025-02-16,112,62,1,18,258.22
15492,2025-05-21,124,75,2,23,193.5
15493,2025-08-08,384,112,1,19,115.53
15494,2025-04-17,539,17,3,13,677.54
15495,2025-10-03,46,112,8,19,155.49
15496,2025-10-17,545,89,2,3,68.42
15497,2025-04-08,432,14,6,10,108.39
15498,2025-11-24,255,105,4,9,254.41
15499,2025-08-24,265,85,3,16,200.94
15500,2025-03-18,257,49,1,13,444.84
15501,2025-06-21,162,120,7,7,486.01
15502,2025-10-06,518,108,6,7,93.35
15503,2025-09-16,227,89,3,2,54.23
15504,2025-07-17,36,83,1,17,964.79
15505,2025-01-08,25,48,3,22,238.95
15506,2025-08-06,231,48,6,4,222.53
15507,2025-03-07,454,76,6,22,1070.27
15508,2025-12-22,578,20,7,18,470.26
15509,2025-05-13,223,69,4,1,579.03
15510,2025-04-05,414,115,3,13,790.17
15511,2025-04-30,198,5,1,13,1206.39
15512,2025-02-21,384,36,4,24,337.14
15513,2025-03-28,228,31,7,19,579.26
15514,2025-01-07,127,64,4,25,156.74
15515,2025-04-30,800,108,4,15,78.98
15516,2025-03-06,421,105,1,4,237.17
15517,2025-10-29,469,10,2,24,800.95
15518,2025-05-08,644,113,1,4,790.18
15519,2025-11-01,758,66,3,15,414.03
15520,2025-03-16,764,115,4,15,816.84
15521,2025-06-01,305,14,8,25,149.49
15522,2025-05-18,546,65,3,2,757.34
15523,2025-02-26,9,4,7,19,213.04
15524,2025-10-15,541,104,6,1,310.79
15525,2025-12-17,381,115,2,21,544.41
15526,2025-07-08,613,115,5,14,517.09
15527,2025-05-07,358,55,8,16,788.22
15528,2025-01-30,238,100,1,13,206.44
15529,2025-06-11,65,23,8,20,939.57
15530,2025-06-11,61,107,3,24,452.7
15531,2025-09-15,283,67,2,3,544.25
15532,2025-03-11,290,99,1,4,45.26
15533,2025-11-02,375,36,4,2,260.79
15534,2025-02-03,410,25,5,25,563.09
15535,2025-03-28,371,116,8,19,884.05
15536,2025-06-07,596,104,7,23,376.59
15537,2025-12-10,409,101,7,25,205.01
15538,2025-07-15,762,93,3,6,680.12
15539,2025-05-18,488,90,7,17,102.21
15540,2025-05-17,98,11,4,17,905.36
15541,2025-09-18,136,46,4,24,421.49
15542,2025-02-09,349,6,7,2,384.01
15543,2025-01-13,85,105,6,21,239.38
15544,2025-05-05,264,35,7,21,215.56
15545,2025-03-20,469,97,6,13,204.24
15546,2025-05-26,471,26,4,5,199.23
15547,2025-07-01,340,106,4,10,948.59
15548,2025-07-13,163,6,7,25,397.6
15549,2025-02-11,100,32,3,19,1008.27
15550,2025-10-22,223,47,7,25,754.05
15551,2025-01-31,746,36,3,14,288.89
15552,2025-05-29,283,112,7,8,118.11
15553,2025-05-05,5,74,3,16,521.75
15554,2025-05-10,262,39,3,22,164.21
15555,2025-02-03,583,10,4,2,723.84
15556,2025-10-12,483,53,1,10,251.89
15557,2025-09-26,421,105,7,1,247.03
15558,2025-10-04,9,54,5,13,47.07
15559,2025-06-18,419,64,5,5,222.74
15560,2025-10-21,674,91,6,2,744.52
15561,2025-03-13,366,8,5,21,897.99
15562,2025-05-12,274,12,2,3,273.23
15563,2025-09-24,535,56,1,11,646.96
15564,2025-03-29,90,79,3,2,405.57
15565,2025-05-15,18,74,6,14,463.72
15566,2025-07-19,701,82,6,2,200.87
15567,2025-10-07,487,40,6,15,429.35
15568,2025-03-30,180,38,1,18,157.15
15569,2025-12-19,571,11,5,22,759.73
15570,2025-11-24,537,39,7,9,182.33
15571,2025-02-25,465,92,2,10,892.11
15572,2025-07-13,755,26,1,8,204.94
15573,2025-05-28,263,110,4,17,855.54
15574,2025-07-13,274,51,5,7,737.39
15575,2025-09-01,701,120,5,1,490.53
15576,2025-11-10,612,110,5,9,854.97
15577,2025-01-14,87,74,6,6,557.91
15578,2025-05-25,294,60,5,23,128.13
15579,2025-07-22,278,14,4,25,154.31
15580,2025-09-15,580,70,1,10,889.77
15581,2025-01-22,742,49,3,13,404.53
15582,2025-11-09,468,82,8,7,145.36
15583,2025-04-23,272,60,2,24,136.06
15584,2025-06-20,641,46,1,22,451.86
15585,2025-05-31,407,96,1,24,589.19
15586,2025-07-29,360,65,1,22,915.58
15587,2025-02-21,264,26,5,19,295.81
15588,2025-12-16,781,101,5,9,284.06
15589,2025-09-16,669,83,8,4,654.23
15590,2025-02-10,776,39,1,21,213.59
15591,2025-08-20,85,31,4,2,471.33
15592,2025-12-07,55,67,3,20,511.5
15593,2025-03-17,720,10,4,13,636.79
15594,2025-08-12,159,88,5,15,920.37
15595,2025-05-15,501,52,5,8,1082.28
15596,2025-07-26,345,71,5,2,470.35
15597,2025-07-30,123,73,1,2,628.69
15598,2025-05-12,237,47,7,9,783.21
15599,2025-08-11,657,28,5,18,797.01
15600,2025-12-17,757,52,6,4,1004.65
15601,2025-09-23,13,89,1,2,75.06
15602,2025-06-19,62,6,3,25,425.52
15603,2025-05-31,248,89,5,7,82.36
15604,2025-02-22,313,113,1,8,844.19
15605,2025-08-14,549,119,4,15,405.16
15606,2025-02-03,453,4,5,5,211.53
15607,2025-06-04,626,57,6,15,871.2
15608,2025-04-14,263,102,8,8,66.13
15609,2025-10-14,744,99,7,15,50.27
15610,2025-02-03,507,68,5,1,1154.41
15611,2025-06-24,704,95,1,4,282.54
15612,2025-02-22,158,17,3,3,836.94
15613,2025-02-23,516,48,1,3,219.16
15614,2025-02-22,323,111,5,3,328.56
15615,2025-04-25,187,117,2,17,777.52
15616,2025-03-11,691,11,5,18,784.28
15617,2025-08-18,280,114,4,13,304.43
15618,2025-03-26,360,22,1,12,187.02
15619,2025-12-22,156,77,3,11,96.97
15620,2025-02-22,590,5,8,11,930.86
15621,2025-03-04,641,11,5,21,652.81
15622,2025-09-23,324,17,2,16,882.82
15623,2025-06-29,555,115,4,11,509.71
15624,2025-11-25,241,33,2,13,170.98
15625,2025-11-15,149,112,5,16,119.98
15626,2025-12-16,100,85,7,21,255.06
15627,2025-05-31,316,63,3,8,737.19
15628,2025-05-08,310,10,3,7,528.81
15629,2025-03-01,525,49,8,7,371.61
15630,2025-01-08,668,52,5,22,763.9
15631,2025-09-25,226,92,2,22,847.55
15632,2025-12-01,593,43,6,5,290.59
15633,2025-05-05,791,93,2,9,799.18
15634,2025-05-17,310,50,6,23,765.99
15635,2025-12-23,366,63,5,19,766.49
15636,2025-11-18,219,116,8,2,923.89
15637,2025-01-30,471,90,3,15,122.83
15638,2025-09-04,541,95,2,3,289.55
15639,2025-08-07,24,33,7,23,210.59
15640,2025-09-09,355,76,7,22,841.96
15641,2025-11-12,159,49,3,19,418.37
15642,2025-03-16,198,101,1,7,188.7
15643,2025-02-06,106,46,2,6,364.06
15644,2025-02-19,225,83,5,3,813.48
15645,2025-07-22,521,87,5,15,427.45
15646,2025-07-11,749,45,1,21,502.61
15647,2025-08-11,364,56,8,18,654.29
15648,2025-10-02,327,18,2,12,482.69
15649,2025-02-01,357,10,3,4,789.32
15650,2025-05-20,386,47,1,22,754.31
15651,2025-07-02,212,76,2,17,1043.72
15652,2025-03-17,167,18,3,7,472.7
15653,2025-02-14,351,87,7,25,419.21
15654,2025-11-14,5,115,6,8,586.07
15655,2025-06-05,669,42,8,12,331.69
15656,2025-10-08,484,99,2,12,41.44
15657,2025-12-06,658,19,2,3,461.98
15658,2025-08-11,783,53,8,25,307.24
15659,2025-07-25,14,39,5,3,254.81
15660,2025-05-20,800,31,4,16,560.22
15661,2025-10-06,489,71,5,2,543.94
15662,2025-11-08,80,112,8,13,120.27
15663,2025-06-10,303,98,3,18,261.16
15664,2025-05-21,298,117,1,9,714.89
15665,2025-06-11,522,57,8,15,923.18
15666,2025-08-13,501,75,1,6,172.16
15667,2025-03-10,273,26,5,16,198.84
15668,2025-07-04,278,73,3,19,547.19
15669,2025-12-12,798,33,8,2,159.28
15670,2025-02-12,4,85,3,22,243.32
15671,2025-01-27,400,47,6,15,763.29
15672,2025-03-22,648,74,4,3,563.08
15673,2025-04-01,336,48,7,1,238.85
15674,2025-08-20,683,52,6,1,744.0
15675,2025-07-10,324,46,7,19,447.95
15676,2025-04-18,402,116,7,4,624.83
15677,2025-07-19,325,11,1,1,716.69
15678,2025-01-01,76,47,7,9,973.35
15679,2025-02-24,783,52,8,4,996.27
15680,2025-11-09,288,116,1,12,820.79
15681,2025-03-04,138,77,4,9,116.8
15682,2025-06-05,45,97,3,25,139.32
15683,2025-02-19,317,44,4,1,156.24
15684,2025-03-20,184,96,4,21,810.16
15685,2025-02-27,662,97,4,25,181.63
15686,2025-07-22,710,93,4,12,858.08
15687,2025-02-12,381,69,8,18,491.98
15688,2025-02-28,568,73,6,16,571.4
15689,2025-06-25,153,106,3,20,1186.52
15690,2025-05-25,693,22,8,15,178.41
15691,2025-01-20,481,109,5,21,59.48
15692,2025-11-19,476,37,7,13,45.84
15693,2025-04-11,175,95,6,23,238.49
15694,2025-06-18,543,51,3,18,768.54
15695,2025-11-18,57,43,8,24,396.93
15696,2025-09-03,792,104,2,2,298.69
15697,2025-05-28,222,77,2,7,121.82
15698,2025-03-13,564,82,2,19,182.73
15699,2025-02-06,228,17,5,22,669.38
15700,2025-01-29,394,92,1,25,728.93
15701,2025-03-19,115,98,5,13,331.63
15702,2025-07-30,304,69,6,2,501.39
15703,2025-03-14,314,82,3,3,156.65
15704,2025-07-20,170,4,4,6,197.37
15705,2025-08-21,535,19,6,4,596.23
15706,2025-05-15,18,72,5,6,342.21
15707,2025-11-17,589,31,6,9,598.51
15708,2025-10-10,601,99,6,11,34.51
15709,2025-09-10,576,63,1,5,862.74
15710,2025-01-05,325,104,4,4,441.94
15711,2025-10-14,373,76,6,14,1228.4
15712,2025-02-02,402,95,4,21,274.5
15713,2025-08-05,4,61,3,16,753.86
15714,2025-03-21,314,88,8,6,718.72
15715,2025-09-15,595,28,8,5,773.33
15716,2025-12-23,305,46,8,8,456.7
15717,2025-09-06,325,60,4,20,117.63
15718,2025-05-20,428,52,5,17,808.26
15719,2025-01-12,74,31,2,12,536.71
15720,2025-04-22,266,20,4,11,412.28
15721,2025-12-16,357,106,2,5,952.67
15722,2025-05-09,133,119,3,19,554.51
15723,2025-05-27,611,4,2,8,198.73
15724,2025-10-17,62,75,3,3,207.86
15725,2025-11-25,163,30,8,18,495.91
15726,2025-08-02,197,1,7,22,611.03
15727,2025-02-18,655,102,3,2,74.42
15728,2025-03-11,214,36,7,6,248.18
15729,2025-12-30,456,69,8,1,507.33
15730,2025-08-11,375,80,6,15,136.06
15731,2025-12-04,298,71,5,4,483.1
15732,2025-06-15,589,40,4,6,449.74
15733,2025-10-21,172,106,1,21,846.37
15734,2025-05-08,509,66,4,7,353.22
15735,2025-02-11,488,78,2,5,239.09
15736,2025-08-14,152,55,6,13,811.84
15737,2025-02-02,617,89,1,24,57.63
15738,2025-04-11,524,115,6,3,696.53
15739,2025-10-14,123,16,7,13,65.79
15740,2025-08-26,267,53,2,20,272.75
15741,2025-12-30,424,1,2,22,723.87
15742,2025-07-09,359,58,7,17,188.73
15743,2025-08-01,114,27,7,12,352.7
15744,2025-04-14,446,28,4,1,573.63
15745,2025-07-22,328,54,3,16,54.52
15746,2025-08-21,187,46,7,16,361.08
15747,2025-03-28,48,36,2,19,285.8
15748,2025-12-15,515,110,1,16,618.19
15749,2025-07-14,708,69,6,15,621.04
15750,2025-12-02,40,45,4,10,646.09
15751,2025-05-23,373,20,8,11,370.4
15752,2025-02-10,674,89,1,10,78.88
15753,2025-03-06,635,114,1,7,317.49
15754,2025-07-23,19,73,8,20,690.32
15755,2025-11-04,373,14,4,9,119.44
15756,2025-01-10,156,3,4,17,53.46
15757,2025-07-07,706,32,7,5,727.04
15758,2025-09-23,607,112,1,6,139.83
15759,2025-08-25,219,58,7,16,154.71
15760,2025-09-01,592,41,3,9,733.36
15761,2025-06-12,500,72,8,18,366.59
15762,2025-04-07,341,80,5,23,136.74
15763,2025-06-01,207,76,8,6,1160.89
15764,2025-03-25,653,73,1,1,499.18
15765,2025-03-17,635,77,4,19,92.87
15766,2025-09-23,518,45,4,6,590.03
15767,2025-07-07,651,55,5,21,855.62
15768,2025-08-28,407,106,7,24,955.65
15769,2025-05-08,463,119,3,10,398.86
15770,2025-06-11,562,16,2,21,57.09
15771,2025-01-27,533,9,3,17,909.13
15772,2025-11-23,670,21,8,9,469.8
15773,2025-10-01,485,48,8,3,273.52
15774,2025-03-11,102,119,5,3,618.69
15775,2025-11-14,654,58,5,20,159.83
15776,2025-02-08,784,59,8,1,599.13
15777,2025-05-20,132,64,3,14,150.89
15778,2025-09-20,209,115,8,2,791.36
15779,2025-12-22,315,109,8,7,51.45
15780,2025-04-14,520,16,2,14,66.19
15781,2025-03-29,137,66,2,4,333.31
15782,2025-04-25,642,42,6,16,488.37
15783,2025-04-07,384,37,7,9,69.63
15784,2025-10-02,552,20,7,14,498.18
15785,2025-09-12,111,62,2,25,236.63
15786,2025-02-15,302,16,2,12,54.86
15787,2025-06-21,436,66,5,22,407.25
15788,2025-09-14,663,68,7,5,1223.15
15789,2025-09-08,800,87,7,24,431.32
15790,2025-02-23,83,6,6,8,352.0
15791,2025-11-29,302,10,5,16,550.82
15792,2025-05-31,336,33,3,7,148.92
15793,2025-04-15,49,62,7,15,246.47
15794,2025-02-19,772,25,7,21,673.06
15795,2025-01-14,588,5,1,24,969.24
15796,2025-04-15,429,114,5,1,291.54
15797,2025-10-15,614,77,4,21,122.35
15798,2025-08-18,579,5,8,13,965.45
15799,2025-11-28,135,69,6,17,427.96
15800,2025-06-11,205,45,3,14,563.28
15801,2025-01-24,796,10,6,25,536.33
15802,2025-07-14,252,50,5,2,917.55
15803,2025-10-29,214,120,5,6,476.77
15804,2025-08-21,669,30,3,21,458.18
15805,2025-04-25,631,26,4,25,238.57
15806,2025-12-27,733,1,5,4,734.97
15807,2025-09-28,393,15,2,3,759.88
15808,2025-09-23,362,95,8,11,278.78
15809,2025-03-16,570,10,4,1,779.55
15810,2025-07-13,48,92,2,17,766.4
15811,2025-09-23,247,117,6,15,914.52
15812,2025-03-12,33,114,8,22,381.73
15813,2025-04-14,193,100,5,12,261.86
15814,2025-07-07,65,84,2,18,397.84
15815,2025-05-12,110,100,1,24,244.33
15816,2025-05-04,132,71,2,7,571.47
15817,2025-10-04,703,77,2,13,105.49
15818,2025-08-09,175,51,8,10,892.73
15819,2025-04-06,672,85,5,3,221.3
15820,2025-09-28,247,27,3,6,375.77
15821,2025-04-15,450,96,3,23,738.78
15822,2025-08-31,566,26,4,6,221.03
15823,2025-07-03,242,39,2,19,229.23
15824,2025-10-16,99,84,6,16,419.82
15825,2025-08-16,241,23,1,8,1184.88
15826,2025-05-24,82,58,1,17,197.67
15827,2025-10-02,130,2,8,20,416.02
15828,2025-03-26,604,44,1,23,228.95
15829,2025-12-26,284,2,8,1,407.52
15830,2025-02-14,689,46,5,19,310.42
15831,2025-05-16,486,40,8,16,454.37
15832,2025-09-29,1,25,1,17,442.75
15833,2025-10-13,86,109,5,18,48.38
15834,2025-07-15,79,60,6,22,93.15
15835,2025-03-19,607,13,2,12,242.38
15836,2025-08-11,146,85,2,12,173.1
15837,2025-06-15,189,74,2,24,496.28
15838,2025-12-06,59,111,6,10,382.68
15839,2025-04-05,345,107,2,18,454.61
15840,2025-09-30,262,119,1,19,514.29
15841,2025-10-12,685,104,4,21,317.3
15842,2025-01-24,53,115,5,17,658.95
15843,2025-10-10,405,43,6,24,390.12
15844,2025-03-06,780,85,7,18,229.06
15845,2025-08-17,242,35,1,15,219.67
15846,2025-06-10,158,60,1,8,116.59
15847,2025-02-03,526,55,1,22,800.44
15848,2025-08-15,410,75,5,24,199.8
15849,2025-06-18,64,59,6,2,685.85
15850,2025-02-23,49,90,5,9,148.99
15851,2025-09-24,428,2,3,24,407.12
15852,2025-02-25,250,86,4,19,286.92
15853,2025-07-22,772,87,1,18,487.76
15854,2025-10-29,559,43,1,14,380.48
15855,2025-10-20,83,33,2,14,147.09
15856,2025-09-17,412,98,2,25,259.04
15857,2025-05-28,244,115,5,25,662.97
15858,2025-01-12,345,12,1,20,436.43
15859,2025-05-25,793,119,2,1,476.57
15860,2025-02-21,534,12,7,18,329.27
15861,2025-04-20,724,70,7,13,842.53
15862,2025-09-16,368,42,5,2,457.19
15863,2025-01-01,31,34,6,20,488.0
15864,2025-11-14,250,58,5,8,199.18
15865,2025-07-30,737,10,6,18,792.9
15866,2025-02-17,387,18,5,13,541.0
15867,2025-09-25,498,71,2,8,506.88
15868,2025-01-05,599,73,8,14,649.51
15869,2025-04-03,688,120,6,10,559.03
15870,2025-01-20,218,41,4,23,684.04
15871,2025-04-22,196,17,2,11,937.42
15872,2025-07-12,737,52,5,24,1032.55
15873,2025-04-19,345,68,4,16,903.62
15874,2025-03-18,152,48,7,1,263.19
15875,2025-08-30,470,21,7,18,473.06
15876,2025-12-02,736,23,6,12,1160.3
15877,2025-06-03,52,21,8,11,357.34
15878,2025-03-28,738,84,7,1,365.49
15879,2025-01-04,193,27,7,20,505.19
15880,2025-08-04,42,120,5,1,477.67
15881,2025-05-27,124,52,1,4,1073.23
15882,2025-10-18,511,77,3,7,109.32
15883,2025-09-28,743,21,6,3,363.73
15884,2025-11-09,477,103,1,9,504.62
15885,2025-08-24,326,106,6,11,795.51
15886,2025-02-01,758,3,6,20,50.62
15887,2025-04-21,620,82,3,25,161.31
15888,2025-10-28,714,17,5,13,602.53
15889,2025-03-17,557,117,5,9,880.75
15890,2025-11-27,72,120,1,22,580.72
15891,2025-07-21,227,61,3,23,754.23
15892,2025-08-24,375,15,3,17,732.77
15893,2025-12-24,410,76,1,4,1024.08
15894,2025-09-10,263,8,6,16,1025.93
15895,2025-06-06,721,62,4,11,280.09
15896,2025-11-10,671,55,5,23,892.58
15897,2025-02-07,157,93,6,8,685.83
15898,2025-02-05,328,1,7,25,609.04
15899,2025-12-27,44,19,6,22,494.96
15900,2025-01-15,791,50,6,21,703.38
15901,2025-07-18,247,64,5,3,178.19
15902,2025-03-10,48,57,8,12,797.83
15903,2025-01-05,174,5,8,12,760.27
15904,2025-04-16,536,71,1,17,560.35
15905,2025-09-17,570,20,6,1,358.26
15906,2025-06-08,183,42,2,5,334.5
15907,2025-06-27,263,51,3,16,926.83
15908,2025-05-19,570,10,2,8,709.87
15909,2025-02-22,68,68,2,6,787.16
15910,2025-04-30,789,72,6,17,339.78
15911,2025-08-02,162,10,1,6,744.89
15912,2025-07-05,504,26,7,2,195.98
15913,2025-08-20,785,98,5,17,260.69
15914,2025-04-06,376,88,2,2,626.62
15915,2025-11-05,626,98,3,5,244.29
15916,2025-11-14,254,4,2,19,183.89
15917,2025-12-11,585,88,3,23,813.85
15918,2025-04-05,426,112,7,2,159.93
15919,2025-11-27,371,104,4,12,366.37
15920,2025-04-29,87,69,5,22,575.24
15921,2025-12-29,563,56,1,4,621.5
15922,2025-07-06,261,23,3,10,1106.54
15923,2025-09-16,513,95,7,15,278.04
15924,2025-01-15,596,59,7,14,624.58
15925,2025-06-19,604,48,1,6,255.11
15926,2025-06-15,136,95,5,12,339.29
15927,2025-12-14,278,21,5,9,354.33
15928,2025-04-20,246,104,2,2,432.03
15929,2025-09-11,572,83,1,3,802.78
15930,2025-04-05,401,23,4,25,994.89
15931,2025-08-24,173,117,3,17,830.84
15932,2025-02-15,107,57,3,15,700.26
15933,2025-08-20,483,111,5,8,307.48
15934,2025-06-07,34,3,5,23,42.54
15935,2025-09-28,500,6,8,21,318.18
15936,2025-05-21,136,109,7,21,49.9
15937,2025-04-19,29,95,7,16,348.14
15938,2025-11-25,211,99,5,20,48.37
15939,2025-05-22,87,113,6,5,934.8
15940,2025-01-01,20,7,3,18,176.26
15941,2025-08-10,565,28,6,18,788.34
15942,2025-04-26,640,54,1,12,50.83
15943,2025-09-21,616,67,6,11,546.47
15944,2025-01-27,264,79,2,21,412.43
15945,2025-04-02,775,114,8,2,378.62
15946,2025-07-12,190,59,8,24,509.75
15947,2025-11-17,595,28,1,22,548.13
15948,2025-05-20,502,74,7,23,627.61
15949,2025-06-17,573,78,4,8,174.88
15950,2025-11-18,457,55,1,13,857.39
15951,2025-12-26,302,15,3,4,673.1
15952,2025-01-09,591,92,8,12,692.37
15953,2025-03-10,279,54,8,20,35.28
15954,2025-03-21,423,78,5,15,200.56
15955,2025-01-04,246,55,8,11,1018.41
15956,2025-05-15,789,17,3,14,608.52
15957,2025-10-14,536,92,8,20,854.06
15958,2025-08-28,728,32,7,18,789.76
15959,2025-05-07,432,85,7,24,190.58
15960,2025-11-09,791,51,5,19,870.12
15961,2025-06-01,593,37,4,12,54.07
15962,2025-06-03,145,23,7,7,1154.77
15963,2025-11-23,654,55,6,12,861.48
15964,2025-09-14,787,71,5,14,396.47
15965,2025-10-17,112,18,4,25,468.93
15966,2025-06-07,132,56,8,11,675.8
15967,2025-09-27,707,95,1,8,297.47
15968,2025-02-15,560,50,5,13,939.66
15969,2025-10-25,141,42,4,13,345.48
15970,2025-04-13,499,20,2,24,506.27
15971,2025-08-05,500,78,8,6,228.58
15972,2025-12-12,393,77,8,23,99.22
15973,2025-04-04,174,92,3,20,860.44
15974,2025-09-01,791,70,5,4,638.71
15975,2025-01-22,43,44,5,4,201.48
15976,2025-08-31,324,80,2,16,145.2
15977,2025-01-26,283,93,3,16,732.56
15978,2025-02-03,784,95,5,19,361.17
15979,2025-09-21,116,103,5,23,443.54
15980,2025-03-19,684,47,6,6,742.92
15981,2025-04-24,693,14,2,20,108.83
15982,2025-12-24,300,55,2,5,727.14
15983,2025-03-31,329,40,4,24,348.0
15984,2025-03-25,287,45,6,23,473.57
15985,2025-12-20,754,112,8,19,163.88
15986,2025-01-18,34,107,4,5,422.41
15987,2025-05-06,33,12,4,2,369.61
15988,2025-08-06,700,46,6,25,383.17
15989,2025-07-13,683,47,5,6,790.96
15990,2025-03-20,540,65,7,6,941.45
15991,2025-10-12,554,95,5,17,239.39
15992,2025-10-30,235,101,5,3,198.81
15993,2025-11-12,650,100,7,22,278.08
15994,2025-08-08,702,45,3,20,558.64
15995,2025-02-28,118,1,7,24,860.62
15996,2025-02-14,558,96,2,23,613.37
15997,2025-12-25,535,91,3,4,995.82
15998,2025-02-27,597,28,8,22,834.36
15999,2025-05-27,675,71,7,18,533.7
16000,2025-12-13,461,101,4,23,237.44
16001,2025-12-30,416,69,2,13,628.41
16002,2025-02-19,312,102,5,6,74.06
16003,2025-09-28,777,25,1,8,639.66
16004,2025-06-29,276,55,1,6,937.97
16005,2025-06-10,139,109,1,3,68.27
16006,2025-04-28,573,2,3,6,415.65
16007,2025-12-30,598,105,1,2,324.35
16008,2025-09-25,127,64,7,13,229.25
16009,2025-05-14,204,4,4,8,229.28
16010,2025-02-13,144,105,6,10,334.8
16011,2025-10-30,169,19,1,7,464.52
16012,2025-08-18,305,91,5,17,870.16
16013,2025-02-10,425,18,5,4,501.37
16014,2025-10-24,522,35,3,14,200.57
16015,2025-11-18,175,113,7,22,804.21
16016,2025-02-28,598,68,1,2,1159.57
16017,2025-04-20,339,118,6,17,853.85
16018,2025-06-11,362,86,4,13,294.62
16019,2025-08-24,136,113,1,20,761.81
16020,2025-04-03,387,67,2,11,494.95
16021,2025-11-07,387,60,7,4,106.12
16022,2025-04-19,492,42,5,25,429.26
16023,2025-12-25,306,61,4,1,856.35
16024,2025-08-06,103,89,8,4,63.84
16025,2025-03-31,755,80,7,7,138.03
16026,2025-09-20,262,74,7,17,449.85
16027,2025-07-30,595,60,5,18,104.13
16028,2025-12-03,506,8,6,16,910.03
16029,2025-06-21,794,75,8,16,217.37
16030,2025-06-15,246,55,4,3,652.63
16031,2025-05-14,341,96,5,1,780.65
16032,2025-04-11,340,25,3,11,488.24
16033,2025-03-04,572,78,6,13,190.04
16034,2025-12-19,259,81,5,18,600.97
16035,2025-11-29,220,64,3,25,239.52
16036,2025-05-27,782,66,1,18,398.52
16037,2025-02-07,220,81,4,21,553.55
16038,2025-12-24,295,20,6,11,393.56
16039,2025-06-18,278,66,3,12,387.3
16040,2025-05-03,573,114,8,3,391.57
16041,2025-10-14,756,58,5,25,191.23
16042,2025-03-24,800,73,2,14,738.42
16043,2025-10-15,736,53,5,11,298.98
16044,2025-06-13,161,114,8,5,314.03
16045,2025-04-20,664,99,3,25,46.53
16046,2025-04-05,63,12,6,22,309.69
16047,2025-05-31,122,22,8,18,181.21
16048,2025-11-04,577,95,4,14,317.81
16049,2025-05-05,775,4,2,6,263.85
16050,2025-03-29,253,108,8,14,73.22
16051,2025-12-22,678,81,7,6,633.53
16052,2025-12-21,502,67,1,10,564.63
16053,2025-06-02,610,36,8,11,257.87
16054,2025-11-27,50,32,5,9,827.6
16055,2025-12-10,585,73,2,12,604.16
16056,2025-07-25,164,68,8,8,931.15
16057,2025-10-18,229,35,5,5,161.77
16058,2025-08-17,340,101,8,11,194.95
16059,2025-06-16,273,113,1,3,957.71
16060,2025-03-16,438,98,2,10,251.29
16061,2025-06-29,453,68,1,23,834.94
16062,2025-02-24,208,120,2,16,581.48
16063,2025-04-26,68,9,8,19,674.76
16064,2025-10-15,162,20,4,16,336.65
16065,2025-11-23,486,49,2,5,464.18
16066,2025-05-15,69,64,2,15,233.95
16067,2025-07-26,534,35,6,15,139.33
16068,2025-04-05,17,62,1,11,337.77
16069,2025-05-06,783,93,8,6,646.71
16070,2025-08-01,383,65,1,6,1022.26
16071,2025-11-06,682,105,3,23,315.9
16072,2025-07-28,798,103,2,11,414.39
16073,2025-11-29,587,13,8,19,237.74
16074,2025-02-02,117,33,4,8,212.79
16075,2025-10-24,369,68,8,8,1096.36
16076,2025-08-07,384,79,2,19,301.0
16077,2025-07-24,336,94,6,7,65.21
16078,2025-11-03,787,9,7,9,698.78
16079,2025-06-13,233,78,8,7,247.69
16080,2025-06-23,702,112,1,17,114.91
16081,2025-12-02,343,99,7,5,44.15
16082,2025-02-10,534,1,1,20,652.0
16083,2025-03-19,137,43,3,11,313.75
16084,2025-12-28,458,100,8,18,261.54
16085,2025-04-30,500,75,6,25,176.31
16086,2025-03-22,122,92,4,8,900.43
16087,2025-05-27,322,13,6,15,194.15
16088,2025-07-27,346,51,1,20,1027.01
16089,2025-09-26,383,64,3,25,227.69
16090,2025-10-04,135,79,2,4,387.94
16091,2025-12-19,41,36,8,21,228.49
16092,2025-06-02,256,96,7,4,928.0
16093,2025-07-18,134,5,1,3,764.3
16094,2025-09-21,15,101,3,6,273.89
16095,2025-09-19,639,107,5,9,479.89
16096,2025-11-06,16,57,5,19,936.45
16097,2025-08-10,564,58,7,22,197.78
16098,2025-08-15,354,18,8,16,391.01
16099,2025-08-11,31,82,8,1,138.93
16100,2025-11-03,170,108,4,10,96.35
16101,2025-01-07,375,102,2,5,77.39
16102,2025-02-26,776,39,8,2,244.35
16103,2025-08-01,38,82,5,17,215.25
16104,2025-05-08,189,48,8,19,280.14
16105,2025-12-11,749,53,8,4,377.92
16106,2025-12-14,458,31,7,22,668.8
16107,2025-09-01,307,4,3,2,204.2
16108,2025-06-04,641,21,2,24,395.35
16109,2025-05-14,340,53,4,25,353.71
16110,2025-04-24,339,96,7,3,881.81
16111,2025-07-27,768,115,2,16,667.68
16112,2025-11-26,603,36,1,4,338.94
16113,2025-06-08,339,99,1,18,33.44
16114,2025-02-14,743,31,7,18,437.32
16115,2025-09-18,784,9,1,20,777.69
16116,2025-02-19,117,13,5,10,273.21
16117,2025-05-15,260,51,2,15,728.63
16118,2025-09-15,317,95,5,7,234.39
16119,2025-10-18,409,39,7,15,248.89
16120,2025-04-02,781,36,6,2,311.03
16121,2025-10-05,425,98,7,24,312.11
16122,2025-07-20,154,7,7,8,213.4
16123,2025-08-03,204,117,8,23,643.93
16124,2025-06-03,264,69,7,1,626.15
16125,2025-04-18,177,82,8,19,138.61
16126,2025-01-10,642,58,3,1,178.84
16127,2025-08-10,643,105,6,25,311.08
16128,2025-03-08,114,104,3,5,414.07
16129,2025-04-17,349,60,2,10,122.99
16130,2025-05-29,608,2,8,22,428.18
16131,2025-04-01,712,58,4,19,145.62
16132,2025-05-15,66,9,3,1,692.92
16133,2025-02-26,736,108,7,20,85.38
16134,2025-05-22,173,54,3,24,41.46
16135,2025-09-29,272,36,5,24,315.67
16136,2025-10-13,742,60,7,23,108.42
16137,2025-04-06,41,97,7,16,196.94
16138,2025-10-07,530,41,5,1,765.82
16139,2025-08-08,360,13,8,20,212.64
16140,2025-08-08,517,20,2,7,357.58
16141,2025-06-16,725,8,6,11,757.32
16142,2025-02-26,34,109,3,13,72.86
16143,2025-09-24,673,17,2,24,836.65
16144,2025-01-15,16,44,5,18,168.54
16145,2025-12-11,363,64,3,5,153.98
16146,2025-01-01,629,44,5,8,214.59
16147,2025-09-23,62,23,4,24,1063.75
16148,2025-10-31,497,14,7,11,105.53
16149,2025-02-14,270,21,6,2,443.51
16150,2025-04-15,501,73,5,19,520.49
16151,2025-01-12,478,84,8,8,282.03
16152,2025-11-19,534,96,4,10,690.19
16153,2025-01-06,143,5,3,6,816.93
16154,2025-08-31,25,26,5,10,290.57
16155,2025-08-04,524,104,5,8,343.92
16156,2025-11-26,82,120,1,24,717.43
16157,2025-04-12,754,28,6,3,735.52
16158,2025-11-02,390,34,1,9,518.4
16159,2025-07-19,233,35,6,24,159.19
16160,2025-06-21,610,97,5,19,142.71
16161,2025-04-07,505,54,5,17,49.8
16162,2025-12-14,378,94,2,8,66.97
16163,2025-04-14,670,114,4,3,339.29
16164,2025-09-29,171,11,4,16,906.45
16165,2025-12-31,247,74,8,12,517.1
16166,2025-08-24,536,46,5,20,362.03
16167,2025-04-26,670,38,7,2,144.85
16168,2025-05-26,180,16,6,4,57.96
16169,2025-10-29,772,107,1,3,434.58
16170,2025-12-10,292,88,5,7,917.22
16171,2025-12-27,782,30,7,21,444.28
16172,2025-08-19,503,68,5,5,798.36
16173,2025-09-28,332,111,7,5,269.17
16174,2025-12-05,659,83,6,3,912.1
16175,2025-08-07,39,25,4,5,630.38
16176,2025-01-18,515,106,5,7,1078.97
16177,2025-09-13,614,15,5,23,727.03
16178,2025-04-16,659,16,4,6,53.68
16179,2025-04-02,380,27,4,20,376.78
16180,2025-08-05,765,39,2,16,178.45
16181,2025-08-20,793,106,2,21,813.94
16182,2025-11-16,225,39,5,15,217.64
16183,2025-10-25,610,116,2,21,871.79
16184,2025-05-24,255,23,4,2,1095.93
16185,2025-06-12,483,81,1,16,645.07
16186,2025-11-06,330,68,1,9,1117.29
16187,2025-07-21,637,114,2,22,287.36
16188,2025-07-16,47,94,4,2,56.98
16189,2025-05-09,637,16,3,7,69.15
16190,2025-11-27,646,10,7,14,644.92
16191,2025-06-08,756,57,3,24,846.43
16192,2025-03-25,418,58,8,17,149.1
16193,2025-05-15,129,10,7,21,692.78
16194,2025-10-22,155,107,4,18,480.42
16195,2025-01-11,209,48,1,4,198.84
16196,2025-07-12,209,101,4,7,220.03
16197,2025-10-28,427,118,2,21,1081.04
16198,2025-03-11,267,35,6,21,146.53
16199,2025-02-28,770,84,8,11,310.01
16200,2025-03-02,655,55,3,12,676.53
16201,2025-02-12,166,91,3,13,735.04
16202,2025-01-05,327,8,3,18,902.19
16203,2025-04-06,624,77,4,10,127.66
16204,2025-06-22,315,28,1,9,757.44
16205,2025-12-29,110,23,1,15,865.41
16206,2025-03-25,317,99,2,15,43.93
16207,2025-11-12,484,114,1,12,274.08
16208,2025-08-31,387,6,7,13,468.9
16209,2025-08-18,772,118,6,12,907.32
16210,2025-06-10,54,85,6,21,237.06
16211,2025-10-15,678,48,5,5,289.38
16212,2025-09-15,324,98,7,10,324.98
16213,2025-02-21,212,58,2,10,179.28
16214,2025-11-09,136,78,1,9,227.37
16215,2025-07-07,424,87,5,22,595.83
16216,2025-09-03,70,25,1,3,495.27
16217,2025-04-19,294,15,4,7,844.69
16218,2025-10-24,190,40,7,9,507.19
16219,2025-04-14,382,30,5,18,580.53
16220,2025-12-07,413,13,8,6,192.7
16221,2025-02-13,472,82,7,24,171.3
16222,2025-01-15,689,70,1,16,840.35
16223,2025-11-27,412,48,7,1,197.91
16224,2025-07-06,42,6,5,24,292.17
16225,2025-01-28,694,76,1,5,1219.01
16226,2025-02-17,463,117,7,13,783.17
16227,2025-09-28,470,93,8,17,616.73
16228,2025-01-30,429,103,5,22,369.83
16229,2025-09-19,560,78,3,13,182.27
16230,2025-03-12,360,2,4,24,272.73
16231,2025-09-26,583,112,8,7,108.73
16232,2025-08-04,728,14,8,10,117.45
16233,2025-09-14,120,76,1,11,1084.12
16234,2025-01-08,153,9,7,11,1011.82
16235,2025-05-18,36,117,1,15,945.43
16236,2025-10-29,78,20,6,24,364.47
16237,2025-05-24,294,48,7,2,198.89
16238,2025-06-14,33,93,6,2,663.77
16239,2025-03-05,270,76,4,3,1113.1
16240,2025-06-27,92,114,1,4,397.8
16241,2025-07-10,179,16,5,5,57.53
16242,2025-05-17,587,3,6,23,60.46
16243,2025-06-03,147,49,1,23,539.31
16244,2025-11-30,426,84,7,24,395.82
16245,2025-11-14,656,93,1,3,897.19
16246,2025-12-09,227,58,3,8,131.49
16247,2025-10-02,195,6,8,20,380.33
16248,2025-05-26,710,28,3,25,540.41
16249,2025-01-03,289,58,8,8,191.08
16250,2025-10-05,101,5,4,17,1120.97
16251,2025-07-28,176,32,1,25,1057.36
16252,2025-10-06,55,120,7,19,735.16
16253,2025-05-14,670,104,5,2,302.46
16254,2025-02-22,491,36,8,9,227.15
16255,2025-12-31,346,70,7,14,702.96
16256,2025-06-11,202,13,5,18,259.04
16257,2025-10-15,252,108,5,11,84.5
16258,2025-07-06,470,29,6,24,390.91
16259,2025-11-17,83,70,2,6,749.49
16260,2025-05-24,795,39,5,19,243.25
16261,2025-04-10,25,40,6,3,433.53
16262,2025-04-29,451,101,1,12,198.26
16263,2025-08-13,489,28,2,16,725.08
16264,2025-05-15,533,99,3,21,33.13
16265,2025-05-15,440,44,5,4,219.89
16266,2025-10-01,482,87,5,17,565.9
16267,2025-11-25,403,32,6,12,1013.43
16268,2025-12-26,508,100,4,8,205.39
16269,2025-11-18,495,39,3,17,169.22
16270,2025-07-11,638,26,5,5,284.98
16271,2025-07-08,127,71,5,24,415.73
16272,2025-03-07,117,35,6,5,151.45
16273,2025-05-07,681,111,7,5,322.34
16274,2025-09-29,615,83,1,15,843.96
16275,2025-04-30,784,119,5,23,569.93
16276,2025-03-17,721,23,6,25,896.92
16277,2025-09-30,406,37,5,22,69.39
16278,2025-02-08,785,19,4,13,523.87
16279,2025-10-01,427,71,4,5,616.24
16280,2025-03-23,432,65,4,8,790.98
16281,2025-05-13,331,20,1,18,338.27
16282,2025-02-19,727,22,2,3,143.71
16283,2025-11-18,550,87,3,14,528.05
16284,2025-06-09,470,82,1,16,137.39
16285,2025-05-29,374,107,3,3,510.02
16286,2025-09-01,640,77,1,17,135.7
16287,2025-02-24,597,92,5,9,614.02
16288,2025-03-30,255,4,4,19,236.95
16289,2025-10-27,396,27,3,16,453.51
16290,2025-10-23,110,105,3,9,330.65
16291,2025-12-08,38,14,2,7,125.38
16292,2025-05-03,67,99,3,11,34.48
16293,2025-06-10,728,74,2,7,670.1
16294,2025-12-17,140,118,8,24,1093.3
16295,2025-08-30,529,14,5,24,114.32
16296,2025-11-01,687,8,3,18,812.25
16297,2025-07-06,274,60,1,18,122.44
16298,2025-09-04,204,54,8,7,54.51
16299,2025-04-07,145,113,7,15,618.45
16300,2025-01-23,322,86,3,9,321.41
16301,2025-03-10,13,63,3,1,870.54
16302,2025-01-12,352,100,8,13,198.22
16303,2025-04-27,78,105,3,10,305.64
16304,2025-10-30,132,81,7,15,671.9
16305,2025-05-03,296,39,1,25,240.02
16306,2025-09-15,737,109,4,9,72.17
16307,2025-05-31,511,20,4,14,374.78
16308,2025-05-18,60,38,3,25,184.14
16309,2025-12-27,518,56,7,23,439.92
16310,2025-02-11,381,15,4,13,850.24
16311,2025-04-12,104,49,1,3,503.93
16312,2025-11-23,457,32,3,14,936.87
16313,2025-04-22,609,35,8,2,209.49
16314,2025-07-04,331,33,2,16,178.36
16315,2025-02-09,600,18,3,9,499.55
16316,2025-09-20,726,60,2,19,119.31
16317,2025-09-15,355,25,8,24,460.79
16318,2025-03-14,513,24,8,15,571.0
16319,2025-09-11,450,59,7,5,707.57
16320,2025-01-22,355,117,5,11,909.28
16321,2025-07-29,318,111,1,22,346.3
16322,2025-04-30,260,96,5,25,899.28
16323,2025-10-31,195,53,1,11,246.71
16324,2025-12-24,21,72,5,8,400.95
16325,2025-03-25,699,73,5,2,658.46
16326,2025-02-14,82,114,3,5,291.0
16327,2025-06-08,451,14,8,20,133.42
16328,2025-09-13,52,70,3,2,815.14
16329,2025-05-06,237,77,5,14,124.36
16330,2025-12-16,422,119,2,12,427.81
16331,2025-09-22,702,8,8,1,1020.52
16332,2025-08-21,482,81,4,18,807.18
16333,2025-07-26,696,57,6,16,605.77
16334,2025-06-18,619,27,4,20,476.85
16335,2025-02-13,745,58,1,2,162.46
16336,2025-11-26,700,119,1,8,401.53
16337,2025-12-03,87,8,3,2,1064.86
16338,2025-05-05,266,78,6,16,264.24
16339,2025-03-30,795,42,2,20,421.81
16340,2025-11-11,793,63,5,21,664.08
16341,2025-12-26,697,7,7,23,205.42
16342,2025-03-16,547,116,7,19,609.2
16343,2025-11-30,544,9,4,17,1032.97
16344,2025-09-07,225,57,4,7,651.19
16345,2025-08-31,539,75,4,21,156.62
16346,2025-02-18,363,116,4,6,712.13
16347,2025-05-20,217,69,4,2,479.38
16348,2025-10-03,692,99,7,24,42.71
16349,2025-11-02,696,79,2,12,405.91
16350,2025-12-01,655,68,3,10,1066.04
16351,2025-01-03,211,26,7,12,266.71
16352,2025-06-25,240,72,5,8,476.94
16353,2025-04-17,302,31,7,15,654.21
16354,2025-10-23,705,14,4,13,131.53
16355,2025-07-29,312,73,6,10,603.87
16356,2025-03-01,503,30,6,19,578.81
16357,2025-03-23,346,23,3,22,985.72
16358,2025-05-06,278,92,5,9,830.3
16359,2025-11-27,580,24,8,20,567.39
16360,2025-02-05,5,108,1,5,106.85
16361,2025-03-04,673,5,3,13,948.37
16362,2025-07-23,272,85,3,10,224.48
16363,2025-04-26,107,86,2,23,302.75
16364,2025-10-14,167,118,8,10,1153.62
16365,2025-11-05,312,52,2,12,684.7
16366,2025-08-21,381,63,4,10,699.41
16367,2025-11-19,171,31,1,20,573.12
16368,2025-01-10,357,33,4,8,206.81
16369,2025-10-15,300,38,8,3,159.69
16370,2025-06-26,277,25,7,8,511.47
16371,2025-11-25,609,86,7,18,281.48
16372,2025-07-02,244,88,5,5,848.2
16373,2025-08-23,167,107,6,12,583.47
16374,2025-08-08,656,65,2,16,918.29
16375,2025-11-26,409,13,1,4,206.23
16376,2025-06-07,281,31,8,11,510.06
16377,2025-03-23,183,94,4,18,60.7
16378,2025-04-25,528,108,1,10,85.51
16379,2025-01-07,530,14,6,10,107.43
16380,2025-12-17,217,68,8,25,1059.42
16381,2025-08-01,491,102,1,21,71.96
16382,2025-03-15,289,105,2,13,223.58
16383,2025-08-18,121,12,4,21,424.0
16384,2025-04-24,20,63,8,18,894.43
16385,2025-09-05,636,109,2,3,56.6
16386,2025-05-15,284,37,4,11,56.97
16387,2025-10-17,11,50,5,15,725.23
16388,2025-04-19,167,120,5,25,745.34
16389,2025-12-09,84,64,1,15,212.07
16390,2025-10-25,665,30,5,21,475.9
16391,2025-11-13,741,39,5,22,244.8
16392,2025-06-08,730,23,4,25,816.62
16393,2025-02-01,509,2,3,13,367.33
16394,2025-07-18,493,9,3,13,840.75
16395,2025-02-22,409,60,2,20,87.13
16396,2025-04-10,201,61,7,11,845.34
16397,2025-04-27,747,39,8,15,163.99
16398,2025-04-05,143,10,3,24,762.48
16399,2025-01-03,190,105,4,17,310.7
16400,2025-06-12,745,63,2,11,863.0
16401,2025-08-12,770,48,6,4,247.85
16402,2025-04-06,665,55,7,10,941.68
16403,2025-07-21,476,114,7,16,333.76
16404,2025-01-24,155,83,3,15,690.57
16405,2025-02-06,361,114,4,23,350.68
16406,2025-08-14,727,113,6,6,945.41
16407,2025-04-23,444,12,1,19,355.2
16408,2025-06-24,775,118,5,9,930.57
16409,2025-04-05,282,14,4,2,155.65
16410,2025-12-17,58,43,8,17,391.83
16411,2025-07-26,332,16,1,11,46.0
16412,2025-04-19,134,67,5,11,625.15
16413,2025-01-29,174,48,3,25,266.02
16414,2025-05-19,786,51,6,8,723.0
16415,2025-07-27,428,23,4,20,797.51
16416,2025-04-24,125,73,5,9,748.99
16417,2025-08-04,418,31,6,5,597.18
16418,2025-12-15,551,103,3,24,447.1
16419,2025-11-19,542,108,7,13,105.67
16420,2025-06-12,417,60,8,16,116.9
16421,2025-10-23,563,63,1,5,875.91
16422,2025-08-14,91,106,1,14,864.78
16423,2025-06-07,772,112,5,24,138.49
16424,2025-08-09,80,33,2,5,160.81
16425,2025-01-04,371,10,3,22,573.89
16426,2025-12-02,571,43,4,11,280.74
16427,2025-05-28,584,112,7,23,156.88
16428,2025-04-03,452,63,6,18,716.21
16429,2025-11-28,743,81,2,15,834.23
16430,2025-04-16,239,67,7,17,610.04
16431,2025-06-21,430,29,6,14,318.75
16432,2025-07-08,192,27,8,12,503.76
16433,2025-08-08,723,9,4,8,690.9
16434,2025-04-18,655,17,4,1,865.26
16435,2025-10-03,387,23,6,11,1196.81
16436,2025-05-19,286,59,7,22,781.39
16437,2025-05-26,118,17,3,8,814.63
16438,2025-12-08,782,89,3,25,54.01
16439,2025-06-03,118,50,3,18,876.63
16440,2025-12-05,134,21,1,9,439.11
16441,2025-08-02,384,90,6,15,111.41
16442,2025-08-03,669,56,4,23,573.0
16443,2025-06-04,254,25,4,17,628.41
16444,2025-09-19,171,43,2,13,385.91
16445,2025-05-13,300,5,1,24,1136.77
16446,2025-03-26,4,115,2,5,781.63
16447,2025-02-04,220,77,7,5,117.08
16448,2025-03-19,302,46,5,20,396.86
16449,2025-06-01,359,117,4,18,752.62
16450,2025-01-01,41,86,5,21,290.21
16451,2025-09-19,16,5,5,7,1135.95
16452,2025-09-22,243,9,1,7,1026.73
16453,2025-02-03,794,33,3,18,157.47
16454,2025-09-10,588,20,5,17,343.35
16455,2025-08-17,334,24,8,11,610.54
16456,2025-08-09,620,27,1,22,388.48
16457,2025-01-14,245,4,7,20,192.15
16458,2025-04-07,484,107,6,22,407.31
16459,2025-11-04,491,96,7,22,679.95
16460,2025-12-21,497,97,5,7,213.6
16461,2025-10-04,199,108,1,17,96.41
16462,2025-08-05,612,60,3,19,92.87
16463,2025-02-16,521,113,7,15,712.78
16464,2025-08-29,473,1,4,10,827.65
16465,2025-03-18,634,114,4,8,366.16
16466,2025-12-08,449,68,4,19,1057.4
16467,2025-04-22,339,35,2,14,161.64
16468,2025-04-18,743,36,6,17,292.91
16469,2025-09-02,720,116,4,24,841.33
16470,2025-11-01,211,14,7,24,160.62
16471,2025-05-15,578,103,8,7,477.81
16472,2025-08-26,249,85,7,6,183.38
16473,2025-08-23,655,67,8,11,514.35
16474,2025-02-13,462,79,2,23,371.56
16475,2025-01-25,306,98,1,15,352.6
16476,2025-09-20,307,100,7,16,213.97
16477,2025-04-30,103,19,5,11,536.56
16478,2025-02-01,148,67,2,4,570.49
16479,2025-11-22,478,16,2,21,46.85
16480,2025-11-23,13,101,4,8,232.11
16481,2025-02-17,84,7,2,9,254.26
16482,2025-02-26,406,10,7,17,672.0
16483,2025-06-03,261,17,5,9,849.79
16484,2025-05-26,86,11,1,25,864.82
16485,2025-04-07,166,34,6,10,680.67
16486,2025-04-25,621,65,5,13,912.15
16487,2025-03-17,425,39,2,23,240.32
16488,2025-10-13,583,76,6,23,1167.25
16489,2025-11-04,649,96,5,20,826.7
16490,2025-01-17,83,39,1,7,191.83
16491,2025-11-02,744,30,6,9,592.71
16492,2025-01-16,288,24,4,1,694.96
16493,2025-09-07,404,99,4,22,35.44
16494,2025-04-21,593,52,8,21,1061.09
16495,2025-01-17,170,34,1,15,429.4
16496,2025-02-02,158,91,3,20,974.34
16497,2025-08-15,39,41,1,22,981.61
16498,2025-12-17,682,61,7,12,1129.61
16499,2025-12-09,544,8,4,15,998.35
16500,2025-12-13,464,86,1,12,269.91
16501,2025-01-21,788,47,1,11,779.76
16502,2025-01-27,728,104,2,2,384.14
16503,2025-07-05,233,18,4,18,556.76
16504,2025-11-13,585,73,8,22,485.52
16505,2025-03-21,546,89,7,13,65.41
16506,2025-04-13,149,6,3,14,353.01
16507,2025-04-22,143,91,7,1,959.17
16508,2025-11-04,245,91,6,9,830.16
16509,2025-04-06,666,4,5,7,166.63
16510,2025-07-04,311,85,5,14,175.32
16511,2025-12-28,161,36,4,3,236.72
16512,2025-12-10,524,27,2,16,510.24
16513,2025-09-05,330,45,4,11,543.4
16514,2025-05-09,24,70,7,24,632.15
16515,2025-11-26,166,63,1,20,604.11
16516,2025-03-21,589,27,6,20,393.0
16517,2025-08-05,534,80,8,4,168.26
16518,2025-12-23,556,109,3,9,59.79
16519,2025-02-08,21,61,6,19,938.47
16520,2025-07-28,142,12,6,16,356.36
16521,2025-07-13,474,63,6,3,633.59
16522,2025-10-18,41,9,2,9,888.9
16523,2025-01-17,532,53,4,9,354.78
16524,2025-12-07,467,109,3,11,62.53
16525,2025-10-10,696,52,3,5,880.85
16526,2025-01-08,56,15,2,24,850.98
16527,2025-04-02,700,12,7,22,318.71
16528,2025-02-07,378,25,5,9,529.12
16529,2025-07-03,422,86,8,11,315.62
16530,2025-10-19,74,34,1,10,611.8
16531,2025-04-11,149,35,8,24,176.1
16532,2025-03-18,225,33,1,22,157.31
16533,2025-07-29,366,24,4,18,602.28
16534,2025-10-17,629,55,7,13,1024.85
16535,2025-11-28,395,24,3,17,751.96
16536,2025-09-14,407,69,7,13,592.91
16537,2025-10-17,240,58,6,19,141.06
16538,2025-11-15,633,44,4,12,227.96
16539,2025-12-28,265,57,7,9,880.46
16540,2025-08-14,600,11,4,3,872.03
16541,2025-10-11,367,46,3,25,414.69
16542,2025-01-17,193,61,4,18,966.59
16543,2025-04-05,20,107,4,19,581.27
16544,2025-04-03,133,31,1,25,533.19
16545,2025-02-05,114,95,2,20,332.91
16546,2025-08-24,669,86,2,22,268.75
16547,2025-04-03,114,27,7,4,408.33
16548,2025-12-24,189,2,7,10,311.6
16549,2025-11-13,463,9,8,9,924.19
16550,2025-06-15,562,11,1,22,817.89
16551,2025-08-18,69,27,7,5,402.26
16552,2025-04-12,47,50,8,24,1045.78
16553,2025-03-06,101,2,8,24,370.96
16554,2025-04-05,691,112,8,16,155.54
16555,2025-02-26,166,67,6,6,518.0
16556,2025-11-01,162,57,6,4,693.31
16557,2025-07-03,362,44,3,11,222.89
16558,2025-05-02,215,69,2,19,584.7
16559,2025-05-19,3,86,6,12,270.92
16560,2025-02-07,419,66,7,11,434.3
16561,2025-09-18,194,102,8,3,66.39
16562,2025-08-14,310,58,7,18,187.74
16563,2025-02-28,375,16,8,8,43.13
16564,2025-12-01,561,73,8,18,479.96
16565,2025-02-06,339,46,7,14,317.71
16566,2025-03-28,405,89,2,16,66.75
16567,2025-08-12,52,114,3,2,268.61
16568,2025-12-07,729,77,2,6,134.07
16569,2025-02-16,487,111,4,15,258.32
16570,2025-04-18,16,91,1,8,966.22
16571,2025-06-11,338,14,3,21,137.68
16572,2025-06-21,421,25,6,15,521.34
16573,2025-09-13,371,36,2,23,308.74
16574,2025-01-27,240,26,4,25,224.7
16575,2025-12-30,316,44,6,22,226.94
16576,2025-02-11,212,75,6,18,201.63
16577,2025-10-03,647,53,8,8,325.6
16578,2025-07-02,55,37,1,21,62.33
16579,2025-02-17,2,50,1,1,1078.36
16580,2025-05-03,200,2,3,12,430.95
16581,2025-12-17,638,59,3,7,806.0
16582,2025-06-17,472,118,1,22,1146.77
16583,2025-12-23,411,19,3,12,447.17
16584,2025-04-15,287,47,3,11,678.21
16585,2025-01-20,776,40,2,11,378.96
16586,2025-06-07,332,68,5,2,1058.84
16587,2025-06-10,115,30,7,1,541.67
16588,2025-10-29,60,44,6,8,176.58
16589,2025-03-20,360,116,6,20,671.15
16590,2025-10-09,602,11,4,10,717.28
16591,2025-10-23,331,120,7,16,581.79
16592,2025-10-15,58,24,3,20,789.9
16593,2025-05-25,406,52,8,11,840.8
16594,2025-11-10,261,1,1,25,697.94
16595,2025-01-30,30,46,6,13,417.39
16596,2025-05-03,420,60,1,5,121.64
16597,2025-09-06,598,107,8,4,438.13
16598,2025-08-25,681,94,8,15,56.89
16599,2025-02-21,144,28,3,7,708.38
16600,2025-04-11,296,96,8,9,877.47
16601,2025-09-08,369,44,6,14,175.47
16602,2025-01-27,198,71,8,16,486.15
16603,2025-07-17,626,40,6,18,393.74
16604,2025-10-29,67,37,8,17,61.64
16605,2025-01-24,357,46,1,10,409.49
16606,2025-12-27,756,66,2,24,400.22
16607,2025-04-20,421,58,8,21,184.18
16608,2025-07-27,232,88,5,12,673.51
16609,2025-09-06,644,63,2,21,676.52
16610,2025-11-07,504,37,2,25,59.59
16611,2025-01-16,202,114,4,18,302.96
16612,2025-06-02,683,109,1,13,57.57
16613,2025-06-19,503,39,5,10,202.8
16614,2025-07-17,124,53,4,6,248.29
16615,2025-02-27,322,115,4,16,583.24
16616,2025-06-16,660,114,2,5,372.96
16617,2025-07-05,119,44,7,25,175.77
16618,2025-09-06,97,96,7,22,799.69
16619,2025-11-14,756,16,4,20,68.97
16620,2025-12-07,15,74,2,11,635.25
16621,2025-09-12,17,19,7,7,657.27
16622,2025-06-05,427,64,1,4,195.73
16623,2025-11-08,489,111,4,16,364.59
16624,2025-02-25,423,4,2,13,208.45
16625,2025-01-14,371,50,2,23,992.99
16626,2025-07-11,702,89,1,18,58.44
16627,2025-07-16,187,32,2,23,726.48
16628,2025-11-28,307,6,6,22,435.95
16629,2025-06-21,253,80,4,22,126.47
16630,2025-06-02,111,20,4,22,428.38
16631,2025-11-12,782,73,5,17,678.38
16632,2025-02-24,291,11,6,18,704.15
16633,2025-05-11,569,96,7,24,920.47
16634,2025-03-16,405,74,6,18,483.31
16635,2025-08-13,536,20,8,12,358.98
16636,2025-12-28,41,120,8,9,476.54
16637,2025-03-07,289,99,7,5,47.34
16638,2025-08-14,9,105,6,19,312.88
16639,2025-07-28,291,91,6,18,977.95
16640,2025-09-08,723,85,1,7,257.02
16641,2025-10-05,750,37,4,6,51.16
16642,2025-11-15,592,38,7,15,137.15
16643,2025-07-01,554,94,3,16,57.12
16644,2025-02-07,498,112,8,6,165.45
16645,2025-09-26,134,74,7,16,482.01
16646,2025-03-02,729,81,1,18,647.39
16647,2025-01-17,46,107,3,4,518.08
16648,2025-08-14,333,102,1,6,57.46
16649,2025-05-24,786,100,2,3,230.74
16650,2025-04-02,300,65,3,23,757.87
16651,2025-12-19,787,19,1,19,577.29
16652,2025-06-18,437,91,3,3,1079.28
16653,2025-12-08,724,89,8,19,52.82
16654,2025-06-08,774,68,2,18,965.01
16655,2025-01-12,38,13,3,1,206.78
16656,2025-01-07,524,117,7,7,827.71
16657,2025-06-10,68,71,4,24,509.21
16658,2025-01-07,247,57,1,14,694.47
16659,2025-07-06,142,70,4,17,852.96
16660,2025-09-24,563,51,6,7,784.32
16661,2025-01-23,72,96,8,15,772.97
16662,2025-09-05,92,92,4,3,741.54
16663,2025-05-18,115,15,2,11,607.5
16664,2025-12-11,415,43,4,18,399.83
16665,2025-09-02,195,22,8,12,135.63
16666,2025-03-20,202,115,5,4,627.13
16667,2025-07-25,38,79,1,13,411.8
16668,2025-03-20,564,92,3,9,591.36
16669,2025-06-26,760,103,2,4,471.72
16670,2025-12-22,398,70,3,6,723.0
16671,2025-10-20,87,49,3,24,500.14
16672,2025-01-30,311,6,4,17,406.28
16673,2025-01-04,256,31,2,1,641.63
16674,2025-05-11,745,65,6,16,806.18
16675,2025-06-17,654,46,4,11,391.42
16676,2025-03-28,577,2,2,25,333.32
16677,2025-02-21,124,56,7,23,497.79
16678,2025-03-19,216,65,1,12,732.35
16679,2025-01-03,171,102,6,2,77.04
16680,2025-11-04,543,89,2,11,78.71
16681,2025-06-23,345,56,6,20,436.69
16682,2025-02-19,611,11,5,6,731.21
16683,2025-06-01,529,27,6,20,394.69
16684,2025-10-25,105,117,7,1,956.2
16685,2025-03-08,789,78,5,2,233.29
16686,2025-12-24,557,71,1,4,508.41
16687,2025-07-18,268,1,3,15,859.07
16688,2025-05-20,329,63,1,10,767.53
16689,2025-02-14,716,47,1,6,675.03
16690,2025-08-04,774,119,1,5,493.12
16691,2025-01-24,402,100,1,16,278.14
16692,2025-04-09,564,54,1,6,47.15
16693,2025-03-16,369,19,8,2,627.2
16694,2025-08-18,458,87,4,20,548.75
16695,2025-03-24,35,4,8,16,239.38
16696,2025-02-15,746,38,6,6,167.31
16697,2025-11-08,711,86,1,6,286.4
16698,2025-02-13,789,99,5,16,37.79
16699,2025-03-06,719,55,2,7,718.42
16700,2025-10-05,11,47,4,16,754.4
16701,2025-08-31,516,23,2,21,824.43
16702,2025-08-28,462,58,1,9,159.0
16703,2025-04-07,64,27,6,15,394.5
16704,2025-01-07,766,92,5,11,816.54
16705,2025-08-01,562,90,1,11,117.01
16706,2025-11-22,606,5,1,21,1149.16
16707,2025-04-29,642,61,1,10,1129.66
16708,2025-11-02,100,42,4,24,331.03
16709,2025-04-02,717,53,2,18,322.29
16710,2025-07-10,559,27,7,24,342.18
16711,2025-10-13,308,101,4,11,278.11
16712,2025-12-12,121,95,4,11,268.98
16713,2025-09-05,73,50,7,9,818.37
16714,2025-11-07,136,69,1,22,569.6
16715,2025-01-21,35,76,2,4,1168.83
16716,2025-01-13,427,23,2,9,904.22
16717,2025-12-25,499,27,6,18,493.68
16718,2025-02-10,11,90,1,22,110.58
16719,2025-09-04,420,33,6,23,182.49
16720,2025-12-11,208,83,3,5,728.22
16721,2025-03-19,533,49,5,9,411.38
16722,2025-09-24,156,24,4,14,617.32
16723,2025-02-26,418,85,5,17,182.45
16724,2025-03-25,357,80,3,15,119.03
16725,2025-06-29,393,24,8,9,542.61
16726,2025-11-24,177,58,2,10,201.87
16727,2025-10-17,729,83,8,7,1023.8
16728,2025-09-15,767,29,5,14,370.85
16729,2025-12-28,742,32,5,25,734.52
16730,2025-06-06,84,33,4,18,216.87
16731,2025-05-08,152,82,7,21,186.81
16732,2025-05-23,528,45,1,16,509.17
16733,2025-07-05,363,17,6,19,735.97
16734,2025-03-06,245,104,1,2,282.63
16735,2025-12-25,616,6,3,9,435.26
16736,2025-05-13,330,79,4,1,328.13
16737,2025-04-02,786,20,7,3,445.86
16738,2025-12-19,10,111,5,22,287.81
16739,2025-11-29,109,53,2,15,260.09
16740,2025-03-21,497,35,6,11,214.42
16741,2025-02-21,252,43,2,16,401.03
16742,2025-10-26,673,37,1,19,62.31
16743,2025-07-19,207,92,5,7,629.53
16744,2025-07-01,594,103,7,20,418.24
16745,2025-09-07,155,27,8,16,450.95
16746,2025-06-13,489,15,5,25,592.8
16747,2025-04-20,375,3,5,17,40.0
16748,2025-01-11,314,48,6,7,253.38
16749,2025-07-19,62,19,2,8,465.83
16750,2025-07-09,611,73,3,8,597.78
16751,2025-12-27,175,47,3,18,939.45
16752,2025-12-06,549,61,7,9,1095.38
16753,2025-12-04,386,40,6,15,351.87
16754,2025-03-06,172,31,2,13,601.18
16755,2025-06-13,442,100,6,2,292.04
16756,2025-07-04,607,120,6,13,520.32
16757,2025-01-15,136,7,1,13,242.95
16758,2025-11-16,39,17,4,24,781.27
16759,2025-08-27,378,1,6,4,712.19
16760,2025-09-19,513,60,3,10,128.37
16761,2025-02-14,82,54,2,9,41.67
16762,2025-12-18,278,91,3,5,1150.08
16763,2025-12-28,99,56,5,5,434.79
16764,2025-09-24,6,57,3,12,952.31
16765,2025-10-03,168,16,5,16,47.82
16766,2025-05-23,749,1,6,20,789.63
16767,2025-07-09,710,23,1,23,1064.83
16768,2025-12-25,500,98,5,21,229.55
16769,2025-12-18,521,42,3,4,331.06
16770,2025-01-16,434,33,5,6,210.7
16771,2025-04-17,81,49,1,22,431.97
16772,2025-06-04,292,67,6,4,748.93
16773,2025-01-03,430,95,1,23,330.0
16774,2025-02-17,767,4,2,19,243.35
16775,2025-11-15,744,58,8,1,199.13
16776,2025-01-06,145,84,7,12,397.03
16777,2025-09-16,303,53,2,24,381.4
16778,2025-03-31,700,5,5,10,758.88
16779,2025-04-17,715,79,6,15,415.81
16780,2025-06-19,650,42,2,25,426.41
16781,2025-02-22,273,49,7,6,362.71
16782,2025-06-19,100,88,8,17,641.74
16783,2025-06-06,296,49,7,15,388.83
16784,2025-03-23,623,47,7,2,952.84
16785,2025-06-09,746,19,5,2,464.17
16786,2025-08-21,602,60,8,1,102.42
16787,2025-07-06,97,17,5,22,897.86
16788,2025-10-23,304,108,7,4,99.26
16789,2025-05-25,582,40,6,24,502.91
16790,2025-04-18,131,22,2,12,161.94
16791,2025-09-22,401,102,7,18,58.62
16792,2025-05-05,162,52,4,18,860.47
16793,2025-07-26,80,48,2,24,242.05
16794,2025-07-09,591,8,8,5,747.0
16795,2025-01-06,49,6,2,11,383.48
16796,2025-10-21,190,91,2,17,1038.61
16797,2025-08-04,113,115,1,23,797.66
16798,2025-05-31,433,22,5,1,176.14
16799,2025-12-16,208,112,6,21,105.3
16800,2025-01-30,560,41,6,20,682.38
16801,2025-12-02,736,120,2,23,588.25
16802,2025-07-03,307,111,3,10,256.35
16803,2025-03-08,180,11,3,17,910.25
16804,2025-07-15,257,55,3,23,950.02
16805,2025-08-04,298,63,8,3,884.82
16806,2025-01-14,300,96,4,2,691.72
16807,2025-04-29,225,59,2,17,610.96
16808,2025-05-12,611,85,6,11,254.63
16809,2025-12-04,597,70,3,15,619.49
16810,2025-04-07,741,87,7,1,404.01
16811,2025-10-06,44,75,6,10,155.73
16812,2025-02-11,351,100,6,16,266.01
16813,2025-04-23,19,43,1,13,330.03
16814,2025-06-03,181,17,1,6,739.41
16815,2025-12-29,476,69,6,8,520.24
16816,2025-11-24,706,64,6,2,197.5
16817,2025-12-22,242,22,2,23,127.13
16818,2025-07-21,146,43,1,20,293.21
16819,2025-08-27,371,64,5,23,197.84
16820,2025-08-14,166,9,8,3,779.7
16821,2025-08-14,648,64,7,23,207.77
16822,2025-10-20,131,33,5,9,198.5
16823,2025-05-18,525,58,3,8,194.48
16824,2025-07-21,275,45,5,19,624.35
16825,2025-03-31,359,84,6,13,373.77
16826,2025-03-03,395,70,3,9,707.59
16827,2025-11-24,480,112,8,13,144.64
16828,2025-03-04,281,89,6,12,58.11
16829,2025-07-26,680,25,2,24,527.59
16830,2025-11-02,698,26,2,14,260.63
16831,2025-04-14,20,48,6,14,210.57
16832,2025-05-04,265,74,6,5,439.36
16833,2025-01-13,570,9,1,4,872.41
16834,2025-05-30,418,24,1,18,743.49
16835,2025-03-19,283,115,2,17,716.13
16836,2025-05-04,10,98,3,7,251.19
16837,2025-03-06,127,30,7,8,506.47
16838,2025-01-04,8,22,1,16,125.65
16839,2025-05-16,650,13,3,10,215.81
16840,2025-05-24,577,80,3,18,143.12
16841,2025-09-27,753,58,3,20,132.0
16842,2025-09-27,247,72,4,16,435.61
16843,2025-11-13,259,65,3,10,838.55
16844,2025-05-12,426,77,6,1,122.63
16845,2025-08-02,184,12,3,1,286.98
16846,2025-11-06,196,120,8,12,520.47
16847,2025-09-26,770,118,8,12,1072.2
16848,2025-08-07,691,44,7,16,209.28
16849,2025-06-06,553,115,8,7,682.55
16850,2025-07-28,160,79,7,9,280.02
16851,2025-06-05,363,81,8,25,767.2
16852,2025-03-22,245,118,7,24,923.73
16853,2025-02-19,311,87,2,8,575.99
16854,2025-12-17,255,12,8,19,409.56
16855,2025-05-13,783,77,7,2,91.47
16856,2025-02-08,786,26,2,16,309.83
16857,2025-11-05,548,5,8,1,927.04
16858,2025-10-08,345,86,4,16,281.37
16859,2025-04-18,252,112,7,5,147.62
16860,2025-02-09,431,89,8,9,72.97
16861,2025-09-22,338,28,1,12,837.1
16862,2025-09-28,99,4,1,23,252.75
16863,2025-11-03,148,116,2,10,717.4
16864,2025-02-12,213,98,4,19,269.45
16865,2025-10-28,357,17,2,5,728.5
16866,2025-11-23,302,83,1,12,778.35
16867,2025-10-02,141,62,7,25,241.0
16868,2025-05-04,26,70,4,24,824.99
16869,2025-09-01,777,37,1,6,47.92
16870,2025-07-27,208,117,6,18,1012.64
16871,2025-03-08,242,58,1,19,161.98
16872,2025-01-20,41,52,1,17,959.14
16873,2025-04-11,579,107,4,22,407.05
16874,2025-11-29,274,60,6,22,103.77
16875,2025-03-14,134,13,5,22,277.47
16876,2025-06-28,200,11,2,13,584.09
16877,2025-04-21,432,42,2,25,315.71
16878,2025-06-09,150,6,3,20,401.34
16879,2025-11-02,507,25,7,9,546.24
16880,2025-07-11,44,104,3,14,316.43
16881,2025-07-25,159,73,6,13,673.2
16882,2025-06-26,588,78,3,17,171.38
16883,2025-07-05,379,63,3,4,737.63
16884,2025-07-08,38,21,6,3,404.06
16885,2025-07-26,561,3,2,16,39.98
16886,2025-09-06,730,72,7,14,352.32
16887,2025-06-01,456,50,6,14,683.47
16888,2025-12-26,528,46,4,1,375.46
16889,2025-12-23,310,12,6,24,313.22
16890,2025-09-11,675,102,7,8,67.04
16891,2025-12-03,220,71,7,11,436.26
16892,2025-04-01,380,46,1,2,382.98
16893,2025-02-12,86,36,7,25,290.13
16894,2025-09-22,249,2,1,13,380.75
16895,2025-03-19,786,77,3,5,99.06
16896,2025-01-07,59,78,8,24,261.92
16897,2025-04-10,143,79,6,3,310.42
16898,2025-03-30,454,21,8,22,417.97
16899,2025-02-08,30,47,6,19,809.39
16900,2025-08-16,427,38,3,5,128.21
16901,2025-01-31,48,101,3,18,222.63
16902,2025-01-14,684,6,8,9,404.81
16903,2025-05-24,645,82,3,14,189.06
16904,2025-12-05,264,89,5,22,58.97
16905,2025-03-01,435,58,2,11,160.16
16906,2025-06-04,587,50,4,14,788.84
16907,2025-09-23,18,79,8,7,389.85
16908,2025-04-06,455,46,1,23,354.29
16909,2025-05-18,240,104,6,1,409.65
16910,2025-10-12,733,41,5,9,832.88
16911,2025-08-30,649,27,7,19,340.47
16912,2025-12-24,224,32,6,21,940.1
16913,2025-08-03,127,81,5,23,654.26
16914,2025-05-27,769,50,7,20,1037.92
16915,2025-02-24,402,34,4,20,555.89
16916,2025-06-20,787,27,4,18,481.45
16917,2025-03-21,295,13,7,2,299.0
16918,2025-12-01,264,99,6,6,44.39
16919,2025-10-26,596,51,6,14,680.56
16920,2025-07-20,745,107,8,20,566.38
16921,2025-09-25,703,119,8,7,615.91
16922,2025-12-02,474,119,4,3,536.69
16923,2025-02-04,379,87,3,22,393.85
16924,2025-05-07,732,102,5,23,54.23
16925,2025-05-01,368,16,6,9,66.31
16926,2025-05-09,136,52,5,10,772.89
16927,2025-12-31,164,27,7,1,348.45
16928,2025-09-08,18,1,7,15,899.34
16929,2025-06-25,513,32,7,5,1045.28
16930,2025-06-13,23,20,2,12,459.16
16931,2025-09-03,768,106,2,11,794.74
16932,2025-01-20,439,41,2,18,959.54
16933,2025-05-04,785,44,7,15,215.07
16934,2025-03-06,250,18,3,14,438.2
16935,2025-10-22,187,50,5,10,781.6
16936,2025-02-22,468,10,4,20,615.01
16937,2025-02-11,252,72,3,17,348.49
16938,2025-09-02,704,75,1,21,221.82
16939,2025-09-17,356,38,3,23,176.29
16940,2025-02-06,696,94,5,21,51.34
16941,2025-06-06,279,12,3,6,435.7
16942,2025-05-06,265,59,8,9,644.14
16943,2025-12-26,44,80,1,13,122.21
16944,2025-10-07,516,75,5,13,154.41
16945,2025-06-08,594,106,6,8,930.21
16946,2025-12-25,592,77,5,22,105.15
16947,2025-12-14,280,35,5,20,202.4
16948,2025-01-05,137,115,5,20,530.11
16949,2025-01-15,304,21,4,13,395.51
16950,2025-07-22,303,13,7,18,203.17
16951,2025-10-11,623,22,6,21,183.77
16952,2025-09-30,700,85,1,1,246.49
16953,2025-07-12,252,7,1,5,201.99
16954,2025-02-21,202,106,7,5,994.82
16955,2025-10-06,765,39,1,18,171.96
16956,2025-11-04,245,67,4,7,653.45
16957,2025-08-21,154,11,1,25,636.85
16958,2025-06-12,585,107,8,13,414.71
16959,2025-08-21,545,7,2,23,221.8
16960,2025-03-07,80,87,3,15,540.35
16961,2025-08-30,206,103,5,23,400.06
16962,2025-06-07,387,60,1,6,110.32
16963,2025-12-13,438,40,6,7,426.38
16964,2025-02-14,168,71,4,21,460.29
16965,2025-09-30,421,34,2,19,464.45
16966,2025-10-22,494,69,4,11,492.8
16967,2025-07-12,637,48,2,19,214.73
16968,2025-06-21,418,22,3,15,180.33
16969,2025-06-20,788,107,4,13,498.24
16970,2025-12-19,787,59,5,19,657.27
16971,2025-12-13,632,32,8,13,730.17
16972,2025-03-13,413,9,2,10,947.25
16973,2025-02-24,219,112,1,10,130.48
16974,2025-05-09,546,50,5,13,1005.37
16975,2025-07-06,23,110,3,13,861.9
16976,2025-07-27,537,83,1,22,681.73
16977,2025-12-29,545,7,8,21,223.85
16978,2025-08-26,625,104,4,22,387.37
16979,2025-12-14,744,4,3,11,251.43
16980,2025-06-21,49,47,7,16,747.67
16981,2025-05-24,366,53,7,10,384.5
16982,2025-04-15,63,6,6,21,439.66
16983,2025-04-27,372,89,3,23,76.24
16984,2025-09-06,306,33,4,19,148.01
16985,2025-02-28,633,66,4,22,382.56
16986,2025-08-23,452,80,2,25,114.02
16987,2025-01-12,254,112,5,11,112.93
16988,2025-07-09,224,56,1,1,545.86
16989,2025-08-09,574,112,8,21,106.92
16990,2025-10-27,496,21,6,16,428.23
16991,2025-07-10,323,32,5,22,680.64
16992,2025-02-14,511,19,6,5,679.46
16993,2025-03-07,58,116,2,1,699.37
16994,2025-03-06,24,106,6,6,993.67
16995,2025-02-27,254,9,3,4,789.13
16996,2025-02-06,205,27,4,5,465.45
16997,2025-12-29,696,107,8,12,373.78
16998,2025-06-13,78,77,2,11,101.66
16999,2025-01-18,614,49,4,6,351.35
17000,2025-05-30,419,74,7,17,655.88
17001,2025-06-02,683,20,4,22,378.97
17002,2025-06-18,710,66,1,21,398.73
17003,2025-05-13,511,17,4,9,745.07
17004,2025-06-29,220,73,8,12,495.35
17005,2025-01-25,112,66,7,22,337.2
17006,2025-10-14,657,27,3,25,527.76
17007,2025-09-23,632,6,8,10,361.66
17008,2025-01-07,407,32,6,3,783.3
17009,2025-06-11,381,84,3,14,380.17
17010,2025-09-09,310,60,7,22,108.43
17011,2025-03-30,48,67,1,24,662.1
17012,2025-03-26,361,66,2,3,423.28
17013,2025-12-23,632,42,7,11,329.38
17014,2025-06-27,466,24,6,17,614.53
17015,2025-10-04,721,87,6,6,547.74
17016,2025-09-16,744,6,3,8,398.77
17017,2025-09-16,57,105,2,7,229.24
17018,2025-09-25,720,31,4,9,686.5
17019,2025-12-19,14,11,5,5,805.26
17020,2025-01-11,643,116,4,2,893.96
17021,2025-05-06,1,19,5,2,683.49
17022,2025-05-19,615,80,7,4,117.44
17023,2025-12-30,134,54,4,4,42.85
17024,2025-09-26,574,12,3,8,306.69
17025,2025-12-31,771,48,1,13,261.46
17026,2025-02-20,345,92,3,15,620.39
17027,2025-02-26,634,86,5,15,276.93
17028,2025-02-03,61,42,3,4,375.53
17029,2025-11-10,538,13,1,6,235.77
17030,2025-12-25,70,119,7,12,596.52
17031,2025-11-12,690,17,1,6,883.99
17032,2025-01-23,296,40,6,24,472.63
17033,2025-09-07,273,106,8,8,1181.89
17034,2025-04-08,431,74,5,16,610.19
17035,2025-07-06,292,64,3,25,182.61
17036,2025-05-16,395,107,3,14,409.01
17037,2025-06-19,553,72,3,23,323.65
17038,2025-02-10,564,102,8,21,60.41
17039,2025-11-02,315,41,7,1,1011.1
17040,2025-10-28,67,25,3,8,459.34
17041,2025-10-18,720,69,7,3,521.64
17042,2025-02-11,793,92,5,3,850.88
17043,2025-02-09,799,99,2,9,37.84
17044,2025-02-07,501,107,4,13,452.53
17045,2025-03-06,595,6,5,5,426.09
17046,2025-05-23,747,57,5,22,791.76
17047,2025-06-13,464,89,6,12,74.96
17048,2025-02-06,435,82,2,17,198.4
17049,2025-01-17,530,21,7,20,405.91
17050,2025-02-27,497,11,5,20,803.48
17051,2025-07-22,503,85,4,16,193.27
17052,2025-06-19,241,61,6,8,752.41
17053,2025-12-13,92,4,1,7,203.59
17054,2025-07-09,102,78,8,7,203.23
17055,2025-04-27,223,26,5,19,281.45
17056,2025-05-05,716,115,6,1,597.84
17057,2025-01-23,771,24,3,25,626.45
17058,2025-02-03,65,110,5,5,551.03
17059,2025-02-10,518,16,4,2,43.41
17060,2025-06-20,30,1,7,14,663.67
17061,2025-01-23,496,41,5,3,994.24
17062,2025-09-23,221,118,2,6,1222.39
17063,2025-04-08,465,73,7,10,654.26
17064,2025-12-03,185,10,5,13,702.45
17065,2025-09-01,713,106,7,18,1018.45
17066,2025-01-03,132,47,1,16,792.99
17067,2025-11-04,359,8,2,8,1202.88
17068,2025-06-19,139,85,3,15,212.52
17069,2025-04-19,39,33,6,14,166.5
17070,2025-07-09,195,58,7,22,167.06
17071,2025-05-03,361,105,6,6,330.84
17072,2025-06-11,360,58,4,11,154.04
17073,2025-04-30,84,13,1,13,278.0
17074,2025-03-21,234,106,8,24,775.21
17075,2025-01-19,737,8,5,2,1059.58
17076,2025-11-05,543,75,4,6,158.68
17077,2025-11-27,164,52,6,16,1045.04
17078,2025-01-06,281,68,5,10,1191.05
17079,2025-04-02,542,41,1,3,816.27
17080,2025-04-20,98,8,8,10,1058.69
17081,2025-03-06,579,67,2,11,506.72
17082,2025-07-21,764,92,6,3,863.35
17083,2025-07-17,636,104,6,15,421.51
17084,2025-10-09,783,68,3,14,1152.75
17085,2025-09-14,459,97,6,5,198.58
17086,2025-04-18,326,100,4,6,192.11
17087,2025-02-09,255,10,6,16,770.67
17088,2025-01-25,81,45,7,10,646.97
17089,2025-08-06,447,43,3,3,356.62
17090,2025-06-03,27,119,5,5,575.39
17091,2025-12-09,553,31,7,15,469.76
17092,2025-03-30,321,1,1,23,801.02
17093,2025-03-19,666,13,7,1,193.49
17094,2025-10-12,522,30,3,22,458.13
17095,2025-08-06,738,83,8,22,894.12
17096,2025-02-21,379,54,2,5,54.58
17097,2025-06-18,761,31,2,13,545.58
17098,2025-06-28,516,7,4,22,175.84
17099,2025-01-05,247,22,6,17,157.35
17100,2025-10-09,559,16,8,3,61.72
17101,2025-08-07,24,14,3,13,147.52
17102,2025-08-11,421,95,6,9,356.67
17103,2025-01-11,572,35,3,5,182.94
17104,2025-12-24,185,9,4,23,792.25
17105,2025-03-18,474,111,7,20,388.81
17106,2025-08-06,197,44,3,5,162.72
17107,2025-07-02,573,47,4,12,663.92
17108,2025-11-11,86,27,3,15,520.95
17109,2025-02-15,146,101,6,18,203.72
17110,2025-11-25,331,23,2,2,847.36
17111,2025-04-01,458,18,6,21,498.83
17112,2025-06-01,456,22,8,25,137.51
17113,2025-03-13,113,12,2,1,396.46
17114,2025-06-24,73,30,7,22,597.57
17115,2025-01-16,522,97,4,22,199.03
17116,2025-12-20,741,17,2,2,710.83
17117,2025-07-24,294,104,2,12,402.83
17118,2025-06-22,113,86,4,12,277.67
17119,2025-01-30,404,6,3,2,330.32
17120,2025-09-23,68,120,8,7,610.67
17121,2025-04-17,108,4,6,12,168.52
17122,2025-06-09,410,94,1,2,61.23
17123,2025-11-07,326,56,5,11,609.56
17124,2025-05-19,486,68,2,2,1211.82
17125,2025-04-15,397,11,5,8,864.7
17126,2025-09-21,99,43,7,3,330.76
17127,2025-04-16,390,21,6,9,337.57
17128,2025-09-07,7,61,2,25,959.19
17129,2025-12-24,461,47,1,16,765.49
17130,2025-03-13,292,10,2,2,825.93
17131,2025-10-03,419,88,5,22,588.98
17132,2025-01-22,83,81,1,23,530.19
17133,2025-06-20,321,96,8,8,642.47
17134,2025-09-16,440,25,5,3,628.64
17135,2025-05-29,595,119,8,4,449.95
17136,2025-04-29,681,55,5,20,915.15
17137,2025-11-19,746,104,2,2,422.92
17138,2025-12-25,348,97,7,14,154.24
17139,2025-01-02,323,30,2,24,605.94
17140,2025-04-22,34,99,7,11,31.25
17141,2025-03-28,261,73,7,21,685.15
17142,2025-05-06,332,13,6,11,270.81
17143,2025-04-08,132,108,2,23,71.27
17144,2025-10-09,279,22,7,25,165.47
17145,2025-06-07,253,32,7,7,789.07
17146,2025-07-04,263,75,1,12,207.62
17147,2025-01-30,371,81,3,7,645.94
17148,2025-06-08,487,107,1,12,426.45
17149,2025-04-10,518,100,5,3,244.34
17150,2025-06-25,615,66,3,1,384.28
17151,2025-08-21,451,111,3,21,372.63
17152,2025-02-22,432,110,3,2,623.36
17153,2025-05-06,652,94,3,18,52.36
17154,2025-02-04,591,24,6,14,724.16
17155,2025-12-13,303,2,4,12,289.73
17156,2025-10-03,300,110,6,6,865.36
17157,2025-07-13,414,16,8,19,58.9
17158,2025-11-23,307,25,7,10,475.67
17159,2025-09-29,386,40,8,15,471.75
17160,2025-03-11,353,73,7,22,520.99
17161,2025-09-05,99,35,8,15,208.94
17162,2025-02-28,98,30,8,2,518.24
17163,2025-12-20,427,7,7,15,223.53
17164,2025-12-14,134,49,3,23,434.01
17165,2025-12-04,256,48,6,15,261.31
17166,2025-11-13,179,118,2,18,1097.02
17167,2025-09-18,240,43,6,4,342.88
17168,2025-08-28,741,111,8,21,258.44
17169,2025-12-16,701,53,5,5,264.11
17170,2025-11-16,583,15,2,14,611.46
17171,2025-05-28,601,88,5,6,898.77
17172,2025-09-15,583,95,1,4,286.75
17173,2025-01-13,530,47,8,2,848.78
17174,2025-07-14,278,70,8,18,893.27
17175,2025-11-19,412,76,8,13,1164.97
17176,2025-02-21,677,90,6,13,112.04
17177,2025-02-18,565,41,2,22,942.81
17178,2025-06-04,103,89,2,17,65.98
17179,2025-01-31,341,99,6,10,39.99
17180,2025-10-03,354,31,4,24,607.1
17181,2025-02-02,394,19,4,1,437.19
17182,2025-12-26,158,18,8,16,428.07
17183,2025-08-24,444,60,5,8,131.5
17184,2025-09-15,269,73,3,21,628.8
17185,2025-02-24,248,67,5,13,534.07
17186,2025-05-16,98,34,4,5,613.24
17187,2025-02-24,505,43,8,24,299.49
17188,2025-10-28,146,66,2,23,329.12
17189,2025-09-14,434,96,6,24,616.6
17190,2025-10-03,787,116,6,12,732.38
17191,2025-10-16,230,115,2,3,608.82
17192,2025-08-08,429,11,8,5,727.67
17193,2025-02-15,638,115,8,7,724.17
17194,2025-07-16,785,56,5,12,577.67
17195,2025-05-19,375,57,7,23,880.0
17196,2025-09-14,392,101,4,5,193.17
17197,2025-12-21,637,44,5,18,151.51
17198,2025-02-16,582,120,6,15,593.77
17199,2025-04-02,472,5,1,18,1116.92
17200,2025-06-18,457,92,8,23,928.25
17201,2025-09-10,405,34,3,2,446.3
17202,2025-03-26,629,76,2,9,938.09
17203,2025-09-23,395,70,2,6,833.43
17204,2025-05-29,665,89,1,18,68.67
17205,2025-09-17,55,50,2,4,787.31
17206,2025-11-05,352,68,2,21,847.87
17207,2025-10-09,416,79,6,20,449.15
17208,2025-01-14,562,93,8,6,635.35
17209,2025-08-07,661,51,1,20,714.63
17210,2025-11-10,165,114,7,20,326.27
17211,2025-10-01,392,111,6,17,373.54
17212,2025-07-15,97,104,6,13,424.01
17213,2025-09-21,182,93,8,2,731.6
17214,2025-06-12,364,50,4,15,1014.13
17215,2025-05-15,16,49,4,15,359.91
17216,2025-09-20,738,27,4,6,455.32
17217,2025-02-14,189,114,3,4,250.28
17218,2025-05-18,319,15,6,15,545.39
17219,2025-01-07,113,83,1,21,748.11
17220,2025-11-07,542,26,4,20,229.05
17221,2025-05-29,395,74,7,20,523.43
17222,2025-11-10,79,25,4,18,488.28
17223,2025-08-22,611,4,7,6,244.24
17224,2025-01-04,717,116,4,2,812.55
17225,2025-11-11,13,84,1,13,338.62
17226,2025-07-26,628,60,3,18,118.14
17227,2025-11-29,560,55,1,14,665.89
17228,2025-10-11,15,6,8,11,341.3
17229,2025-07-12,638,36,5,7,234.62
17230,2025-05-28,745,36,3,8,305.21
17231,2025-10-19,266,33,4,7,179.36
17232,2025-03-19,139,55,7,2,939.6
17233,2025-10-20,580,80,6,25,168.52
17234,2025-11-27,288,72,8,15,382.33
17235,2025-01-09,608,108,7,2,96.39
17236,2025-02-04,128,59,4,2,558.93
17237,2025-04-20,248,5,3,4,1030.13
17238,2025-07-16,735,29,1,25,300.08
17239,2025-04-11,585,28,7,8,686.13
17240,2025-03-29,212,94,4,6,55.83
17241,2025-04-07,549,41,8,15,961.14
17242,2025-07-10,65,90,5,7,148.97
17243,2025-12-05,56,1,2,12,593.03
17244,2025-08-01,788,54,4,1,48.04
17245,2025-04-07,129,28,3,15,736.92
17246,2025-08-23,275,62,8,6,274.04
17247,2025-05-08,177,66,3,15,323.18
17248,2025-02-05,152,94,3,5,50.46
17249,2025-09-03,602,114,8,17,250.72
17250,2025-01-18,612,84,6,24,384.82
17251,2025-05-27,76,51,5,4,1050.7
17252,2025-05-18,232,78,3,10,177.27
17253,2025-12-14,614,94,8,23,52.05
17254,2025-11-25,325,47,2,15,777.33
17255,2025-11-30,247,66,2,17,392.78
17256,2025-09-01,405,31,2,15,636.81
17257,2025-01-14,59,111,1,4,288.95
17258,2025-06-25,81,22,6,20,150.96
17259,2025-04-06,84,108,4,21,93.68
17260,2025-02-22,206,47,5,2,814.05
17261,2025-07-11,601,63,1,13,802.89
17262,2025-05-19,380,81,8,24,778.19
17263,2025-10-09,533,92,8,7,691.01
17264,2025-02-10,533,108,2,24,68.51
17265,2025-02-06,323,116,1,13,629.4
17266,2025-05-14,701,58,1,8,146.71
17267,2025-06-24,460,31,8,4,685.25
17268,2025-03-17,512,107,6,13,490.1
17269,2025-11-19,517,15,4,20,740.11
17270,2025-03-11,88,105,6,16,263.9
17271,2025-06-02,240,27,7,11,345.62
17272,2025-04-20,489,29,4,4,412.65
17273,2025-10-06,237,85,7,15,222.92
17274,2025-11-13,730,53,6,1,351.84
17275,2025-01-06,150,3,5,5,55.94
17276,2025-05-03,286,86,8,15,218.06
17277,2025-02-18,136,3,2,6,39.68
17278,2025-03-03,65,91,8,8,969.13
17279,2025-03-01,160,116,5,16,841.6
17280,2025-11-29,286,120,8,4,717.89
17281,2025-02-01,739,56,2,12,438.19
17282,2025-10-03,70,1,3,11,669.4
17283,2025-12-15,107,104,5,21,411.42
17284,2025-08-02,89,11,5,17,689.35
17285,2025-05-16,67,67,3,10,499.16
17286,2025-11-24,322,43,5,15,281.57
17287,2025-10-06,558,100,6,14,237.49
17288,2025-06-30,190,56,7,16,526.44
17289,2025-05-17,37,45,6,20,545.36
17290,2025-04-03,688,102,5,25,64.37
17291,2025-11-23,622,5,6,10,1093.49
17292,2025-05-20,73,98,3,23,290.79
17293,2025-02-12,107,12,2,5,402.59
17294,2025-03-05,710,92,5,25,874.69
17295,2025-03-31,143,17,2,13,727.87
17296,2025-12-15,728,13,2,25,218.93
17297,2025-04-24,528,96,3,14,662.75
17298,2025-04-18,648,50,8,21,741.63
17299,2025-12-01,516,4,3,16,200.13
17300,2025-11-30,794,69,6,13,665.53
17301,2025-10-21,531,110,5,18,642.54
17302,2025-09-22,306,5,4,5,779.19
17303,2025-01-13,72,8,6,6,948.97
17304,2025-12-29,20,73,4,5,532.62
17305,2025-12-19,173,46,4,5,419.31
17306,2025-08-25,143,101,2,6,226.7
17307,2025-03-30,642,86,1,12,230.69
17308,2025-08-25,588,91,8,1,881.33
17309,2025-03-20,574,104,1,19,440.41
17310,2025-08-20,148,56,4,6,590.5
17311,2025-05-15,352,92,4,7,935.91
17312,2025-10-26,97,38,1,14,179.81
17313,2025-12-17,410,48,3,12,236.12
17314,2025-06-07,211,25,6,4,541.6
17315,2025-09-18,34,96,1,12,642.96
17316,2025-11-27,1,106,4,15,868.6
17317,2025-03-20,82,87,1,18,453.52
17318,2025-07-11,596,33,6,4,210.11
17319,2025-10-05,58,63,5,17,773.34
17320,2025-05-29,788,73,2,23,685.87
17321,2025-03-20,283,49,7,9,465.92
17322,2025-12-12,750,102,3,9,65.68
17323,2025-03-13,245,100,2,14,233.17
17324,2025-06-27,622,63,1,9,618.88
17325,2025-04-05,571,108,3,19,102.45
17326,2025-05-02,714,7,7,23,164.54
17327,2025-11-30,519,31,4,19,478.97
17328,2025-01-21,724,39,8,19,249.39
17329,2025-02-11,683,11,5,17,783.65
17330,2025-02-10,13,39,5,25,234.29
17331,2025-07-08,578,4,6,20,213.98
17332,2025-05-16,793,104,8,20,393.17
17333,2025-01-24,465,99,4,8,31.39
17334,2025-05-27,62,13,5,10,208.41
17335,2025-04-12,658,77,8,10,122.12
17336,2025-10-09,236,18,5,22,517.02
17337,2025-04-30,624,74,2,25,500.85
17338,2025-03-30,87,5,2,11,798.67
17339,2025-06-21,614,104,3,14,398.09
17340,2025-08-30,668,43,4,5,277.48
17341,2025-01-27,244,56,5,10,563.85
17342,2025-01-23,419,27,7,11,510.29
17343,2025-01-12,276,91,4,2,900.63
17344,2025-10-13,23,27,6,18,465.09
17345,2025-12-27,268,112,5,1,141.86
17346,2025-02-22,369,23,3,24,1013.3
17347,2025-08-03,228,43,1,20,356.0
17348,2025-01-09,298,17,3,6,848.36
17349,2025-01-16,286,81,6,11,630.94
17350,2025-05-07,34,34,8,16,429.93
17351,2025-11-06,319,82,1,6,178.21
17352,2025-07-20,583,88,4,10,731.84
17353,2025-07-13,692,22,4,3,153.09
17354,2025-11-15,440,102,8,12,62.05
17355,2025-11-17,725,41,6,1,734.85
17356,2025-08-29,713,119,7,17,406.61
17357,2025-06-15,432,103,2,2,382.79
17358,2025-05-08,792,108,6,10,84.38
17359,2025-07-30,310,58,3,11,203.1
17360,2025-11-23,549,66,4,7,321.22
17361,2025-09-05,744,107,6,1,507.18
17362,2025-03-31,368,65,7,17,864.07
17363,2025-01-26,728,101,6,20,276.49
17364,2025-01-11,593,45,8,15,603.87
17365,2025-03-16,775,37,8,5,73.1
17366,2025-08-07,247,112,2,10,128.63
17367,2025-08-19,644,29,3,13,298.55
17368,2025-07-10,271,120,4,7,494.07
17369,2025-04-04,12,89,5,10,72.15
17370,2025-04-05,1,103,1,10,419.48
17371,2025-12-10,537,4,4,25,190.37
17372,2025-08-17,26,81,6,5,644.75
17373,2025-12-17,398,2,1,8,321.95
17374,2025-11-17,172,38,8,13,183.2
17375,2025-12-09,99,7,8,7,229.62
17376,2025-03-30,601,15,1,1,731.63
17377,2025-06-20,341,100,5,14,216.41
17378,2025-01-14,312,72,7,14,323.09
17379,2025-03-27,405,28,2,22,807.87
17380,2025-05-31,271,100,4,16,219.61
17381,2025-11-20,732,99,3,18,36.1
17382,2025-09-10,311,43,6,6,263.55
17383,2025-11-05,634,99,7,9,45.86
17384,2025-09-17,743,116,5,7,671.81
17385,2025-01-05,628,44,2,16,164.49
17386,2025-10-24,617,52,4,4,811.21
17387,2025-12-25,164,98,5,22,292.87
17388,2025-10-31,419,43,2,17,291.26
17389,2025-08-31,3,87,2,19,515.04
17390,2025-07-22,610,4,4,2,204.91
17391,2025-01-01,373,15,4,25,621.21
17392,2025-10-18,275,16,8,15,60.1
17393,2025-01-24,389,21,2,1,375.88
17394,2025-10-29,540,42,4,1,429.69
17395,2025-06-14,745,29,4,8,401.04
17396,2025-04-27,678,2,2,10,403.33
17397,2025-11-15,226,76,6,13,1153.34
17398,2025-11-22,400,94,2,18,52.86
17399,2025-12-28,183,109,7,11,48.48
17400,2025-04-22,495,4,3,21,226.89
17401,2025-03-05,159,109,8,25,54.77
17402,2025-03-23,94,116,6,19,623.51
17403,2025-03-09,238,59,1,18,726.03
17404,2025-02-19,452,30,4,16,403.04
17405,2025-10-09,669,90,4,8,123.71
17406,2025-06-22,276,36,1,9,260.59
17407,2025-12-06,696,79,7,3,285.28
17408,2025-08-28,757,93,2,15,664.45
17409,2025-11-28,212,96,2,20,925.0
17410,2025-12-08,576,119,8,19,475.81
17411,2025-10-22,616,17,4,23,858.56
17412,2025-02-22,353,30,3,20,498.87
17413,2025-03-02,171,74,1,6,488.52
17414,2025-02-26,721,25,1,22,607.06
17415,2025-01-16,769,63,5,21,838.16
17416,2025-08-15,36,55,6,3,748.86
17417,2025-12-13,707,93,6,22,891.29
17418,2025-11-08,765,7,5,18,168.89
17419,2025-08-15,244,119,5,25,461.22
17420,2025-01-22,394,48,2,14,231.35
17421,2025-01-28,73,32,7,25,788.63
17422,2025-08-25,588,36,2,6,293.36
17423,2025-04-06,54,77,1,14,136.82
17424,2025-02-18,728,120,4,11,538.2
17425,2025-02-17,733,114,3,12,293.33
17426,2025-08-13,382,54,3,1,37.0
17427,2025-06-03,61,91,7,22,964.14
17428,2025-07-21,520,2,5,5,409.95
17429,2025-04-30,794,76,2,17,1085.27
17430,2025-02-25,33,56,7,19,501.44
17431,2025-02-03,278,40,5,2,417.14
17432,2025-05-22,138,21,6,20,349.14
17433,2025-12-21,273,12,4,11,416.92
17434,2025-04-21,132,61,5,3,1080.33
17435,2025-07-30,351,62,6,20,326.91
17436,2025-04-11,384,22,4,4,124.84
17437,2025-08-20,353,35,2,22,207.98
17438,2025-06-13,540,7,4,11,160.31
17439,2025-04-24,219,52,4,8,884.03
17440,2025-08-22,19,2,4,23,280.29
17441,2025-05-31,166,40,3,14,442.18
17442,2025-04-08,107,48,3,25,270.68
17443,2025-01-12,138,117,2,15,690.1
17444,2025-11-30,279,57,8,22,864.68
17445,2025-07-13,251,6,2,9,422.2
17446,2025-12-02,195,26,6,12,213.38
17447,2025-05-31,697,13,6,12,236.88
17448,2025-10-04,786,23,3,1,1011.48
17449,2025-11-25,101,82,1,24,216.94
17450,2025-12-11,7,55,1,21,859.24
17451,2025-07-07,75,106,6,5,1103.75
17452,2025-04-21,116,91,2,10,1002.33
17453,2025-12-29,25,7,5,6,218.03
17454,2025-02-02,7,31,2,4,531.97
17455,2025-01-22,466,116,2,5,618.25
17456,2025-12-13,128,67,2,6,579.28
17457,2025-02-12,532,72,3,2,402.45
17458,2025-03-06,775,89,5,6,77.65
17459,2025-02-07,400,23,2,8,837.88
17460,2025-08-01,555,47,1,16,675.07
17461,2025-03-18,334,2,5,19,335.63
17462,2025-08-07,572,68,5,21,1070.98
17463,2025-03-04,7,88,3,24,879.15
17464,2025-05-02,349,81,1,11,739.57
17465,2025-11-05,405,96,7,16,741.27
17466,2025-09-09,605,57,8,24,902.02
17467,2025-01-28,348,68,7,20,951.31
17468,2025-10-10,223,54,7,10,37.66
17469,2025-03-25,387,91,2,19,777.46
17470,2025-03-16,223,109,2,15,61.49
17471,2025-06-11,663,104,4,22,393.37
17472,2025-07-05,364,64,8,12,212.67
17473,2025-03-07,132,49,2,7,453.51
17474,2025-01-21,718,54,2,19,52.41
17475,2025-07-19,413,96,2,16,641.06
17476,2025-12-24,252,48,8,21,216.95
17477,2025-05-31,719,10,5,7,691.01
17478,2025-11-23,573,60,6,9,110.31
17479,2025-06-10,408,40,4,3,526.14
17480,2025-08-23,600,8,8,14,858.26
17481,2025-06-30,614,20,5,21,378.82
17482,2025-12-21,126,55,8,5,752.63
17483,2025-09-04,619,73,7,5,736.42
17484,2025-10-27,91,58,8,19,169.52
17485,2025-01-07,137,114,2,16,329.55
17486,2025-12-20,113,51,8,15,975.68
17487,2025-10-21,277,16,8,20,67.77
17488,2025-10-10,571,55,5,16,1034.47
17489,2025-05-22,655,47,3,24,862.83
17490,2025-08-04,262,64,1,25,221.4
17491,2025-11-09,750,80,2,7,155.31
17492,2025-11-18,640,71,7,18,545.71
17493,2025-01-29,282,62,5,3,302.36
17494,2025-05-23,211,29,1,16,381.6
17495,2025-08-11,764,91,8,3,994.89
17496,2025-12-12,236,92,4,10,770.01
17497,2025-08-28,580,21,6,20,321.06
17498,2025-01-20,93,87,2,3,592.64
17499,2025-12-07,773,47,1,21,844.67
17500,2025-10-11,416,109,5,21,72.09
17501,2025-11-11,532,95,8,14,271.89
17502,2025-01-05,656,79,2,24,286.04
17503,2025-09-21,770,120,8,25,560.9
17504,2025-08-06,666,65,7,8,729.83
17505,2025-10-13,131,88,2,21,597.92
17506,2025-10-23,523,38,2,17,162.85
17507,2025-01-15,585,59,6,13,742.2
17508,2025-01-28,17,106,4,19,965.3
17509,2025-06-25,274,91,8,14,938.05
17510,2025-07-15,216,18,5,18,588.41
17511,2025-08-29,303,81,2,4,544.56
17512,2025-01-26,37,48,2,23,193.89
17513,2025-07-12,261,27,6,23,508.38
17514,2025-08-08,316,6,1,25,383.33
17515,2025-09-07,439,17,7,17,888.33
17516,2025-01-18,387,53,8,7,275.2
17517,2025-04-13,627,92,2,24,669.6
17518,2025-10-31,516,89,6,23,75.95
17519,2025-03-29,642,76,6,22,1039.16
17520,2025-08-11,425,11,2,13,632.26
17521,2025-12-25,625,54,2,8,52.4
17522,2025-12-20,795,103,4,4,562.52
17523,2025-07-26,362,100,3,6,276.87
17524,2025-05-08,248,88,8,19,896.04
17525,2025-06-11,586,72,8,8,416.27
17526,2025-12-09,585,40,5,1,485.45
17527,2025-08-30,148,82,5,4,169.44
17528,2025-01-05,59,20,6,7,416.99
17529,2025-02-08,475,55,2,19,954.22
17530,2025-06-29,550,110,4,9,559.43
17531,2025-03-20,430,114,1,18,387.33
17532,2025-01-16,800,95,4,21,354.17
17533,2025-03-04,632,57,8,13,837.73
17534,2025-08-16,179,10,4,9,545.93
17535,2025-07-11,240,8,2,24,903.3
17536,2025-03-02,441,48,3,19,271.35
17537,2025-12-31,146,15,2,5,737.19
17538,2025-04-16,798,34,3,12,483.14
17539,2025-04-24,361,101,2,7,253.13
17540,2025-07-11,685,17,8,17,759.13
17541,2025-02-02,405,28,6,1,685.29
17542,2025-07-13,536,7,6,13,257.45
17543,2025-10-30,327,16,5,7,64.86
17544,2025-02-26,634,90,6,16,113.64
17545,2025-01-20,753,77,7,15,103.68
17546,2025-10-21,707,119,7,12,421.19
17547,2025-06-17,316,54,7,2,54.19
17548,2025-12-21,324,97,2,4,162.7
17549,2025-12-18,523,57,6,22,867.13
17550,2025-10-30,508,104,5,15,356.89
17551,2025-01-30,497,85,2,14,178.06
17552,2025-11-07,195,34,8,5,564.81
17553,2025-07-21,767,61,2,23,771.21
17554,2025-03-02,646,19,2,17,444.41
17555,2025-10-30,317,74,4,18,452.06
17556,2025-08-05,165,43,2,18,334.16
17557,2025-03-25,396,35,8,19,184.46
17558,2025-01-27,439,21,7,6,453.53
17559,2025-03-02,378,65,2,3,776.82
17560,2025-01-26,598,87,4,15,508.52
17561,2025-09-06,396,19,4,16,589.01
17562,2025-07-14,63,40,1,12,516.4
17563,2025-05-13,434,74,6,13,681.06
17564,2025-04-21,615,58,3,24,186.76
17565,2025-07-12,661,21,1,15,418.17
17566,2025-05-28,451,85,5,14,217.12
17567,2025-09-04,482,10,6,7,541.48
17568,2025-05-29,36,92,5,22,591.72
17569,2025-02-16,73,57,4,5,664.97
17570,2025-10-06,447,97,5,13,188.15
17571,2025-03-28,700,46,4,19,347.22
17572,2025-04-29,689,10,2,16,688.21
17573,2025-06-03,606,54,1,14,46.19
17574,2025-11-10,84,25,5,20,594.8
17575,2025-02-01,291,16,5,4,54.97
17576,2025-03-19,368,80,2,23,134.95
17577,2025-01-05,459,86,3,20,256.81
17578,2025-02-23,643,68,5,15,1022.97
17579,2025-11-14,238,84,7,25,272.01
17580,2025-02-08,759,117,6,17,829.82
17581,2025-06-03,344,37,7,17,55.98
17582,2025-09-01,734,26,1,25,250.18
17583,2025-11-24,51,89,4,1,77.67
17584,2025-02-03,454,97,1,13,147.75
17585,2025-01-24,543,69,3,7,640.75
17586,2025-10-03,498,28,8,9,537.48
17587,2025-11-05,176,8,2,14,1163.58
17588,2025-02-08,614,12,3,13,354.23
17589,2025-08-09,557,62,5,11,334.79
17590,2025-12-10,330,37,4,6,49.43
17591,2025-11-19,371,72,5,24,304.29
17592,2025-06-19,95,110,3,19,874.58
17593,2025-07-17,536,18,6,15,575.11
17594,2025-10-09,137,91,8,13,1095.49
17595,2025-11-11,334,113,8,9,968.93
17596,2025-10-10,317,120,3,20,744.32
17597,2025-01-10,798,52,5,1,708.82
17598,2025-04-08,518,102,7,8,53.67
17599,2025-04-11,362,114,1,9,326.99
17600,2025-06-25,50,5,8,3,851.56
17601,2025-09-22,673,32,7,3,963.38
17602,2025-06-07,192,51,3,3,919.73
17603,2025-01-30,369,45,8,24,507.69
17604,2025-03-26,412,8,5,11,1152.41
17605,2025-08-31,799,91,5,14,1037.99
17606,2025-08-26,489,96,7,20,848.04
17607,2025-03-09,379,96,1,14,806.71
17608,2025-12-27,639,26,4,20,303.23
17609,2025-11-15,561,31,6,11,446.51
17610,2025-07-05,765,99,3,18,36.4
17611,2025-11-05,121,28,1,17,722.25
17612,2025-04-09,709,2,3,18,412.88
17613,2025-07-22,471,68,1,3,1187.0
17614,2025-08-21,253,23,4,23,1042.05
17615,2025-10-09,515,44,7,19,203.97
17616,2025-02-06,331,116,4,17,603.54
17617,2025-11-27,38,61,3,13,798.06
17618,2025-01-07,379,51,3,13,972.28
17619,2025-08-25,134,97,8,17,143.72
17620,2025-06-30,568,22,6,23,187.4
17621,2025-12-25,239,7,4,16,162.14
17622,2025-08-13,235,75,3,18,212.16
17623,2025-12-16,100,12,4,6,409.56
17624,2025-12-07,319,71,3,8,620.64
17625,2025-12-04,774,104,8,8,338.87
17626,2025-10-02,139,70,3,3,754.13
17627,2025-04-04,781,33,2,13,200.63
17628,2025-08-29,744,24,4,10,637.22
17629,2025-12-28,749,6,6,7,368.89
17630,2025-05-05,621,97,2,5,162.36
17631,2025-12-30,696,106,8,21,888.04
17632,2025-01-05,617,90,1,12,134.28
17633,2025-06-27,414,120,4,25,576.27
17634,2025-12-31,433,93,7,5,586.1
17635,2025-11-19,577,98,8,3,364.28
17636,2025-05-01,215,82,5,4,160.46
17637,2025-05-13,569,35,6,18,205.37
17638,2025-02-20,721,74,4,18,573.02
17639,2025-02-16,399,29,6,7,427.76
17640,2025-06-29,5,21,8,4,316.27
17641,2025-07-05,721,69,2,21,472.6
17642,2025-04-07,168,5,8,1,876.96
17643,2025-09-23,10,22,2,15,186.39
17644,2025-10-01,80,99,5,6,40.32
17645,2025-11-02,712,1,8,11,635.73
17646,2025-07-26,141,119,1,9,557.75
17647,2025-03-06,95,58,6,23,188.26
17648,2025-06-20,508,37,4,22,50.27
17649,2025-08-11,280,107,2,6,479.58
17650,2025-11-28,320,19,7,21,556.73
17651,2025-10-05,404,4,4,22,180.31
17652,2025-02-10,612,48,2,6,229.75
17653,2025-06-26,240,11,6,7,800.64
17654,2025-02-03,466,115,2,8,548.69
17655,2025-10-18,639,108,8,16,107.12
17656,2025-12-13,178,100,8,10,289.94
17657,2025-01-24,394,117,2,8,908.36
17658,2025-03-01,282,117,3,24,985.48
17659,2025-08-03,545,26,7,20,247.39
17660,2025-10-31,47,2,1,9,331.45
17661,2025-12-17,351,41,2,11,872.94
17662,2025-04-20,277,47,8,5,844.73
17663,2025-11-11,418,21,5,25,314.11
17664,2025-05-19,54,118,1,15,1230.17
17665,2025-05-13,799,80,8,22,109.85
17666,2025-11-29,245,120,8,16,678.14
17667,2025-10-17,653,117,4,19,909.12
17668,2025-01-10,746,70,7,5,905.05
17669,2025-11-05,194,16,3,24,62.32
17670,2025-06-14,337,33,3,4,163.56
17671,2025-05-09,595,36,3,7,337.34
17672,2025-05-10,24,16,2,20,58.96
17673,2025-12-30,80,43,1,10,285.98
17674,2025-12-17,704,44,5,18,160.59
17675,2025-08-13,667,8,1,14,1114.38
17676,2025-01-17,653,117,4,8,867.39
17677,2025-08-18,115,94,8,17,47.7
17678,2025-06-04,299,84,4,1,368.72
17679,2025-05-01,307,61,1,14,728.22
17680,2025-11-28,477,82,7,14,145.81
17681,2025-09-11,570,69,7,14,603.58
17682,2025-08-21,623,107,8,2,582.93
17683,2025-05-30,645,111,6,23,366.11
17684,2025-11-12,324,65,3,15,735.35
17685,2025-07-18,43,48,2,11,195.33
17686,2025-07-20,57,53,3,14,264.85
17687,2025-09-14,719,10,6,6,822.98
17688,2025-04-15,457,14,1,2,157.73
17689,2025-07-14,348,5,6,23,925.7
17690,2025-03-18,3,30,6,23,504.89
17691,2025-10-17,762,24,1,22,628.71
17692,2025-06-20,247,79,6,1,419.18
17693,2025-11-23,564,62,5,12,344.86
17694,2025-05-28,364,100,7,25,300.68
17695,2025-04-04,239,47,4,1,728.24
17696,2025-03-02,611,106,7,8,955.88
17697,2025-05-28,67,22,5,19,131.84
17698,2025-04-20,346,87,8,4,427.6
17699,2025-04-10,52,5,3,19,950.13
17700,2025-04-16,593,104,1,8,411.52
17701,2025-06-18,241,111,3,25,313.3
17702,2025-08-07,623,56,7,12,556.22
17703,2025-09-05,51,99,3,11,48.15
17704,2025-06-19,627,13,2,24,278.5
17705,2025-10-26,443,112,2,19,135.58
17706,2025-08-28,80,30,8,16,399.25
17707,2025-07-25,701,58,1,14,156.55
17708,2025-09-26,128,45,2,3,584.14
17709,2025-03-30,80,40,7,18,428.47
17710,2025-09-08,438,41,8,5,932.28
17711,2025-05-05,745,39,2,23,251.98
17712,2025-05-20,597,83,5,11,753.73
17713,2025-07-11,771,112,1,22,112.74
17714,2025-06-06,746,60,3,4,122.36
17715,2025-07-31,655,26,8,5,239.34
17716,2025-05-17,786,109,5,15,57.82
17717,2025-12-11,738,100,3,6,284.79
17718,2025-01-09,3,64,1,14,175.31
17719,2025-01-25,371,90,2,6,105.77
17720,2025-08-14,68,52,3,12,778.02
17721,2025-09-09,419,50,7,2,1091.58
17722,2025-12-24,462,76,4,18,837.53
17723,2025-08-10,82,69,2,2,449.55
17724,2025-09-28,56,39,4,23,174.86
17725,2025-04-19,789,57,7,10,700.94
17726,2025-07-30,44,92,2,24,657.76
17727,2025-03-19,483,102,3,15,70.25
17728,2025-03-19,253,72,4,17,428.39
17729,2025-06-15,357,108,6,8,102.1
17730,2025-12-27,497,74,5,15,635.97
17731,2025-08-15,454,37,2,12,69.44
17732,2025-02-17,43,65,5,14,1059.66
17733,2025-01-22,42,69,6,13,521.3
17734,2025-09-21,480,2,3,5,277.21
17735,2025-02-05,405,68,7,7,831.19
17736,2025-01-12,255,76,7,21,1087.98
17737,2025-04-17,748,117,7,8,982.64
17738,2025-10-12,685,77,8,5,123.18
17739,2025-11-05,506,23,8,2,931.37
17740,2025-03-04,785,8,2,19,883.54
17741,2025-10-18,28,70,7,12,597.15
17742,2025-01-11,196,58,5,2,141.42
17743,2025-08-17,549,18,4,9,481.68
17744,2025-12-21,480,63,5,16,728.77
17745,2025-12-11,800,17,8,11,941.08
17746,2025-11-28,5,75,5,22,155.37
17747,2025-01-11,231,31,3,8,485.13
17748,2025-01-01,68,98,1,4,339.41
17749,2025-05-10,137,6,8,15,333.75
17750,2025-04-21,533,11,1,9,866.24
17751,2025-07-07,477,29,3,20,396.55
17752,2025-10-07,511,4,7,24,214.65
17753,2025-05-17,743,59,7,10,688.12
17754,2025-12-17,753,19,4,1,595.44
17755,2025-08-02,206,71,2,5,430.32
17756,2025-01-29,292,28,5,16,734.19
17757,2025-11-21,662,25,2,24,641.6
17758,2025-12-10,187,10,6,23,627.38
17759,2025-07-05,378,69,7,7,652.32
17760,2025-08-23,346,87,3,1,588.67
17761,2025-10-31,538,57,5,12,957.43
17762,2025-04-16,374,70,4,7,719.85
17763,2025-05-11,202,115,7,6,703.15
17764,2025-03-03,168,92,8,3,587.96
17765,2025-07-18,314,41,3,4,943.85
17766,2025-10-26,399,42,7,3,319.93
17767,2025-04-12,167,6,5,7,306.96
17768,2025-08-19,605,82,7,4,168.22
17769,2025-07-20,638,62,3,23,309.02
17770,2025-12-13,552,49,8,8,532.68
17771,2025-05-28,17,116,1,10,587.0
17772,2025-10-27,160,73,2,25,622.55
17773,2025-11-22,292,94,2,15,63.34
17774,2025-05-27,266,42,1,9,346.58
17775,2025-05-16,714,110,6,8,848.41
17776,2025-07-25,16,16,4,13,57.95
17777,2025-05-03,63,57,1,11,938.57
17778,2025-05-03,711,15,2,7,858.01
17779,2025-11-02,377,40,8,19,456.71
17780,2025-07-31,4,16,5,1,63.4
17781,2025-06-26,593,12,6,17,293.25
17782,2025-03-03,37,118,1,5,866.81
17783,2025-08-21,114,105,4,13,323.8
17784,2025-02-03,763,11,8,24,816.58
17785,2025-07-01,752,95,6,7,315.84
17786,2025-09-01,618,98,1,24,276.32
17787,2025-01-23,708,45,7,4,660.71
17788,2025-03-29,537,86,3,25,306.94
17789,2025-10-28,252,107,8,17,468.91
17790,2025-06-05,752,100,8,17,285.48
17791,2025-12-30,536,2,2,19,397.39
17792,2025-04-20,329,47,1,24,639.58
17793,2025-04-14,704,35,6,8,185.77
17794,2025-04-14,179,14,2,8,137.88
17795,2025-03-03,381,46,5,24,398.42
17796,2025-04-29,655,99,4,6,44.54
17797,2025-07-14,353,113,8,20,930.37
17798,2025-11-04,415,46,6,20,365.81
17799,2025-05-07,547,93,1,20,822.34
17800,2025-05-30,414,2,2,18,376.24
17801,2025-01-09,531,48,3,18,275.82
17802,2025-06-03,324,105,3,25,230.11
17803,2025-10-29,520,105,5,23,255.94
17804,2025-02-28,477,26,8,7,257.39
17805,2025-11-08,169,21,5,19,338.77
17806,2025-03-02,218,59,1,5,815.32
17807,2025-05-16,639,52,6,19,863.63
17808,2025-08-10,318,6,3,25,428.42
17809,2025-05-14,246,63,8,19,605.26
17810,2025-01-12,408,97,7,9,160.77
17811,2025-03-13,680,114,4,4,273.22
17812,2025-06-20,535,18,2,8,515.84
17813,2025-06-03,29,9,4,25,948.94
17814,2025-06-14,473,100,3,25,268.32
17815,2025-06-20,75,106,8,9,1167.21
17816,2025-01-20,53,104,2,13,280.26
17817,2025-01-21,198,35,8,25,218.29
17818,2025-07-26,198,10,1,19,595.6
17819,2025-05-25,169,38,5,13,166.45
17820,2025-09-26,509,108,1,9,73.09
17821,2025-12-09,525,61,1,1,856.5
17822,2025-06-26,198,30,6,6,495.83
17823,2025-08-12,470,90,2,3,112.69
17824,2025-11-17,609,79,8,11,316.18
17825,2025-03-22,526,78,6,4,197.97
17826,2025-01-09,41,37,1,2,58.41
17827,2025-04-12,501,78,5,22,270.7
17828,2025-10-23,31,112,1,20,146.99
17829,2025-06-28,772,89,6,7,62.94
17830,2025-05-18,33,108,1,22,89.35
17831,2025-04-22,790,114,6,1,382.83
17832,2025-10-06,720,15,2,7,572.95
17833,2025-09-04,563,24,7,22,621.49
17834,2025-08-05,92,76,8,16,813.38
17835,2025-03-09,144,41,5,22,1000.85
17836,2025-04-30,56,26,3,13,262.56
17837,2025-08-04,373,70,8,15,745.55
17838,2025-10-06,603,80,2,18,163.34
17839,2025-02-19,5,74,8,25,602.3
17840,2025-07-29,681,59,5,5,668.89
17841,2025-07-05,119,99,6,16,45.12
17842,2025-09-17,119,50,5,19,881.98
17843,2025-04-02,517,109,2,18,49.24
17844,2025-02-28,525,81,4,14,661.29
17845,2025-02-20,259,8,6,4,764.41
17846,2025-09-11,185,103,7,3,450.9
17847,2025-12-27,175,77,8,4,136.15
17848,2025-07-20,110,48,8,15,250.11
17849,2025-09-24,20,74,1,19,621.11
17850,2025-10-25,563,5,2,14,908.95
17851,2025-11-05,772,9,1,16,987.66
17852,2025-11-06,647,93,7,24,716.36
17853,2025-12-29,667,3,1,1,58.42
17854,2025-01-07,314,19,4,23,576.26
17855,2025-05-12,693,120,8,12,534.7
17856,2025-09-27,117,118,7,2,1078.4
17857,2025-04-25,465,20,2,1,388.82
17858,2025-03-16,783,110,4,1,688.29
17859,2025-09-27,257,49,5,4,483.74
17860,2025-04-26,756,3,7,23,61.29
17861,2025-04-28,422,54,4,25,52.69
17862,2025-02-18,688,21,2,18,445.11
17863,2025-06-03,199,107,2,5,405.12
17864,2025-12-14,519,115,2,23,645.78
17865,2025-02-03,129,116,8,2,925.54
17866,2025-04-13,727,94,1,17,48.6
17867,2025-01-11,530,50,1,4,840.62
17868,2025-01-26,730,110,2,5,678.65
17869,2025-05-22,221,36,1,24,231.33
17870,2025-10-11,388,84,2,24,326.87
17871,2025-01-09,350,89,8,23,63.33
17872,2025-10-07,739,15,1,11,705.42
17873,2025-08-15,569,41,2,2,647.59
17874,2025-01-08,199,58,5,15,148.1
17875,2025-02-20,470,85,8,16,166.11
17876,2025-10-01,531,114,3,14,297.76
17877,2025-09-06,673,29,8,25,280.94
17878,2025-01-07,774,24,1,22,658.25
17879,2025-09-16,245,31,2,25,469.07
17880,2025-04-01,95,90,1,10,138.33
17881,2025-11-17,230,115,1,12,652.18
17882,2025-04-26,125,48,7,3,264.57
17883,2025-03-05,669,95,1,13,362.06
17884,2025-08-13,118,25,7,20,422.5
17885,2025-06-28,689,113,6,4,895.15
17886,2025-10-18,346,16,2,24,62.86
17887,2025-03-21,133,10,7,6,634.46
17888,2025-04-16,159,56,8,7,535.72
17889,2025-09-05,232,76,5,3,901.43
17890,2025-09-13,284,103,7,25,359.98
17891,2025-04-10,392,16,8,2,45.28
17892,2025-07-05,332,101,6,25,237.79
17893,2025-04-20,77,22,5,25,142.22
17894,2025-10-26,276,100,5,2,289.1
17895,2025-10-17,106,118,1,24,870.21
17896,2025-06-22,790,106,4,8,1181.44
17897,2025-08-29,650,105,7,8,332.23
17898,2025-06-22,756,112,6,22,149.48
17899,2025-03-10,604,95,8,14,296.86
17900,2025-10-22,127,91,8,11,1112.45
17901,2025-02-24,131,96,7,19,703.34
17902,2025-05-18,412,72,7,14,320.97
17903,2025-02-12,114,67,7,9,633.76
17904,2025-08-20,663,105,2,3,246.34
17905,2025-06-21,244,12,2,16,346.32
17906,2025-05-12,698,119,6,14,413.62
17907,2025-10-01,205,108,7,1,94.64
17908,2025-09-11,287,54,4,20,36.69
17909,2025-07-27,800,85,5,2,253.57
17910,2025-05-18,159,82,2,25,159.1
17911,2025-06-23,570,49,7,15,541.18
17912,2025-11-28,320,34,3,1,624.1
17913,2025-04-15,207,60,7,5,129.68
17914,2025-06-18,277,12,8,24,412.6
17915,2025-02-26,229,80,6,10,154.4
17916,2025-11-01,115,91,8,25,978.09
17917,2025-02-09,95,90,5,8,124.8
17918,2025-07-01,442,97,4,10,154.82
17919,2025-11-22,671,57,8,12,789.09
17920,2025-09-14,345,41,2,25,689.23
17921,2025-06-13,189,48,7,11,275.99
17922,2025-12-20,547,110,6,8,750.4
17923,2025-05-26,31,96,8,3,868.92
17924,2025-03-16,206,61,2,17,1064.01
17925,2025-01-25,379,67,6,25,588.93
17926,2025-01-28,563,113,8,5,723.79
17927,2025-12-25,219,105,2,25,335.22
17928,2025-03-31,133,10,6,16,760.77
17929,2025-03-06,758,37,5,8,52.13
17930,2025-11-05,416,52,2,16,1094.09
17931,2025-04-15,46,79,7,25,339.32
17932,2025-11-02,488,60,2,1,99.35
17933,2025-01-01,591,95,5,15,322.59
17934,2025-06-25,84,84,4,7,322.28
17935,2025-12-27,531,58,7,1,188.45
17936,2025-01-01,705,21,5,14,347.55
17937,2025-02-27,544,107,4,8,559.82
17938,2025-01-23,620,40,4,11,492.67
17939,2025-04-16,359,15,3,10,738.43
17940,2025-09-21,772,92,7,13,609.62
17941,2025-05-02,66,24,3,4,590.69
17942,2025-03-09,28,116,1,11,621.38
17943,2025-09-29,667,98,5,20,325.59
17944,2025-09-14,42,78,1,22,242.47
17945,2025-01-28,292,81,7,24,553.4
17946,2025-01-26,327,35,1,4,149.92
17947,2025-10-09,257,110,1,14,790.97
17948,2025-08-29,1,105,4,6,318.87
17949,2025-09-09,105,82,8,17,171.23
17950,2025-02-25,41,13,2,14,276.18
17951,2025-05-14,450,34,6,11,456.7
17952,2025-11-09,330,119,3,1,432.27
17953,2025-08-25,81,82,1,4,176.64
17954,2025-09-02,565,75,8,25,190.86
17955,2025-07-22,630,107,1,10,460.58
17956,2025-03-13,110,99,6,1,37.07
17957,2025-04-13,744,57,5,2,689.1
17958,2025-03-05,400,104,6,5,318.63
17959,2025-01-17,475,6,1,18,456.59
17960,2025-03-24,63,36,4,13,265.79
17961,2025-01-24,103,25,5,19,524.27
17962,2025-10-01,325,55,1,3,1028.03
17963,2025-09-17,195,71,4,7,614.8
17964,2025-11-22,102,25,6,12,627.06
17965,2025-07-10,561,43,3,13,326.9
17966,2025-04-09,230,94,7,6,59.69
17967,2025-11-17,480,35,3,6,208.71
17968,2025-08-04,740,11,1,16,636.79
17969,2025-06-09,582,57,1,16,633.51
17970,2025-03-12,20,88,7,4,692.95
17971,2025-03-23,119,97,6,21,185.69
17972,2025-02-19,389,59,2,14,670.48
17973,2025-10-07,328,106,6,3,778.5
17974,2025-02-07,282,9,1,21,977.98
17975,2025-01-15,29,94,3,23,68.46
17976,2025-05-05,221,14,6,12,107.87
17977,2025-08-24,470,61,5,2,977.79
17978,2025-10-16,739,107,3,25,394.61
17979,2025-03-13,656,28,2,14,676.11
17980,2025-06-28,226,96,1,9,816.87
17981,2025-09-17,277,76,7,15,1005.6
17982,2025-03-25,633,41,8,19,919.24
17983,2025-05-11,243,62,2,13,236.5
17984,2025-03-31,466,43,6,20,291.51
17985,2025-07-10,228,114,8,5,389.92
17986,2025-04-17,185,23,6,7,1187.91
17987,2025-01-24,472,14,6,3,109.94
17988,2025-06-10,631,75,7,25,159.98
17989,2025-03-25,465,78,3,18,227.42
17990,2025-10-31,30,74,3,12,560.62
17991,2025-09-16,458,79,8,13,304.69
17992,2025-11-05,454,52,6,11,947.39
17993,2025-04-21,116,105,8,18,300.83
17994,2025-07-14,712,83,6,7,817.12
17995,2025-04-08,517,114,8,1,396.15
17996,2025-03-09,550,5,6,22,1164.51
17997,2025-08-14,620,42,8,16,400.21
17998,2025-03-17,182,75,5,1,178.4
17999,2025-01-05,321,89,8,5,77.45
18000,2025-12-15,471,16,8,9,47.67
18001,2025-01-03,87,31,5,20,649.05
18002,2025-03-15,448,2,1,11,418.16
18003,2025-02-16,31,45,8,7,494.11
18004,2025-03-26,752,15,5,4,828.41
18005,2025-07-03,212,117,8,9,847.45
18006,2025-08-05,584,99,3,11,42.76
18007,2025-03-29,150,67,1,22,492.08
18008,2025-08-26,458,80,3,21,137.67
18009,2025-02-08,796,57,4,25,802.96
18010,2025-06-27,348,104,4,10,425.86
18011,2025-06-06,558,41,8,3,904.79
18012,2025-09-17,769,7,8,21,198.16
18013,2025-06-29,343,16,7,20,48.29
18014,2025-09-05,727,5,2,15,918.16
18015,2025-11-09,302,27,5,8,435.8
18016,2025-04-24,524,77,5,2,137.33
18017,2025-10-31,258,49,4,23,455.26
18018,2025-09-12,142,59,7,20,596.8
18019,2025-11-21,322,11,4,5,653.77
18020,2025-09-21,526,51,5,21,1025.33
18021,2025-09-10,309,53,4,23,252.57
18022,2025-11-13,537,108,6,6,72.81
18023,2025-11-06,277,96,8,3,913.96
18024,2025-06-13,667,101,3,8,232.17
18025,2025-10-25,598,87,4,9,529.65
18026,2025-05-25,190,18,8,1,585.82
18027,2025-06-14,756,95,6,20,259.41
18028,2025-05-15,155,3,2,3,53.21
18029,2025-07-08,602,104,8,23,353.75
18030,2025-04-22,669,69,1,14,618.57
18031,2025-05-26,197,10,8,23,681.73
18032,2025-06-29,394,59,5,20,762.33
18033,2025-08-30,327,43,6,14,297.13
18034,2025-09-15,61,44,7,23,199.32
18035,2025-11-18,650,71,4,22,488.03
18036,2025-07-23,327,90,8,10,121.45
18037,2025-07-18,281,71,1,18,449.26
18038,2025-02-16,657,94,6,9,59.68
18039,2025-11-03,795,83,2,10,772.51
18040,2025-01-04,86,32,8,10,807.43
18041,2025-02-17,769,75,4,11,185.42
18042,2025-05-22,311,110,3,13,813.16
18043,2025-12-06,133,68,8,17,1053.63
18044,2025-05-17,700,90,3,16,135.58
18045,2025-01-04,774,118,8,12,890.75
18046,2025-12-10,514,95,7,12,246.93
18047,2025-12-14,177,37,8,17,67.96
18048,2025-06-11,361,100,7,16,286.12
18049,2025-12-13,657,57,7,23,844.98
18050,2025-07-17,298,97,8,9,169.76
18051,2025-02-25,785,56,5,18,502.63
18052,2025-11-04,680,74,2,2,615.59
18053,2025-06-14,293,39,1,20,192.73
18054,2025-03-12,240,64,2,25,177.34
18055,2025-08-27,681,79,5,18,292.85
18056,2025-08-02,683,84,3,18,430.39
18057,2025-09-02,89,80,5,15,122.22
18058,2025-04-15,405,52,4,19,970.25
18059,2025-07-13,388,85,5,21,227.57
18060,2025-03-19,594,72,4,5,346.26
18061,2025-02-17,743,81,5,3,705.79
18062,2025-05-15,350,21,2,9,320.03
18063,2025-10-29,306,95,3,5,273.1
18064,2025-05-19,576,95,3,3,285.5
18065,2025-01-31,203,14,4,4,113.85
18066,2025-12-13,568,119,4,18,587.02
18067,2025-01-10,619,88,8,16,917.08
18068,2025-11-13,402,42,5,19,456.51
18069,2025-01-15,431,9,5,13,820.27
18070,2025-06-25,543,27,1,17,493.77
18071,2025-11-16,480,72,6,24,388.07
18072,2025-09-22,245,70,8,3,609.03
18073,2025-05-31,565,35,7,17,218.76
18074,2025-01-11,289,4,1,24,230.47
18075,2025-05-18,567,79,3,18,363.38
18076,2025-08-14,293,19,7,19,678.66
18077,2025-06-16,599,110,6,19,564.99
18078,2025-08-23,571,18,7,4,437.78
18079,2025-08-16,51,52,8,10,993.73
18080,2025-05-19,391,100,8,9,231.99
18081,2025-06-21,496,82,5,12,150.28
18082,2025-09-17,76,70,4,15,596.54
18083,2025-04-30,409,69,7,5,527.42
18084,2025-06-14,38,97,5,2,171.91
18085,2025-07-21,388,47,6,8,857.65
18086,2025-07-23,98,71,2,22,460.07
18087,2025-05-17,232,85,4,12,207.01
18088,2025-09-02,775,5,8,15,835.76
18089,2025-07-01,202,40,6,23,382.58
18090,2025-02-23,161,15,2,21,819.19
18091,2025-12-26,209,74,5,14,664.76
18092,2025-02-01,186,31,1,7,585.76
18093,2025-04-22,303,22,1,17,188.55
18094,2025-01-21,485,6,3,17,326.08
18095,2025-03-04,102,83,8,5,829.1
18096,2025-04-10,265,14,4,21,108.56
18097,2025-08-31,194,71,3,12,534.75
18098,2025-10-25,82,91,3,3,1161.24
18099,2025-10-19,216,108,2,6,99.96
18100,2025-12-29,604,92,4,17,841.31
18101,2025-12-10,730,54,1,16,41.36
18102,2025-09-28,197,90,4,12,134.52
18103,2025-12-11,325,105,3,8,251.16
18104,2025-03-24,730,9,6,16,841.31
18105,2025-05-04,63,66,6,20,412.86
18106,2025-02-25,503,108,8,23,88.58
18107,2025-05-08,227,78,7,19,248.49
18108,2025-10-07,186,47,7,8,954.64
18109,2025-05-14,238,52,8,17,772.39
18110,2025-11-24,688,61,7,5,1015.79
18111,2025-03-01,767,4,3,10,195.42
18112,2025-06-18,9,108,8,14,108.33
18113,2025-01-26,655,81,8,9,566.09
18114,2025-12-25,269,104,8,16,411.08
18115,2025-11-21,216,7,6,22,179.61
18116,2025-11-02,297,13,5,22,220.05
18117,2025-05-21,409,99,8,7,42.94
18118,2025-11-06,22,79,4,8,411.59
18119,2025-03-24,207,29,8,24,436.49
18120,2025-01-02,411,106,7,9,789.54
18121,2025-04-18,320,68,2,17,1069.04
18122,2025-11-29,402,25,8,12,660.04
18123,2025-05-27,527,11,1,6,886.42
18124,2025-08-31,123,110,4,21,764.53
18125,2025-12-04,519,104,3,10,301.34
18126,2025-11-24,166,19,3,20,547.85
18127,2025-02-26,342,6,5,6,352.17
18128,2025-05-21,1,59,4,24,775.92
18129,2025-07-05,515,26,6,14,277.68
18130,2025-01-05,374,67,6,4,660.26
18131,2025-06-21,184,76,2,25,866.83
18132,2025-03-29,545,95,7,2,258.83
18133,2025-02-16,154,2,6,21,424.08
18134,2025-12-09,465,34,2,19,510.68
18135,2025-07-28,284,17,3,18,675.62
18136,2025-05-14,682,114,3,8,377.91
18137,2025-06-15,545,11,6,19,754.8
18138,2025-04-02,522,40,5,24,353.65
18139,2025-03-23,511,26,8,17,206.08
18140,2025-01-26,684,6,5,2,295.56
18141,2025-04-08,753,65,4,2,807.65
18142,2025-09-10,502,9,2,23,747.64
18143,2025-04-27,175,71,1,17,513.27
18144,2025-03-02,276,101,8,8,281.89
18145,2025-06-29,720,66,8,8,390.26
18146,2025-06-29,757,43,1,12,292.32
18147,2025-09-09,424,45,2,14,590.27
18148,2025-04-09,673,100,4,16,229.09
18149,2025-04-09,464,63,3,8,593.34
18150,2025-03-03,229,62,4,14,349.39
18151,2025-07-14,679,120,7,25,719.28
18152,2025-08-07,136,28,4,19,779.83
18153,2025-03-16,367,62,3,10,283.07
18154,2025-06-02,723,47,1,2,768.53
18155,2025-01-23,156,24,3,21,603.71
18156,2025-01-25,310,114,1,12,323.18
18157,2025-10-02,21,8,4,9,920.09
18158,2025-05-05,39,86,8,10,278.2
18159,2025-06-24,115,19,1,6,610.72
18160,2025-08-02,560,102,6,4,69.09
18161,2025-02-08,565,72,8,5,300.68
18162,2025-11-06,93,78,4,15,216.65
18163,2025-02-14,363,84,3,16,328.5
18164,2025-02-21,249,10,4,21,546.03
18165,2025-12-25,157,91,4,9,1120.72
18166,2025-09-03,565,107,5,11,469.05
18167,2025-07-09,398,14,8,18,109.02
18168,2025-02-20,792,21,7,18,439.63
18169,2025-12-08,157,99,7,2,42.94
18170,2025-03-15,189,118,4,16,1088.23
18171,2025-05-14,478,108,4,6,79.78
18172,2025-05-25,115,21,1,18,367.83
18173,2025-10-25,636,50,2,10,897.64
18174,2025-04-12,376,65,3,8,825.64
18175,2025-01-30,496,74,1,21,589.53
18176,2025-06-21,183,80,8,22,126.57
18177,2025-01-31,221,51,5,10,858.82
18178,2025-06-30,272,100,3,7,217.27
18179,2025-08-30,793,89,1,8,66.05
18180,2025-05-06,195,66,4,16,342.87
18181,2025-02-18,621,1,2,13,852.13
18182,2025-09-19,451,28,6,12,752.6
18183,2025-03-25,272,44,8,25,226.72
18184,2025-07-03,93,73,4,25,726.95
18185,2025-01-30,227,20,6,20,450.9
18186,2025-08-08,318,104,3,2,318.45
18187,2025-04-01,654,87,2,19,526.53
18188,2025-10-29,119,105,1,25,305.92
18189,2025-02-24,683,1,4,24,654.57
18190,2025-04-18,678,25,8,3,481.27
18191,2025-10-30,591,14,6,24,128.82
18192,2025-02-15,474,99,7,12,31.25
18193,2025-02-19,736,62,5,20,243.67
18194,2025-08-01,252,55,6,3,945.62
18195,2025-12-16,52,18,3,3,475.19
18196,2025-11-19,235,97,8,13,211.18
18197,2025-12-21,541,18,3,17,429.11
18198,2025-11-22,277,76,1,11,1217.42
18199,2025-04-29,622,27,6,25,439.8
18200,2025-07-06,486,120,8,11,551.64
18201,2025-05-16,346,32,5,15,920.31
18202,2025-04-14,324,65,2,17,931.44
18203,2025-09-11,599,91,1,8,837.19
18204,2025-07-05,408,106,1,21,1138.5
18205,2025-11-13,598,22,7,25,174.32
18206,2025-08-04,290,104,3,24,419.88
18207,2025-07-26,601,10,6,19,803.05
18208,2025-08-27,235,25,2,13,555.17
18209,2025-07-02,768,39,3,23,161.83
18210,2025-10-14,287,47,2,8,922.53
18211,2025-10-18,44,110,6,9,675.48
18212,2025-05-29,60,48,4,8,187.18
18213,2025-09-09,555,87,2,16,532.91
18214,2025-12-21,666,91,6,7,810.88
18215,2025-06-13,361,103,1,17,551.37
18216,2025-09-11,166,76,8,16,867.1
18217,2025-07-23,738,95,5,16,254.34
18218,2025-03-23,69,108,2,4,98.16
18219,2025-05-23,784,104,3,8,326.43
18220,2025-10-05,65,41,2,13,726.53
18221,2025-01-29,162,13,6,23,220.55
18222,2025-02-14,782,70,2,1,637.81
18223,2025-07-30,119,16,3,12,53.88
18224,2025-09-16,705,89,1,4,56.65
18225,2025-01-28,367,103,6,3,377.23
18226,2025-11-16,774,60,2,10,133.51
18227,2025-05-05,256,15,2,23,840.65
18228,2025-01-17,734,17,7,15,900.13
18229,2025-09-19,582,101,6,3,256.91
18230,2025-08-30,433,16,2,21,47.41
18231,2025-12-30,297,65,1,6,889.97
18232,2025-01-29,642,17,2,8,759.62
18233,2025-10-23,380,76,1,12,1173.31
18234,2025-05-17,505,74,1,18,547.1
18235,2025-01-26,100,86,7,4,281.9
18236,2025-07-28,310,6,5,13,291.37
18237,2025-05-25,160,44,7,7,173.72
18238,2025-12-20,304,71,4,5,565.56
18239,2025-04-17,148,103,5,9,451.2
18240,2025-09-28,412,24,2,9,517.08
18241,2025-08-22,283,59,4,13,514.47
18242,2025-11-08,759,78,7,7,256.94
18243,2025-02-10,710,62,3,10,238.57
18244,2025-10-16,518,34,6,15,665.5
18245,2025-11-13,579,56,8,6,491.68
18246,2025-12-24,467,17,6,20,765.32
18247,2025-01-25,612,58,4,3,183.57
18248,2025-01-31,718,6,7,25,357.07
18249,2025-06-27,725,57,3,10,731.34
18250,2025-07-17,737,103,7,15,454.61
18251,2025-10-10,600,41,5,20,769.44
18252,2025-10-28,598,66,4,22,451.39
18253,2025-08-30,424,104,5,24,428.04
18254,2025-11-11,305,78,8,13,217.05
18255,2025-09-29,225,43,6,6,383.84
18256,2025-11-17,692,73,6,19,720.76
18257,2025-06-06,438,111,8,15,384.57
18258,2025-12-16,261,33,5,18,141.6
18259,2025-06-04,792,88,4,16,750.16
18260,2025-02-04,301,35,6,16,176.58
18261,2025-02-06,500,99,2,20,45.93
18262,2025-12-22,27,84,4,19,355.71
18263,2025-03-05,464,55,2,12,801.89
18264,2025-01-16,222,104,6,2,313.27
18265,2025-06-07,512,5,6,12,1092.31
18266,2025-06-14,283,18,3,6,383.82
18267,2025-06-15,661,65,4,10,910.67
18268,2025-05-13,263,104,6,1,416.39
18269,2025-03-02,523,31,5,10,586.52
18270,2025-07-23,795,18,1,25,392.42
18271,2025-11-06,759,98,3,15,324.34
18272,2025-04-20,235,5,7,15,1207.66
18273,2025-07-04,547,11,2,17,898.91
18274,2025-02-14,275,82,1,14,135.39
18275,2025-08-31,115,36,3,16,298.61
18276,2025-04-12,737,12,5,11,273.96
18277,2025-07-07,8,2,4,4,309.82
18278,2025-08-23,730,79,7,19,424.21
18279,2025-07-01,477,17,3,9,898.19
18280,2025-12-05,383,67,7,6,654.59
18281,2025-06-20,114,88,6,11,921.98
18282,2025-10-07,257,94,2,14,48.25
18283,2025-02-22,797,65,4,7,670.57
18284,2025-09-04,356,107,7,5,388.53
18285,2025-12-24,169,7,7,12,160.75
18286,2025-01-31,38,56,5,9,504.24
18287,2025-07-21,401,25,1,9,641.69
18288,2025-02-22,194,16,7,3,56.33
18289,2025-12-11,120,42,4,13,424.43
18290,2025-11-19,515,45,6,3,547.07
18291,2025-11-20,104,50,7,3,980.5
18292,2025-06-11,53,57,7,17,691.24
18293,2025-09-04,465,29,5,25,275.75
18294,2025-11-02,742,80,6,21,119.66
18295,2025-11-24,119,118,6,11,805.55
18296,2025-12-08,513,6,7,13,375.1
18297,2025-11-08,229,20,3,22,424.12
18298,2025-08-07,553,102,5,5,79.41
18299,2025-02-28,44,90,3,21,149.06
18300,2025-07-31,311,100,8,19,246.38
18301,2025-12-13,495,78,5,23,243.01
18302,2025-05-05,92,100,2,10,228.91
18303,2025-08-26,204,42,4,5,423.44
18304,2025-05-11,100,66,3,17,414.99
18305,2025-04-05,369,88,8,11,690.44
18306,2025-11-07,463,74,1,8,596.1
18307,2025-04-25,171,116,3,17,753.51
18308,2025-01-07,376,61,5,1,895.27
18309,2025-01-17,24,46,5,25,381.96
18310,2025-06-02,575,66,1,24,311.78
18311,2025-08-27,272,56,4,21,600.57
18312,2025-08-18,286,71,6,1,571.99
18313,2025-05-31,528,15,5,3,644.69
18314,2025-08-22,147,67,6,14,599.77
18315,2025-01-13,132,4,3,2,250.65
18316,2025-12-01,322,98,1,5,293.4
18317,2025-12-29,435,28,4,13,580.68
18318,2025-04-26,408,110,1,21,677.55
18319,2025-01-13,710,72,1,11,466.1
18320,2025-09-17,87,118,8,21,1183.64
18321,2025-08-15,764,28,3,5,598.61
18322,2025-03-21,707,29,4,24,420.42
18323,2025-05-16,139,29,5,3,293.67
18324,2025-02-14,330,67,3,25,610.14
18325,2025-01-16,213,42,1,24,477.28
18326,2025-08-27,375,82,4,9,186.79
18327,2025-09-19,798,89,8,1,64.17
18328,2025-09-06,545,67,3,22,759.29
18329,2025-03-09,401,64,4,24,209.14
18330,2025-03-18,726,91,1,17,827.06
18331,2025-02-25,306,26,2,19,288.22
18332,2025-07-28,654,59,3,14,537.08
18333,2025-09-10,250,63,2,21,698.41
18334,2025-05-06,797,2,6,8,396.29
18335,2025-10-06,68,14,6,3,120.99
18336,2025-06-06,622,51,3,13,701.52
18337,2025-01-17,176,118,7,7,853.91
18338,2025-03-28,283,110,6,14,566.41
18339,2025-05-16,178,76,3,24,1083.24
18340,2025-08-14,121,48,8,5,208.37
18341,2025-09-01,190,90,1,4,103.28
18342,2025-01-30,167,86,3,23,292.4
18343,2025-08-15,195,73,7,13,681.63
18344,2025-09-12,670,103,1,11,541.56
18345,2025-08-30,764,81,1,1,699.25
18346,2025-07-07,145,117,5,17,660.69
18347,2025-11-09,195,58,1,1,162.0
18348,2025-02-28,374,74,3,10,616.57
18349,2025-01-30,381,80,8,5,120.36
18350,2025-06-24,268,4,6,6,217.95
18351,2025-03-22,68,23,5,4,1066.76
18352,2025-04-21,313,17,7,19,887.01
18353,2025-02-07,99,90,1,10,103.28
18354,2025-03-02,370,76,3,1,902.11
18355,2025-08-15,785,7,4,17,208.51
18356,2025-02-06,683,92,5,11,819.55
18357,2025-02-17,259,44,3,9,151.78
18358,2025-08-13,426,35,8,12,172.76
18359,2025-10-23,126,66,1,15,440.23
18360,2025-08-11,791,44,3,8,218.2
18361,2025-12-25,225,65,3,21,876.37
18362,2025-02-05,479,45,7,3,473.11
18363,2025-12-13,148,78,3,16,170.95
18364,2025-11-29,83,120,1,18,522.32
18365,2025-08-02,408,48,6,19,233.8
18366,2025-04-08,222,47,5,14,633.91
18367,2025-01-05,653,92,5,11,720.0
18368,2025-06-22,275,67,4,23,497.05
18369,2025-03-19,469,19,6,19,601.21
18370,2025-03-21,777,61,1,5,876.54
18371,2025-10-23,531,109,5,18,63.88
18372,2025-05-11,71,55,4,16,817.43
18373,2025-04-23,360,19,1,14,532.62
18374,2025-01-17,42,115,6,8,692.91
18375,2025-03-30,540,81,3,21,710.45
18376,2025-07-25,61,47,5,24,902.85
18377,2025-03-09,399,66,3,13,322.83
18378,2025-09-25,489,29,2,11,433.22
18379,2025-01-26,481,78,5,20,194.78
18380,2025-03-30,635,71,1,2,468.21
18381,2025-06-30,335,58,1,21,200.73
18382,2025-07-08,118,68,3,11,1132.13
18383,2025-04-20,684,117,4,10,706.54
18384,2025-03-03,577,112,3,5,125.88
18385,2025-02-21,33,93,1,24,784.11
18386,2025-10-18,188,6,8,14,336.63
18387,2025-10-20,738,106,1,3,946.78
18388,2025-10-11,360,116,5,4,674.19
18389,2025-07-18,753,69,8,7,565.57
18390,2025-06-28,736,117,8,3,657.24
18391,2025-08-14,411,15,6,1,739.7
18392,2025-10-28,412,108,1,2,80.93
18393,2025-05-02,24,68,6,10,1023.18
18394,2025-11-19,537,97,5,19,178.9
18395,2025-05-22,191,26,1,17,206.89
18396,2025-10-03,640,100,8,24,252.25
18397,2025-04-05,729,32,6,16,1049.89
18398,2025-02-12,747,30,4,6,530.47
18399,2025-05-03,181,75,8,12,212.16
18400,2025-08-06,544,71,1,11,527.73
18401,2025-10-13,748,107,2,24,420.64
18402,2025-02-12,552,3,5,16,50.38
18403,2025-03-04,773,34,2,25,523.68
18404,2025-01-15,329,78,8,20,223.04
18405,2025-05-06,472,106,4,20,1140.86
18406,2025-11-08,375,76,3,22,1179.81
18407,2025-07-04,378,115,8,21,674.31
18408,2025-09-06,338,82,1,13,194.33
18409,2025-04-13,567,120,3,9,607.25
18410,2025-06-20,630,117,5,24,735.02
18411,2025-03-20,469,117,8,13,693.36
18412,2025-06-24,364,97,4,23,198.15
18413,2025-08-18,742,74,3,21,613.66
18414,2025-10-31,249,92,8,23,896.54
18415,2025-03-07,685,23,4,20,986.24
18416,2025-03-26,730,41,6,24,994.3
18417,2025-06-14,197,54,3,11,44.3
18418,2025-03-07,325,44,6,24,150.63
18419,2025-12-17,182,33,2,1,205.02
18420,2025-03-15,519,42,6,7,323.22
18421,2025-06-28,407,84,1,15,272.82
18422,2025-11-14,668,26,3,24,298.68
18423,2025-04-16,452,114,8,23,374.01
18424,2025-01-11,417,101,8,14,256.18
18425,2025-07-17,308,4,5,18,262.15
18426,2025-02-17,461,2,2,13,394.12
18427,2025-11-14,661,61,8,22,842.96
18428,2025-09-25,512,19,7,7,605.17
18429,2025-06-19,643,7,6,7,258.23
18430,2025-03-28,738,47,6,10,800.04
18431,2025-03-22,463,40,7,16,420.62
18432,2025-09-23,294,104,1,7,329.47
18433,2025-10-05,244,54,3,3,49.86
18434,2025-12-02,318,4,2,8,179.34
18435,2025-09-12,375,102,2,7,73.91
18436,2025-09-08,755,31,2,1,528.74
18437,2025-02-04,742,34,2,1,453.54
18438,2025-10-03,88,95,2,15,274.54
18439,2025-07-14,797,73,8,6,613.92
18440,2025-11-09,527,99,6,9,31.5
18441,2025-09-22,241,30,2,4,580.17
18442,2025-05-03,65,117,4,2,856.47
18443,2025-08-24,574,93,7,6,644.81
18444,2025-02-14,544,55,8,4,794.67
18445,2025-10-17,475,36,4,13,267.31
18446,2025-02-16,602,1,5,17,912.15
18447,2025-08-31,290,48,4,25,200.01
18448,2025-09-04,762,30,1,9,435.77
18449,2025-02-13,242,95,6,23,318.05
18450,2025-04-23,89,99,4,13,41.92
18451,2025-11-06,269,36,1,21,281.5
18452,2025-10-29,647,45,4,6,619.31
18453,2025-03-08,146,16,7,4,61.59
18454,2025-12-10,621,13,8,2,248.68
18455,2025-04-07,732,17,1,3,935.28
18456,2025-01-09,181,114,6,15,392.38
18457,2025-10-15,30,34,7,19,603.37
18458,2025-10-01,352,72,3,15,345.31
18459,2025-08-31,189,3,4,2,61.01
18460,2025-01-05,484,1,4,13,898.25
18461,2025-09-23,199,10,3,8,807.91
18462,2025-02-08,639,53,3,19,279.18
18463,2025-11-27,767,52,2,6,1080.46
18464,2025-07-13,592,102,5,4,73.37
18465,2025-07-16,757,65,8,15,830.83
18466,2025-06-09,305,20,4,8,362.53
18467,2025-12-25,460,9,7,21,778.9
18468,2025-12-15,281,72,1,15,433.83
18469,2025-01-05,648,45,1,25,522.77
18470,2025-10-08,663,88,4,2,751.04
18471,2025-09-03,380,9,7,9,833.64
18472,2025-04-15,794,4,1,14,179.87
18473,2025-01-17,785,99,2,24,37.38
18474,2025-08-09,610,30,4,25,475.71
18475,2025-11-18,555,82,2,13,186.27
18476,2025-07-02,331,64,3,9,224.13
18477,2025-03-26,498,9,2,17,804.86
18478,2025-11-26,177,41,3,2,857.75
18479,2025-02-05,545,27,8,1,378.79
18480,2025-07-13,552,47,8,9,846.34
18481,2025-06-22,148,40,5,25,468.08
18482,2025-07-26,359,77,7,14,98.0
18483,2025-10-15,786,54,2,19,43.14
18484,2025-12-11,568,33,4,11,202.68
18485,2025-12-18,86,87,5,22,375.89
18486,2025-01-12,301,66,7,23,360.06
18487,2025-01-15,596,27,5,24,507.41
18488,2025-01-09,641,83,1,17,665.61
18489,2025-08-08,760,34,4,14,496.84
18490,2025-04-09,460,85,5,10,212.09
18491,2025-07-03,254,23,2,3,1152.41
18492,2025-02-22,95,77,1,16,107.7
18493,2025-07-02,77,62,1,15,312.2
18494,2025-02-02,742,53,7,4,336.21
18495,2025-08-25,22,52,3,23,724.62
18496,2025-02-13,731,42,3,13,313.99
18497,2025-07-28,409,66,5,12,324.53
18498,2025-06-10,483,75,7,23,196.6
18499,2025-04-15,273,87,1,9,577.84
18500,2025-10-06,442,16,4,24,43.61
18501,2025-06-09,545,66,6,25,317.57
18502,2025-06-19,125,59,4,5,625.61
18503,2025-06-15,315,26,7,20,273.82
18504,2025-02-08,357,23,5,3,847.42
18505,2025-03-06,348,31,3,24,450.7
18506,2025-03-30,361,99,2,24,39.86
18507,2025-09-26,139,100,6,3,298.59
18508,2025-07-21,243,82,4,5,207.33
18509,2025-08-26,739,59,7,16,684.14
18510,2025-05-07,355,104,6,4,284.15
18511,2025-10-10,440,114,6,24,284.89
18512,2025-10-04,395,113,4,20,918.5
18513,2025-10-11,324,72,8,2,435.55
18514,2025-04-20,28,90,3,1,113.44
18515,2025-07-12,218,11,2,24,880.38
18516,2025-11-19,422,59,2,21,574.15
18517,2025-08-09,277,89,4,14,61.94
18518,2025-07-17,107,45,6,9,510.1
18519,2025-06-24,106,110,7,19,762.5
18520,2025-09-22,665,37,7,17,72.97
18521,2025-04-11,642,36,7,25,337.08
18522,2025-11-06,27,102,3,24,73.75
18523,2025-05-23,599,68,6,13,966.05
18524,2025-11-04,221,56,4,25,590.85
18525,2025-08-02,360,72,4,15,475.97
18526,2025-10-26,414,6,3,10,359.12
18527,2025-07-24,121,19,1,16,466.99
18528,2025-01-30,158,101,6,8,227.33
18529,2025-02-11,647,12,1,4,405.81
18530,2025-04-23,253,17,4,17,845.39
18531,2025-10-02,183,119,7,15,552.58
18532,2025-07-05,3,43,5,16,358.07
18533,2025-10-10,521,71,5,11,406.72
18534,2025-03-06,601,84,6,16,320.35
18535,2025-04-03,714,54,3,21,46.33
18536,2025-03-06,757,54,8,8,37.46
18537,2025-07-27,495,98,2,8,230.06
18538,2025-11-22,1,116,5,12,892.92
18539,2025-03-29,275,12,6,19,320.88
18540,2025-11-29,740,48,4,15,263.21
18541,2025-07-24,474,37,4,19,53.3
18542,2025-03-12,269,52,3,3,772.29
18543,2025-01-08,720,1,8,5,872.22
18544,2025-02-14,422,104,1,11,292.34
18545,2025-12-08,621,114,2,13,305.42
18546,2025-05-04,299,59,2,17,651.33
18547,2025-05-22,7,107,1,20,539.87
18548,2025-04-25,307,67,3,13,544.77
18549,2025-06-10,87,22,4,11,152.38
18550,2025-02-06,498,46,5,23,340.49
18551,2025-09-10,641,48,4,13,253.99
18552,2025-09-19,215,35,3,13,194.56
18553,2025-05-30,549,32,1,25,691.5
18554,2025-12-27,558,82,5,20,179.03
18555,2025-09-03,766,93,3,3,696.13
18556,2025-06-20,716,63,8,7,586.96
18557,2025-09-21,84,81,5,2,600.03
18558,2025-10-21,696,63,6,23,655.4
18559,2025-06-13,71,53,3,18,313.8
18560,2025-05-26,160,105,7,11,351.83
18561,2025-09-30,207,19,1,2,604.22
18562,2025-12-24,442,70,4,3,741.04
18563,2025-03-14,26,29,6,10,328.55
18564,2025-08-15,118,43,7,1,351.73
18565,2025-04-20,722,118,5,21,1071.72
18566,2025-05-25,592,26,4,19,242.46
18567,2025-07-20,198,81,5,23,837.51
18568,2025-07-19,540,50,4,22,986.61
18569,2025-10-24,391,36,2,8,214.85
18570,2025-09-05,533,107,3,13,396.31
18571,2025-03-15,427,51,5,22,1066.71
18572,2025-05-29,11,8,2,5,963.99
18573,2025-01-10,691,35,2,11,211.6
18574,2025-12-15,634,13,7,18,213.78
18575,2025-01-09,316,115,4,24,712.1
18576,2025-12-15,111,37,3,7,65.13
18577,2025-05-29,614,115,4,13,725.2
18578,2025-02-16,662,107,6,23,379.52
18579,2025-02-23,762,110,2,22,819.3
18580,2025-08-11,571,84,3,1,423.77
18581,2025-11-02,747,36,3,24,320.63
18582,2025-03-21,531,112,6,8,144.0
18583,2025-03-08,417,35,8,5,215.49
18584,2025-10-27,50,86,7,2,259.89
18585,2025-08-25,331,59,1,8,667.22
18586,2025-03-30,519,119,8,10,541.0
18587,2025-02-17,516,110,3,19,743.03
18588,2025-10-20,470,31,2,9,675.16
18589,2025-09-15,584,93,6,13,697.03
18590,2025-05-06,457,92,7,24,858.65
18591,2025-12-22,460,93,6,11,641.44
18592,2025-04-04,158,66,7,20,424.94
18593,2025-02-15,548,105,1,9,295.34
18594,2025-06-09,54,19,4,9,431.52
18595,2025-01-23,313,34,1,1,513.58
18596,2025-04-17,651,86,3,3,304.31
18597,2025-06-01,486,44,7,23,190.74
18598,2025-04-25,241,71,8,25,589.28
18599,2025-07-17,675,31,1,19,542.45
18600,2025-09-09,545,62,4,7,250.18
18601,2025-05-05,386,77,2,4,105.49
18602,2025-03-09,698,39,8,23,257.1
18603,2025-07-08,30,42,1,14,487.78
18604,2025-11-24,432,113,5,9,643.15
18605,2025-06-24,27,26,7,25,290.18
18606,2025-09-13,175,41,4,20,667.87
18607,2025-11-23,624,82,5,3,135.99
18608,2025-12-18,329,80,4,19,116.5
18609,2025-10-22,325,119,3,14,469.4
18610,2025-03-04,121,20,6,8,508.86
18611,2025-12-07,517,68,8,25,1112.07
18612,2025-07-05,417,120,7,9,625.52
18613,2025-05-24,235,39,6,15,255.27
18614,2025-08-02,632,85,8,24,214.67
18615,2025-07-14,409,31,1,15,509.93
18616,2025-03-27,232,37,1,1,66.28
18617,2025-05-20,666,19,5,10,641.51
18618,2025-03-11,213,56,5,2,479.48
18619,2025-12-23,305,111,5,20,353.79
18620,2025-03-22,607,35,1,23,193.07
18621,2025-04-29,248,51,6,16,901.28
18622,2025-01-06,340,51,7,24,991.5
18623,2025-05-16,6,58,6,12,201.38
18624,2025-02-14,387,2,2,12,401.57
18625,2025-10-10,356,118,5,21,922.93
18626,2025-06-01,98,45,6,19,678.81
18627,2025-07-23,202,1,8,22,868.18
18628,2025-09-26,533,12,5,5,391.52
18629,2025-11-30,725,49,6,7,343.99
18630,2025-06-15,437,35,6,18,220.35
18631,2025-11-03,75,90,4,10,155.58
18632,2025-09-10,203,29,4,15,340.45
18633,2025-08-25,644,27,5,21,378.4
18634,2025-05-31,449,52,8,4,1077.93
18635,2025-04-20,418,92,4,17,854.01
18636,2025-09-03,651,88,1,14,683.47
18637,2025-06-15,540,34,6,5,550.49
18638,2025-05-02,445,90,7,23,110.8
18639,2025-11-15,765,41,8,11,788.26
18640,2025-07-19,63,63,8,21,841.03
18641,2025-05-10,114,92,3,20,864.41
18642,2025-05-15,461,38,6,22,136.15
18643,2025-12-13,37,26,4,3,296.13
18644,2025-12-24,726,73,5,8,544.76
18645,2025-01-05,301,56,3,2,559.64
18646,2025-08-30,615,32,5,18,916.39
18647,2025-02-21,698,74,3,6,605.41
18648,2025-07-29,516,55,1,19,898.13
18649,2025-10-08,420,99,3,3,39.08
18650,2025-05-22,49,16,3,15,44.04
18651,2025-08-29,644,94,2,23,54.68
18652,2025-02-22,185,57,7,10,947.44
18653,2025-12-31,14,71,2,5,431.93
18654,2025-04-19,551,93,4,20,753.41
18655,2025-08-15,4,77,3,4,127.28
18656,2025-10-02,624,10,3,22,619.7
18657,2025-07-09,117,80,2,7,134.76
18658,2025-04-29,129,93,3,13,785.88
18659,2025-04-13,455,7,7,11,232.61
18660,2025-01-10,81,37,5,22,53.55
18661,2025-02-24,781,34,6,21,588.56
18662,2025-01-01,610,44,1,3,229.07
18663,2025-09-04,596,23,4,11,1002.94
18664,2025-12-23,772,116,4,9,640.35
18665,2025-11-24,138,33,4,3,201.45
18666,2025-04-19,5,9,5,22,755.63
18667,2025-12-24,133,110,2,3,865.77
18668,2025-06-05,120,48,6,22,256.8
18669,2025-05-02,612,47,4,12,876.51
18670,2025-12-01,464,103,2,17,409.85
18671,2025-03-25,484,35,5,5,210.85
18672,2025-02-13,560,105,4,10,271.89
18673,2025-02-11,73,32,3,1,742.69
18674,2025-11-14,589,20,3,8,415.05
18675,2025-09-02,68,27,7,4,491.21
18676,2025-11-24,35,55,8,2,723.51
18677,2025-03-27,198,45,1,12,559.18
18678,2025-07-23,681,53,1,25,357.65
18679,2025-09-03,513,117,4,13,995.05
18680,2025-09-19,588,85,2,25,215.86
18681,2025-03-30,339,114,4,8,385.4
18682,2025-04-25,226,91,1,11,1147.4
18683,2025-10-29,509,38,8,23,162.9
18684,2025-08-06,711,104,6,4,369.7
18685,2025-07-15,156,103,2,13,524.53
18686,2025-07-25,659,27,2,15,400.32
18687,2025-07-06,628,104,1,10,392.15
18688,2025-05-13,269,88,4,8,912.42
18689,2025-11-14,401,54,8,4,37.89
18690,2025-12-05,226,86,3,21,313.02
18691,2025-02-10,271,77,5,23,116.3
18692,2025-01-08,707,73,8,23,582.55
18693,2025-08-29,138,21,7,19,363.77
18694,2025-03-25,63,69,2,12,427.31
18695,2025-04-08,172,71,2,8,504.22
18696,2025-10-20,706,69,8,1,578.6
18697,2025-09-10,653,63,7,16,765.47
18698,2025-10-16,78,16,3,20,43.74
18699,2025-08-07,717,40,3,7,390.22
18700,2025-05-15,748,15,2,6,719.0
18701,2025-12-09,96,85,6,24,241.23
18702,2025-10-03,526,86,2,15,323.38
18703,2025-09-11,748,29,3,10,332.42
18704,2025-09-01,589,83,1,9,773.61
18705,2025-12-01,653,4,3,12,201.62
18706,2025-01-26,620,75,1,20,187.44
18707,2025-09-27,192,104,2,21,437.65
18708,2025-05-28,168,59,8,21,716.12
18709,2025-06-16,3,68,4,10,787.03
18710,2025-11-29,305,99,2,6,39.92
18711,2025-11-28,567,22,3,11,145.93
18712,2025-04-17,485,26,3,12,309.59
18713,2025-01-18,497,45,2,7,460.96
18714,2025-09-01,623,12,2,15,400.2
18715,2025-12-02,770,15,5,7,677.07
18716,2025-12-14,713,29,5,19,357.5
18717,2025-10-12,416,113,8,7,802.91
18718,2025-11-06,648,33,5,21,219.57
18719,2025-10-08,356,83,5,15,753.71
18720,2025-02-08,399,79,6,25,350.0
18721,2025-06-07,201,82,1,1,197.08
18722,2025-06-25,189,37,7,20,51.33
18723,2025-07-01,630,49,6,19,527.89
18724,2025-01-18,616,119,7,10,472.13
18725,2025-10-19,100,106,6,3,1153.61
18726,2025-05-02,39,118,5,23,1027.11
18727,2025-09-29,419,36,7,19,289.49
18728,2025-02-04,116,65,8,4,770.39
18729,2025-08-09,204,48,3,10,220.27
18730,2025-06-14,55,83,7,14,809.63
18731,2025-06-06,707,72,8,16,297.78
18732,2025-09-17,226,62,6,9,296.49
18733,2025-11-05,610,107,1,20,430.84
18734,2025-05-21,214,116,6,23,869.34
18735,2025-07-18,740,53,3,18,305.83
18736,2025-05-08,775,94,5,18,62.11
18737,2025-08-31,240,94,1,2,67.46
18738,2025-12-04,349,55,3,22,903.68
18739,2025-10-11,571,82,5,5,193.55
18740,2025-03-18,142,12,5,16,419.91
18741,2025-06-25,530,97,3,9,215.46
18742,2025-04-21,543,116,8,14,789.97
18743,2025-12-14,471,48,6,15,213.12
18744,2025-08-02,695,70,4,12,834.91
18745,2025-04-20,175,27,3,13,433.59
18746,2025-01-22,106,84,8,12,367.79
18747,2025-02-07,798,31,7,14,465.78
18748,2025-03-31,374,73,4,4,563.32
18749,2025-09-07,670,14,8,25,110.5
18750,2025-08-02,747,120,4,22,668.32
18751,2025-08-17,348,75,4,24,216.87
18752,2025-06-02,141,55,4,24,971.2
18753,2025-06-27,291,94,8,6,68.38
18754,2025-01-14,254,87,1,14,547.98
18755,2025-05-20,185,57,5,23,748.18
18756,2025-11-23,443,58,5,16,178.24
18757,2025-07-13,518,2,6,10,278.01
18758,2025-01-08,396,34,6,10,680.0
18759,2025-06-26,793,84,5,19,322.93
18760,2025-02-24,760,7,4,3,205.18
18761,2025-04-28,37,1,1,16,919.09
18762,2025-11-12,562,1,3,8,902.93
18763,2025-10-31,664,9,7,18,731.08
18764,2025-05-26,799,44,6,10,149.58
18765,2025-06-04,485,14,2,21,103.29
18766,2025-09-26,163,71,6,4,558.43
18767,2025-05-09,672,31,8,18,551.02
18768,2025-06-04,479,73,4,16,706.88
18769,2025-01-27,292,52,7,19,793.89
18770,2025-04-19,150,116,3,5,902.87
18771,2025-04-28,654,77,4,11,94.37
18772,2025-04-16,1,11,3,17,590.72
18773,2025-03-05,573,60,2,3,122.33
18774,2025-03-21,489,82,8,7,202.74
18775,2025-08-16,391,114,4,17,320.98
18776,2025-09-01,760,4,8,7,208.51
18777,2025-03-22,620,72,3,4,378.8
18778,2025-02-06,464,11,3,15,673.5
18779,2025-10-08,514,44,2,19,186.77
18780,2025-09-11,226,22,7,5,140.72
18781,2025-08-21,506,42,2,23,461.77
18782,2025-02-04,703,33,8,12,198.61
18783,2025-03-01,714,59,4,23,605.71
18784,2025-03-12,736,6,8,9,333.65
18785,2025-12-07,385,25,4,14,430.82
18786,2025-08-11,277,61,5,18,1060.57
18787,2025-02-17,752,14,8,25,142.95
18788,2025-01-23,214,102,6,17,70.54
18789,2025-10-26,237,43,8,25,274.17
18790,2025-06-12,131,96,7,12,596.14
18791,2025-09-28,619,25,8,5,625.23
18792,2025-08-06,379,91,2,11,736.99
18793,2025-01-10,636,78,6,16,178.2
18794,2025-07-22,522,23,6,17,1139.02
18795,2025-04-02,143,101,8,13,192.83
18796,2025-12-27,129,20,1,14,495.49
18797,2025-06-22,117,82,2,19,189.72
18798,2025-04-24,33,70,8,20,678.02
18799,2025-01-22,416,25,8,8,647.44
18800,2025-09-07,394,71,5,11,490.02
18801,2025-09-08,72,70,4,4,721.28
18802,2025-05-23,588,74,6,18,426.82
18803,2025-08-21,549,15,6,23,723.44
18804,2025-12-12,69,52,5,13,1041.67
18805,2025-08-25,417,59,7,19,513.57
18806,2025-05-24,131,75,7,11,182.47
18807,2025-09-26,569,28,3,5,615.91
18808,2025-11-30,546,103,6,3,448.89
18809,2025-05-14,6,100,1,5,262.79
18810,2025-03-12,569,76,5,12,930.45
18811,2025-05-02,521,58,2,19,157.46
18812,2025-05-05,438,100,4,18,292.62
18813,2025-07-20,532,4,7,10,215.97
18814,2025-12-28,63,50,1,23,740.44
18815,2025-08-14,704,43,8,3,371.11
18816,2025-12-30,505,81,6,20,610.23
18817,2025-04-13,782,48,6,2,279.78
18818,2025-03-19,606,71,7,21,500.17
18819,2025-08-04,465,19,5,7,537.15
18820,2025-06-05,516,19,7,24,553.83
18821,2025-01-13,318,77,7,8,124.57
18822,2025-10-27,791,17,1,15,782.23
18823,2025-06-03,160,12,5,12,342.77
18824,2025-08-10,84,104,2,19,395.58
18825,2025-08-14,450,22,6,15,118.28
18826,2025-12-08,151,78,5,25,251.15
18827,2025-05-09,732,27,5,13,396.49
18828,2025-01-14,183,68,6,16,1031.6
18829,2025-12-29,578,71,8,8,433.66
18830,2025-03-05,31,12,6,15,350.84
18831,2025-01-13,326,50,4,22,887.91
18832,2025-10-03,375,29,4,13,334.64
18833,2025-10-22,83,51,8,13,1043.49
18834,2025-01-11,526,61,3,22,825.15
18835,2025-09-13,374,38,7,24,170.3
18836,2025-12-19,88,57,2,23,880.94
18837,2025-07-28,700,86,4,22,283.25
18838,2025-01-01,422,60,1,13,114.53
18839,2025-06-11,234,99,6,18,37.45
18840,2025-08-16,143,50,2,5,788.56
18841,2025-08-17,593,2,7,10,385.83
18842,2025-02-01,133,41,3,23,858.24
18843,2025-04-07,669,99,8,2,33.66
18844,2025-12-18,324,56,6,6,507.64
18845,2025-02-21,64,12,3,7,385.72
18846,2025-12-13,311,65,4,22,809.63
18847,2025-09-25,381,103,7,18,520.97
18848,2025-09-23,321,41,5,6,826.17
18849,2025-01-10,781,91,8,13,854.97
18850,2025-01-28,485,105,5,7,295.35
18851,2025-12-27,235,119,3,4,411.8
18852,2025-04-01,33,23,2,20,975.25
18853,2025-09-17,59,38,6,13,127.6
18854,2025-01-13,254,59,5,25,541.51
18855,2025-10-21,361,61,1,9,936.63
18856,2025-07-21,754,12,7,6,387.98
18857,2025-12-21,201,96,4,12,855.25
18858,2025-03-26,572,7,4,12,176.34
18859,2025-05-27,637,19,3,6,458.83
18860,2025-06-12,493,100,6,23,276.74
18861,2025-10-28,188,14,3,17,122.73
18862,2025-07-24,578,58,4,24,183.37
18863,2025-07-14,613,8,5,8,773.04
18864,2025-05-09,652,90,3,12,116.36
18865,2025-02-25,450,84,7,5,418.75
18866,2025-01-30,532,84,1,1,347.45
18867,2025-03-13,124,31,6,13,601.04
18868,2025-01-22,121,70,7,6,773.33
18869,2025-12-02,685,9,1,9,688.68
18870,2025-11-16,652,93,5,24,857.98
18871,2025-10-12,710,65,6,23,832.09
18872,2025-09-18,519,11,7,8,794.64
18873,2025-08-30,379,6,8,9,423.19
18874,2025-05-16,364,98,1,1,275.86
18875,2025-11-11,741,99,1,5,33.6
18876,2025-04-03,354,26,6,24,213.09
18877,2025-12-20,406,9,3,2,870.2
18878,2025-06-03,278,1,1,19,774.04
18879,2025-03-09,298,114,1,13,247.28
18880,2025-07-16,748,84,5,23,362.69
18881,2025-11-12,573,46,2,10,401.37
18882,2025-07-21,605,115,1,23,682.3
18883,2025-07-02,749,72,3,24,312.83
18884,2025-06-12,790,84,6,12,362.66
18885,2025-12-03,401,51,4,4,806.31
18886,2025-03-06,647,106,4,19,865.26
18887,2025-11-22,256,93,8,23,708.33
18888,2025-02-20,778,36,2,25,243.84
18889,2025-01-23,432,120,5,25,554.28
18890,2025-08-17,631,61,6,13,763.84
18891,2025-08-19,319,112,1,14,121.16
18892,2025-05-26,745,118,3,16,1061.95
18893,2025-02-12,644,43,8,4,351.36
18894,2025-07-12,9,83,6,23,652.77
18895,2025-10-19,719,45,1,24,551.1
18896,2025-10-07,12,29,6,9,403.86
18897,2025-04-24,401,29,4,19,407.97
18898,2025-01-21,112,62,2,17,274.84
18899,2025-12-26,465,27,6,12,441.09
18900,2025-01-20,285,83,3,16,638.54
18901,2025-06-19,14,50,1,18,887.13
18902,2025-12-30,749,78,7,9,242.48
18903,2025-07-27,268,71,4,12,519.33
18904,2025-12-05,197,18,8,24,599.16
18905,2025-01-05,197,80,4,13,139.1
18906,2025-07-07,737,110,3,11,827.89
18907,2025-01-22,370,51,6,11,901.3
18908,2025-12-13,621,17,5,22,902.3
18909,2025-07-21,398,5,2,23,869.02
18910,2025-07-07,319,65,1,12,847.91
18911,2025-08-10,586,51,4,25,1073.88
18912,2025-10-17,640,73,8,22,574.03
18913,2025-11-13,241,54,5,15,34.35
18914,2025-02-24,311,83,4,19,1016.05
18915,2025-09-28,421,34,3,11,675.29
18916,2025-03-22,359,37,4,3,53.81
18917,2025-08-21,799,17,1,14,850.34
18918,2025-03-22,610,6,5,22,412.35
18919,2025-01-26,64,79,4,14,362.53
18920,2025-01-14,497,2,7,22,292.05
18921,2025-01-04,358,74,5,11,533.94
18922,2025-01-14,747,26,8,17,217.92
18923,2025-09-13,295,99,3,25,37.82
18924,2025-07-05,306,33,8,13,213.76
18925,2025-02-02,697,2,1,13,363.19
18926,2025-08-29,786,67,1,22,597.77
18927,2025-04-12,187,30,1,14,516.22
18928,2025-09-03,214,37,7,2,56.32
18929,2025-03-05,3,61,8,5,1050.36
18930,2025-09-07,207,108,8,11,81.41
18931,2025-11-08,207,117,5,11,992.52
18932,2025-06-09,389,42,1,19,310.31
18933,2025-11-22,169,60,3,24,136.94
18934,2025-02-19,520,2,6,5,403.73
18935,2025-12-21,163,42,5,2,468.84
18936,2025-06-06,745,118,3,21,828.12
18937,2025-11-11,234,120,6,5,727.79
18938,2025-01-28,439,68,7,3,796.38
18939,2025-11-17,769,94,3,3,64.57
18940,2025-12-16,424,11,4,13,890.92
18941,2025-05-04,303,44,5,2,167.79
18942,2025-03-04,253,105,6,9,296.67
18943,2025-02-21,336,38,3,18,191.22
18944,2025-08-04,771,29,2,21,340.44
18945,2025-04-29,322,52,6,21,758.04
18946,2025-07-21,684,108,2,23,86.28
18947,2025-08-06,398,99,3,21,49.28
18948,2025-05-04,343,22,5,11,164.3
18949,2025-05-23,608,68,8,11,1001.41
18950,2025-08-07,302,10,4,20,605.89
18951,2025-02-13,344,106,2,14,953.46
18952,2025-06-03,627,29,2,25,347.47
18953,2025-11-13,627,7,6,5,230.97
18954,2025-03-25,607,93,6,1,830.03
18955,2025-07-14,709,2,2,13,326.07
18956,2025-06-20,257,7,6,5,198.51
18957,2025-09-13,289,99,6,2,32.04
18958,2025-09-09,443,75,7,4,145.64
18959,2025-10-07,414,118,4,9,1079.15
18960,2025-04-22,481,29,7,8,365.57
18961,2025-03-30,417,102,2,5,73.19
18962,2025-06-10,483,115,5,4,715.82
18963,2025-11-18,192,116,4,3,801.43
18964,2025-01-18,428,113,3,7,643.66
18965,2025-12-01,217,23,8,20,1237.59
18966,2025-11-29,576,12,3,15,394.22
18967,2025-07-04,318,64,5,14,181.52
18968,2025-01-27,380,15,6,10,561.33
18969,2025-07-26,411,57,8,19,842.89
18970,2025-09-14,79,19,6,24,538.07
18971,2025-11-18,571,106,4,2,1110.15
18972,2025-01-17,114,20,5,18,371.52
18973,2025-08-31,123,98,7,20,308.07
18974,2025-12-19,698,55,7,8,817.83
18975,2025-10-16,531,57,5,17,770.94
18976,2025-12-21,499,27,3,17,333.67
18977,2025-08-08,62,31,3,7,669.49
18978,2025-03-07,579,103,2,17,456.61
18979,2025-07-25,488,23,1,14,1117.81
18980,2025-03-23,31,26,2,10,245.3
18981,2025-10-13,796,119,4,22,476.65
18982,2025-01-02,86,78,2,7,271.87
18983,2025-05-02,114,11,7,18,659.87
18984,2025-08-18,707,24,8,2,682.46
18985,2025-12-02,292,18,7,20,381.93
18986,2025-08-15,595,12,1,21,366.52
18987,2025-08-10,354,3,4,10,49.35
18988,2025-10-19,199,18,5,16,401.32
18989,2025-01-22,488,36,5,20,244.39
18990,2025-07-02,270,82,1,4,194.48
18991,2025-01-16,794,95,1,24,315.39
18992,2025-06-26,311,9,5,3,678.5
18993,2025-12-06,121,74,2,1,491.95
18994,2025-04-27,231,4,6,15,268.5
18995,2025-07-10,404,94,3,5,44.4
18996,2025-05-26,446,39,4,20,245.62
18997,2025-11-27,410,100,4,16,276.87
18998,2025-02-06,108,23,7,4,925.27
18999,2025-12-18,120,116,4,9,597.35
19000,2025-01-29,421,57,1,1,690.66
19001,2025-08-18,598,73,7,17,727.89
19002,2025-04-17,24,102,7,23,76.96
19003,2025-03-11,70,65,5,20,995.14
19004,2025-04-03,787,68,8,14,798.83
19005,2025-01-17,575,26,4,12,302.93
19006,2025-02-11,379,96,8,4,637.44
19007,2025-02-07,196,63,5,24,910.6
19008,2025-08-19,472,51,4,5,844.39
19009,2025-07-20,666,25,1,14,498.72
19010,2025-02-05,635,52,3,10,1085.99
19011,2025-03-21,277,65,4,15,905.03
19012,2025-08-05,58,118,4,14,869.55
19013,2025-05-23,416,76,2,3,943.22
19014,2025-03-17,313,94,5,22,66.38
19015,2025-10-12,561,114,6,13,368.49
19016,2025-01-03,70,54,1,19,53.94
19017,2025-03-08,659,30,5,16,633.78
19018,2025-08-30,443,74,7,3,592.35
19019,2025-11-10,329,110,6,3,787.36
19020,2025-03-12,627,105,5,10,246.5
19021,2025-02-03,143,68,3,3,1026.72
19022,2025-10-21,553,83,5,5,750.45
19023,2025-08-22,341,83,2,17,959.64
19024,2025-03-17,370,89,6,12,52.74
19025,2025-10-23,186,41,8,8,742.33
19026,2025-07-27,301,99,6,3,38.75
19027,2025-11-17,141,53,2,5,248.46
19028,2025-06-24,764,87,4,11,384.29
19029,2025-10-29,260,42,3,22,350.96
19030,2025-12-17,185,35,3,6,214.48
19031,2025-03-01,212,36,3,25,229.61
19032,2025-12-11,10,70,8,17,727.62
19033,2025-07-03,393,89,6,24,76.05
19034,2025-02-16,357,4,3,21,194.94
19035,2025-08-08,671,58,8,13,179.54
19036,2025-06-17,15,68,7,9,763.67
19037,2025-04-24,679,75,2,3,187.55
19038,2025-04-03,507,111,8,16,318.9
19039,2025-11-22,143,79,3,2,372.79
19040,2025-04-27,117,39,1,24,172.38
19041,2025-08-03,434,53,8,8,339.38
19042,2025-01-22,520,26,2,14,239.04
19043,2025-12-29,537,66,5,25,327.27
19044,2025-06-02,371,74,2,10,648.24
19045,2025-02-06,200,72,8,21,394.92
19046,2025-05-09,643,25,7,17,468.45
19047,2025-01-30,713,6,5,18,391.43
19048,2025-10-24,356,62,8,3,311.36
19049,2025-08-16,534,29,8,22,389.6
19050,2025-12-28,194,27,3,1,371.47
19051,2025-12-06,679,56,1,12,659.46
19052,2025-01-04,667,65,7,11,1011.57
19053,2025-10-15,190,91,5,10,883.46
19054,2025-05-05,670,44,6,12,231.59
19055,2025-01-28,573,109,6,22,49.59
19056,2025-06-18,509,38,4,12,160.86
19057,2025-09-22,594,96,7,8,656.98
19058,2025-07-14,34,55,1,11,1008.41
19059,2025-08-12,187,9,2,24,804.47
19060,2025-04-17,693,120,3,25,715.87
19061,2025-07-20,18,42,3,3,310.37
19062,2025-01-11,759,99,8,22,40.78
19063,2025-05-25,782,7,8,8,166.4
19064,2025-06-20,619,1,5,17,607.35
19065,2025-02-17,247,119,7,21,429.33
19066,2025-12-11,758,104,1,11,388.67
19067,2025-11-16,124,51,2,24,815.17
19068,2025-11-09,118,55,4,4,838.83
19069,2025-12-25,257,41,3,5,939.54
19070,2025-07-11,215,3,7,2,56.36
19071,2025-11-14,767,100,3,9,190.76
19072,2025-07-29,446,47,2,3,743.14
19073,2025-09-24,279,39,4,19,211.53
19074,2025-06-05,432,52,8,16,986.33
19075,2025-01-21,668,77,8,17,119.94
19076,2025-03-08,248,87,7,3,425.72
19077,2025-07-19,143,24,1,25,789.56
19078,2025-11-07,656,32,2,22,1045.45
19079,2025-02-11,736,46,6,21,404.28
19080,2025-01-04,252,108,2,1,73.02
19081,2025-06-07,223,47,1,1,849.83
19082,2025-03-08,525,80,1,19,110.71
19083,2025-04-17,276,64,4,16,200.27
19084,2025-04-01,291,59,3,20,544.78
19085,2025-03-23,221,114,8,19,325.13
19086,2025-04-11,674,99,1,20,42.54
19087,2025-04-12,489,86,7,3,328.22
19088,2025-08-31,2,103,6,24,491.26
19089,2025-09-20,197,72,4,9,464.27
19090,2025-08-25,634,55,7,23,942.71
19091,2025-04-21,646,29,8,21,337.27
19092,2025-07-07,666,42,3,17,450.11
19093,2025-05-26,546,30,2,7,564.9
19094,2025-12-06,437,36,2,20,331.52
19095,2025-06-30,75,33,1,14,222.15
19096,2025-04-16,72,48,7,19,275.12
19097,2025-12-01,764,104,3,2,427.74
19098,2025-07-17,19,120,6,23,739.26
19099,2025-12-16,646,57,2,7,826.19
19100,2025-11-09,87,106,4,13,1038.91
19101,2025-06-07,464,49,4,2,394.05
19102,2025-11-05,522,84,4,9,373.5
19103,2025-12-12,769,111,3,2,386.26
19104,2025-09-05,336,109,7,21,58.62
19105,2025-07-06,733,70,2,25,678.79
19106,2025-03-04,798,1,8,17,621.37
19107,2025-10-26,394,102,3,20,68.98
19108,2025-06-10,230,114,5,13,278.05
19109,2025-08-15,237,55,1,22,933.96
19110,2025-02-23,301,11,2,9,741.7
19111,2025-05-07,779,9,6,23,715.66
19112,2025-04-01,283,24,5,12,747.12
19113,2025-05-12,513,59,1,18,560.86
19114,2025-10-24,254,53,2,8,315.91
19115,2025-09-24,564,21,7,13,471.68
19116,2025-01-20,2,6,8,5,370.9
19117,2025-04-07,701,84,8,13,339.29
19118,2025-12-12,699,22,6,5,156.06
19119,2025-07-24,411,102,2,6,70.58
19120,2025-07-18,33,4,1,4,248.75
19121,2025-02-09,19,88,1,21,669.78
19122,2025-12-25,680,82,3,17,174.56
19123,2025-10-05,373,17,2,18,933.0
19124,2025-07-24,660,85,2,13,163.86
19125,2025-04-11,416,71,3,22,584.21
19126,2025-05-23,738,37,3,4,71.44
19127,2025-01-15,706,74,4,17,553.64
19128,2025-03-25,534,57,1,5,829.23
19129,2025-11-08,587,82,6,12,156.58
19130,2025-05-17,796,34,4,18,573.28
19131,2025-11-09,701,15,5,18,862.84
19132,2025-12-01,599,57,8,1,797.38
19133,2025-12-20,551,32,4,5,1005.32
19134,2025-11-23,73,37,4,12,53.44
19135,2025-04-20,235,37,7,7,51.81
19136,2025-08-28,177,21,2,6,459.8
19137,2025-12-25,602,20,5,4,389.55
19138,2025-05-01,766,7,8,8,185.89
19139,2025-06-16,307,107,7,6,523.33
19140,2025-11-03,633,48,5,12,254.27
19141,2025-10-05,330,71,3,12,556.76
19142,2025-09-10,544,13,7,18,191.91
19143,2025-11-12,549,19,6,19,520.14
19144,2025-12-10,591,36,6,2,238.46
19145,2025-04-04,235,66,7,2,451.97
19146,2025-04-06,313,53,4,5,346.47
19147,2025-06-08,92,108,7,17,80.63
19148,2025-10-04,137,60,4,21,120.02
19149,2025-09-09,547,9,3,8,914.8
19150,2025-09-27,28,32,7,13,689.33
19151,2025-09-06,744,21,2,25,348.46
19152,2025-10-05,56,54,1,5,38.18
19153,2025-12-21,108,6,3,8,395.76
19154,2025-01-28,359,29,3,10,393.35
19155,2025-04-04,444,12,3,18,435.0
19156,2025-08-06,365,59,2,10,677.24
19157,2025-02-17,487,116,3,22,750.43
19158,2025-01-19,664,17,3,13,939.7
19159,2025-10-17,266,31,8,11,537.25
19160,2025-12-04,129,32,7,7,926.79
19161,2025-08-25,168,111,4,8,348.24
19162,2025-06-26,389,106,1,14,922.54
19163,2025-09-27,167,74,3,20,652.11
19164,2025-08-04,481,67,5,21,483.26
19165,2025-10-05,309,26,2,25,302.03
19166,2025-04-30,610,71,3,25,456.65
19167,2025-06-27,168,83,5,18,827.07
19168,2025-09-17,12,61,6,7,825.14
19169,2025-06-11,152,8,3,14,1163.59
19170,2025-03-24,545,96,7,17,624.94
19171,2025-11-16,628,114,6,7,289.47
19172,2025-08-11,482,38,4,22,135.02
19173,2025-10-21,780,48,7,22,281.44
19174,2025-10-26,291,90,6,5,128.67
19175,2025-04-27,520,44,2,20,195.97
19176,2025-06-18,638,77,2,11,133.29
19177,2025-12-24,72,6,8,19,353.39
19178,2025-05-08,255,85,1,10,251.85
19179,2025-04-27,271,10,4,10,728.72
19180,2025-02-07,743,58,6,4,132.73
19181,2025-06-12,791,82,7,8,214.55
19182,2025-01-10,221,24,5,15,620.59
19183,2025-07-27,261,101,7,4,248.62
19184,2025-09-02,42,80,8,16,121.92
19185,2025-12-22,333,99,3,7,33.59
19186,2025-11-05,143,91,1,1,1114.16
19187,2025-08-27,304,92,1,10,925.29
19188,2025-06-21,273,78,4,24,219.28
19189,2025-05-12,625,33,4,18,191.97
19190,2025-09-03,312,91,1,11,1055.18
19191,2025-04-07,302,109,5,5,46.0
19192,2025-02-28,549,73,2,7,541.68
19193,2025-02-07,541,119,6,16,407.08
19194,2025-11-30,516,18,6,4,516.92
19195,2025-11-10,595,39,7,12,207.89
19196,2025-11-01,106,30,5,17,455.86
19197,2025-01-19,447,26,5,9,196.96
19198,2025-07-13,690,119,3,6,555.93
19199,2025-01-04,539,81,4,7,820.23
19200,2025-02-19,179,103,5,24,561.26
19201,2025-08-05,268,53,5,25,296.69
19202,2025-06-06,601,33,6,7,205.3
19203,2025-07-30,225,66,7,21,493.26
19204,2025-07-25,484,50,6,17,698.08
19205,2025-08-11,4,119,7,23,539.4
19206,2025-09-08,107,108,8,22,79.86
19207,2025-09-03,503,91,1,12,1035.39
19208,2025-05-26,449,120,2,4,729.14
19209,2025-04-12,265,90,4,20,117.99
19210,2025-08-22,456,120,3,3,686.76
19211,2025-11-17,545,48,6,7,184.88
19212,2025-01-02,30,15,3,22,681.63
19213,2025-09-18,175,8,1,6,830.06
19214,2025-05-15,204,44,7,17,222.19
19215,2025-04-22,417,106,2,10,899.34
19216,2025-09-03,53,115,1,1,727.92
19217,2025-04-02,415,51,3,17,694.3
19218,2025-03-24,575,59,5,5,683.33
19219,2025-10-20,212,100,7,9,221.45
19220,2025-03-24,115,12,2,2,297.07
19221,2025-06-29,18,55,4,25,960.8
19222,2025-12-05,212,8,7,18,1174.85
19223,2025-02-06,236,63,1,16,606.55
19224,2025-04-24,350,110,6,23,584.43
19225,2025-10-29,316,119,5,18,449.99
19226,2025-06-16,311,84,8,13,342.96
19227,2025-12-11,188,59,1,9,630.64
19228,2025-03-12,653,41,2,24,929.62
19229,2025-09-16,153,26,1,21,279.51
19230,2025-04-23,193,57,3,6,669.24
19231,2025-09-05,33,36,7,11,221.69
19232,2025-12-21,201,23,2,6,956.78
19233,2025-10-23,521,91,5,4,1102.52
19234,2025-04-16,635,52,7,7,872.05
19235,2025-08-05,553,8,1,24,930.37
19236,2025-11-05,360,61,7,11,1087.81
19237,2025-10-23,225,45,8,5,475.16
19238,2025-12-28,12,100,6,16,236.57
19239,2025-02-01,178,36,5,3,333.25
19240,2025-01-17,343,109,8,14,53.33
19241,2025-10-01,555,14,1,21,156.87
19242,2025-03-01,755,117,1,10,730.11
19243,2025-12-08,732,60,8,20,103.07
19244,2025-01-10,301,20,4,18,470.11
19245,2025-05-06,310,57,6,15,623.7
19246,2025-06-12,351,108,5,8,76.37
19247,2025-03-02,649,8,2,3,1060.2
19248,2025-09-16,83,48,3,20,227.59
19249,2025-07-06,339,14,6,11,106.7
19250,2025-11-13,575,63,5,25,649.13
19251,2025-04-11,341,34,3,16,506.09
19252,2025-03-12,677,120,4,19,695.06
19253,2025-02-04,75,74,8,25,470.57
19254,2025-12-18,625,107,4,20,536.32
19255,2025-04-22,108,36,7,12,233.36
19256,2025-02-14,613,49,3,11,433.85
19257,2025-07-13,108,93,8,12,687.12
19258,2025-06-30,208,38,2,8,162.21
19259,2025-05-20,39,99,2,9,32.6
19260,2025-03-18,418,87,5,24,514.24
19261,2025-02-01,206,29,4,9,438.45
19262,2025-12-24,293,101,8,22,277.02
19263,2025-04-20,566,74,2,22,466.09
19264,2025-03-02,295,103,4,4,443.28
19265,2025-05-17,695,113,1,19,783.3
19266,2025-04-18,686,62,7,1,295.43
19267,2025-04-13,129,60,1,3,92.59
19268,2025-11-14,52,20,5,14,426.26
19269,2025-12-16,584,116,1,3,826.46
19270,2025-12-13,749,66,6,9,457.16
19271,2025-05-31,572,113,1,2,695.53
19272,2025-11-25,274,21,7,23,369.91
19273,2025-12-09,314,18,8,7,543.43
19274,2025-03-22,56,58,2,12,135.91
19275,2025-08-28,572,41,2,18,947.37
19276,2025-08-21,364,106,7,18,1191.27
19277,2025-10-19,337,41,2,3,741.96
19278,2025-05-09,743,48,7,2,283.37
19279,2025-01-11,740,73,2,14,697.55
19280,2025-04-28,543,47,2,21,928.84
19281,2025-05-29,73,118,8,19,1257.51
19282,2025-05-11,671,4,4,8,179.75
19283,2025-09-15,399,41,5,6,782.03
19284,2025-11-05,701,59,6,3,639.14
19285,2025-11-30,133,119,4,14,417.69
19286,2025-07-23,244,47,7,9,882.64
19287,2025-06-05,226,107,5,24,558.15
19288,2025-09-26,500,50,6,20,987.29
19289,2025-06-24,107,54,8,21,39.32
19290,2025-07-03,454,101,2,2,261.1
19291,2025-12-09,19,79,7,5,315.21
19292,2025-02-06,24,45,8,24,483.14
19293,2025-05-05,420,50,2,6,730.17
19294,2025-04-01,647,8,1,22,921.28
19295,2025-08-25,459,80,5,1,129.91
19296,2025-03-26,224,76,7,14,1069.53
19297,2025-03-04,683,82,1,3,202.08
19298,2025-08-24,404,30,6,20,597.65
19299,2025-07-19,200,79,2,21,447.99
19300,2025-01-27,71,46,5,9,411.19
19301,2025-05-13,199,42,6,10,460.76
19302,2025-05-22,637,33,8,12,145.78
19303,2025-10-11,33,17,8,19,907.67
19304,2025-08-12,717,74,4,24,478.81
19305,2025-07-29,536,14,7,6,102.83
19306,2025-10-17,2,95,4,9,295.5
19307,2025-09-25,561,45,1,22,473.99
19308,2025-03-21,295,91,6,23,788.8
19309,2025-01-18,236,109,1,10,60.73
19310,2025-02-26,772,116,8,23,818.79
19311,2025-12-13,704,98,4,9,234.41
19312,2025-04-23,569,72,7,20,301.86
19313,2025-07-12,268,110,2,21,808.91
19314,2025-07-03,146,21,7,14,448.92
19315,2025-11-13,106,38,8,5,154.27
19316,2025-12-12,533,80,6,6,114.45
19317,2025-02-20,389,99,4,7,41.64
19318,2025-09-26,473,94,1,17,71.38
19319,2025-05-24,39,19,1,24,436.81
19320,2025-01-16,555,40,8,12,460.91
19321,2025-10-27,227,56,7,10,426.67
19322,2025-06-02,213,5,4,13,930.57
19323,2025-09-04,218,42,6,6,448.14
19324,2025-07-24,15,42,3,9,446.74
19325,2025-10-26,371,87,3,25,529.16
19326,2025-07-09,624,47,8,7,950.53
19327,2025-09-17,693,61,7,20,1002.45
19328,2025-09-14,137,111,3,4,302.23
19329,2025-01-04,365,31,2,11,643.44
19330,2025-10-24,373,38,5,2,152.23
19331,2025-09-23,725,115,6,12,531.1
19332,2025-06-03,736,39,2,8,248.49
19333,2025-10-31,563,47,7,1,665.8
19334,2025-10-14,769,90,8,4,102.63
19335,2025-11-29,732,64,2,20,151.22
19336,2025-12-05,333,3,8,20,45.4
19337,2025-01-14,689,112,4,10,150.01
19338,2025-12-11,467,1,4,3,818.45
19339,2025-07-25,60,33,8,3,211.47
19340,2025-03-02,265,12,6,2,279.5
19341,2025-06-26,779,78,4,22,232.0
19342,2025-09-30,557,77,3,13,102.02
19343,2025-04-08,449,68,5,6,1110.79
19344,2025-08-14,728,109,1,10,62.32
19345,2025-11-22,347,106,2,9,950.52
19346,2025-07-28,10,68,8,19,820.26
19347,2025-11-21,606,71,7,13,460.38
19348,2025-08-25,429,76,6,6,912.53
19349,2025-07-14,146,13,4,17,246.56
19350,2025-03-24,611,66,5,23,322.98
19351,2025-09-18,609,6,4,19,387.94
19352,2025-02-13,696,108,5,13,94.91
19353,2025-12-20,491,85,7,3,229.23
19354,2025-09-28,677,20,1,6,507.16
19355,2025-04-04,206,83,3,5,725.0
19356,2025-05-19,485,26,2,22,277.89
19357,2025-03-14,144,116,7,10,745.22
19358,2025-06-13,767,102,5,25,61.95
19359,2025-01-19,302,89,2,19,77.94
19360,2025-08-23,770,15,4,1,725.17
19361,2025-09-15,322,67,3,7,671.79
19362,2025-02-10,156,37,5,17,69.1
19363,2025-11-21,55,49,5,23,514.62
19364,2025-01-16,422,92,3,19,683.31
19365,2025-05-18,13,67,7,22,515.03
19366,2025-07-26,87,40,2,16,520.0
19367,2025-05-25,162,73,2,4,515.21
19368,2025-06-09,2,34,3,12,544.04
19369,2025-02-17,424,15,8,2,729.18
19370,2025-01-26,354,18,7,20,536.41
19371,2025-08-08,265,110,8,5,662.33
19372,2025-04-25,573,82,8,4,184.78
19373,2025-07-10,148,74,3,20,675.06
19374,2025-04-19,749,14,5,20,109.19
19375,2025-01-25,155,39,5,16,203.96
19376,2025-07-14,784,73,3,11,631.09
19377,2025-09-26,672,24,7,17,742.09
19378,2025-01-12,710,54,6,4,52.73
19379,2025-09-22,616,97,6,1,190.23
19380,2025-07-23,106,103,3,7,358.14
19381,2025-05-23,611,56,1,18,593.24
19382,2025-12-19,667,59,6,21,723.77
19383,2025-04-12,223,5,7,13,972.19
19384,2025-06-03,589,44,3,10,146.13
19385,2025-02-16,266,15,8,8,758.77
19386,2025-03-15,252,115,6,10,811.32
19387,2025-08-07,650,116,1,7,651.1
19388,2025-08-09,333,81,1,16,713.98
19389,2025-03-20,392,62,6,17,300.97
19390,2025-09-07,399,52,4,8,864.59
19391,2025-02-21,442,106,2,10,1179.72
19392,2025-04-05,770,65,3,11,824.39
19393,2025-06-03,379,48,8,13,277.62
19394,2025-10-29,437,79,3,6,430.47
19395,2025-11-19,665,60,4,9,124.57
19396,2025-03-22,761,35,5,11,156.64
19397,2025-02-23,509,86,8,19,249.75
19398,2025-07-01,599,99,3,25,36.33
19399,2025-12-10,489,23,1,10,1235.17
19400,2025-02-21,64,46,6,5,369.08
19401,2025-07-09,415,109,5,2,68.19
19402,2025-05-12,249,12,3,9,395.57
19403,2025-12-26,106,79,4,6,350.53
19404,2025-10-14,112,51,4,11,924.7
19405,2025-06-12,362,1,4,13,837.91
19406,2025-11-22,605,8,6,20,893.8
19407,2025-04-24,97,34,1,4,446.27
19408,2025-05-22,115,88,8,10,847.46
19409,2025-05-24,627,104,2,6,404.42
19410,2025-11-19,85,72,5,12,385.92
19411,2025-12-30,704,76,2,2,1074.8
19412,2025-01-29,133,111,1,4,303.53
19413,2025-04-21,326,116,7,18,916.96
19414,2025-07-21,594,19,5,13,451.61
19415,2025-09-25,578,58,4,9,133.77
19416,2025-10-07,725,65,6,23,841.44
19417,2025-09-13,13,113,6,21,830.21
19418,2025-09-17,296,75,4,9,205.0
19419,2025-08-05,48,92,8,3,896.38
19420,2025-06-17,521,111,7,24,337.34
19421,2025-09-20,83,120,3,22,491.43
19422,2025-02-14,502,45,6,20,566.71
19423,2025-10-06,633,41,6,10,968.91
19424,2025-01-19,544,105,6,15,218.57
19425,2025-03-14,376,5,4,9,1150.93
19426,2025-10-05,345,7,5,17,234.87
19427,2025-01-15,435,90,5,9,103.19
19428,2025-09-19,478,109,1,12,59.41
19429,2025-09-07,346,81,4,15,743.6
19430,2025-04-21,367,2,8,25,364.84
19431,2025-08-16,778,33,8,11,161.21
19432,2025-12-08,212,95,2,1,261.98
19433,2025-04-01,462,103,2,25,437.22
19434,2025-05-04,685,8,3,19,1003.03
19435,2025-12-10,251,117,1,3,718.46
19436,2025-03-28,311,98,5,13,278.26
19437,2025-12-23,716,119,2,21,429.12
19438,2025-05-23,607,17,6,8,943.64
19439,2025-04-16,89,22,3,23,145.18
19440,2025-07-13,278,74,3,9,548.08
19441,2025-09-10,718,77,8,13,111.22
19442,2025-12-15,343,48,8,16,220.47
19443,2025-01-08,48,78,7,12,198.88
19444,2025-04-18,521,47,1,12,855.94
19445,2025-10-18,156,25,3,11,436.19
19446,2025-01-19,617,25,3,18,591.09
19447,2025-12-25,64,109,1,3,55.8
19448,2025-10-17,663,77,4,14,93.46
19449,2025-07-05,232,34,5,21,563.92
19450,2025-09-01,303,106,4,25,1109.46
19451,2025-05-03,611,116,8,2,641.41
19452,2025-05-23,382,54,3,23,43.96
19453,2025-06-24,377,47,8,19,663.78
19454,2025-02-14,732,55,4,8,806.72
19455,2025-08-07,158,75,2,6,197.07
19456,2025-12-23,193,88,5,15,805.05
19457,2025-09-25,473,98,8,2,293.24
19458,2025-07-02,174,89,7,24,68.1
19459,2025-10-07,774,53,6,20,352.9
19460,2025-09-28,31,100,2,22,286.61
19461,2025-05-01,362,107,4,14,483.68
19462,2025-08-01,7,20,1,2,442.85
19463,2025-11-11,60,23,1,17,928.27
19464,2025-04-27,23,72,4,13,316.86
19465,2025-07-09,321,86,2,23,226.8
19466,2025-02-27,174,100,8,13,201.92
19467,2025-02-11,295,13,4,23,234.94
19468,2025-07-18,750,14,2,5,116.18
19469,2025-04-02,186,50,7,16,874.16
19470,2025-04-29,243,112,1,10,121.67
19471,2025-01-20,668,22,5,19,125.75
19472,2025-11-02,377,40,5,16,504.83
19473,2025-12-19,245,15,6,9,623.78
19474,2025-01-29,398,52,3,21,1082.93
19475,2025-08-17,100,32,5,2,815.56
19476,2025-05-22,755,94,6,24,50.29
19477,2025-07-24,172,51,2,7,847.6
19478,2025-02-19,434,11,8,22,748.38
19479,2025-07-17,599,99,4,14,31.28
19480,2025-02-11,540,114,1,2,248.43
19481,2025-11-11,580,40,8,7,407.44
19482,2025-08-19,491,62,4,19,219.03
19483,2025-06-01,753,5,7,13,822.8
19484,2025-05-26,781,55,1,13,854.28
19485,2025-11-11,158,2,1,24,347.96
19486,2025-03-26,87,24,1,18,701.78
19487,2025-05-18,97,43,7,11,332.9
19488,2025-11-09,693,18,2,12,391.7
19489,2025-02-26,589,28,1,6,803.27
19490,2025-10-20,730,64,8,15,214.57
19491,2025-11-22,217,43,6,12,251.9
19492,2025-04-26,172,32,7,11,917.45
19493,2025-09-25,123,105,2,20,310.22
19494,2025-01-14,112,64,4,1,207.83
19495,2025-12-19,460,85,7,24,201.15
19496,2025-01-26,142,90,6,18,153.2
19497,2025-11-25,330,114,1,22,366.0
19498,2025-09-10,395,86,8,14,321.27
19499,2025-11-13,665,69,7,21,482.8
19500,2025-01-07,699,49,3,15,449.93
19501,2025-10-17,72,44,7,16,198.59
19502,2025-01-18,286,62,4,12,227.73
19503,2025-06-04,507,61,5,13,1035.89
19504,2025-04-18,118,108,8,18,70.36
19505,2025-07-05,295,8,1,13,1038.44
19506,2025-05-07,800,13,5,17,201.38
19507,2025-03-17,264,13,1,23,280.37
19508,2025-10-31,27,75,8,4,224.32
19509,2025-02-04,278,16,6,1,64.97
19510,2025-02-09,499,48,7,7,273.46
19511,2025-09-04,75,35,6,9,145.25
19512,2025-02-11,461,97,1,9,167.36
19513,2025-09-07,268,6,3,8,323.12
19514,2025-10-26,347,50,5,20,704.17
19515,2025-02-06,597,25,2,8,435.29
19516,2025-07-07,702,16,4,22,43.74
19517,2025-08-06,796,110,3,1,710.8
19518,2025-11-03,27,120,3,17,735.04
19519,2025-02-11,518,46,2,24,355.38
19520,2025-01-27,673,115,2,7,784.0
19521,2025-08-24,573,113,8,20,763.26
19522,2025-06-01,84,19,1,17,433.15
19523,2025-03-16,606,58,5,8,141.37
19524,2025-06-30,492,51,7,2,722.18
19525,2025-05-01,556,43,2,18,342.47
19526,2025-07-22,289,32,8,11,877.07
19527,2025-08-29,692,18,2,13,532.67
19528,2025-02-08,150,104,1,22,307.88
19529,2025-12-22,166,39,2,22,234.76
19530,2025-10-31,111,114,7,6,360.01
19531,2025-02-03,457,105,7,20,291.89
19532,2025-09-18,56,47,8,1,645.03
19533,2025-11-09,487,90,3,12,144.94
19534,2025-05-25,506,68,3,5,883.62
19535,2025-04-29,775,55,5,23,891.68
19536,2025-07-30,774,109,3,24,51.6
19537,2025-02-13,288,119,2,21,558.82
19538,2025-11-17,220,23,8,1,827.0
19539,2025-10-03,691,66,1,14,417.59
19540,2025-03-03,276,11,5,7,674.59
19541,2025-04-24,508,67,7,24,633.13
19542,2025-11-17,448,81,7,12,583.0
19543,2025-10-14,63,80,5,18,133.68
19544,2025-09-26,18,14,7,12,146.97
19545,2025-01-22,416,98,2,12,351.8
19546,2025-03-05,31,93,2,7,680.97
19547,2025-07-14,52,24,8,20,608.66
19548,2025-05-22,668,2,5,11,301.7
19549,2025-05-28,648,81,5,18,679.6
19550,2025-10-02,780,10,3,12,535.49
19551,2025-09-09,503,109,5,23,72.6
19552,2025-05-30,126,73,5,14,695.06
19553,2025-10-06,683,36,7,18,331.39
19554,2025-06-15,649,30,3,1,441.33
19555,2025-08-14,495,33,8,13,146.52
19556,2025-07-15,185,95,5,8,372.82
19557,2025-05-10,588,102,6,8,67.39
19558,2025-06-02,330,29,7,23,327.19
19559,2025-11-09,243,54,1,17,51.51
19560,2025-11-05,551,40,3,1,457.48
19561,2025-11-28,606,5,6,24,883.79
19562,2025-10-14,113,111,7,19,328.71
19563,2025-03-03,92,97,2,24,170.71
19564,2025-05-27,215,116,8,7,923.64
19565,2025-01-12,545,45,1,4,658.81
19566,2025-04-07,290,55,7,10,806.67
19567,2025-07-10,563,37,1,11,46.5
19568,2025-11-18,516,98,2,1,293.75
19569,2025-08-31,204,15,7,1,768.19
19570,2025-09-18,210,79,6,23,279.08
19571,2025-10-11,506,54,5,12,39.97
19572,2025-08-13,25,54,1,21,35.39
19573,2025-06-20,373,93,3,2,706.55
19574,2025-01-26,440,43,5,9,357.62
19575,2025-09-30,632,10,2,19,556.3
19576,2025-04-12,427,1,6,5,792.49
19577,2025-10-06,392,70,6,4,746.97
19578,2025-01-23,241,22,4,5,154.12
19579,2025-07-22,149,7,5,13,225.14
19580,2025-05-11,167,117,2,17,880.62
19581,2025-07-20,730,102,6,12,68.68
19582,2025-10-14,567,56,2,10,587.17
19583,2025-03-29,735,70,1,15,849.25
19584,2025-04-17,489,38,6,8,150.04
19585,2025-02-12,776,33,8,16,199.63
19586,2025-08-13,322,22,1,22,135.02
19587,2025-06-01,483,86,1,16,235.63
19588,2025-07-18,9,113,1,15,955.64
19589,2025-09-06,729,69,7,23,463.61
19590,2025-02-19,130,79,6,21,343.65
19591,2025-11-26,273,14,4,21,136.14
19592,2025-10-21,773,23,7,23,1100.94
19593,2025-10-19,433,62,5,12,344.32
19594,2025-03-11,750,106,8,5,880.04
19595,2025-02-13,379,98,3,21,318.28
19596,2025-03-14,577,64,3,10,197.28
19597,2025-09-14,201,37,1,1,46.41
19598,2025-06-23,768,99,6,5,31.73
19599,2025-05-10,491,115,5,10,664.86
19600,2025-02-23,652,83,8,15,741.14
19601,2025-08-17,382,5,6,18,852.33
19602,2025-09-05,44,56,3,21,506.49
19603,2025-05-18,456,3,7,6,62.3
19604,2025-11-21,130,116,3,25,691.27
19605,2025-02-01,99,19,6,12,467.36
19606,2025-06-27,664,59,3,14,613.18
19607,2025-04-03,247,71,3,14,438.03
19608,2025-03-10,531,47,8,21,744.27
19609,2025-04-20,245,15,3,18,739.49
19610,2025-02-28,486,102,6,24,77.11
19611,2025-09-27,469,59,5,24,793.05
19612,2025-05-31,264,80,5,22,154.84
19613,2025-05-12,469,32,7,9,687.9
19614,2025-03-01,224,69,2,18,668.23
19615,2025-11-14,153,69,5,13,639.5
19616,2025-07-19,762,33,1,7,155.76
19617,2025-05-19,35,29,8,2,348.07
19618,2025-02-02,364,9,4,8,978.82
19619,2025-12-28,59,32,3,12,873.89
19620,2025-03-09,787,86,4,25,238.03
19621,2025-03-17,420,6,4,9,469.01
19622,2025-02-08,350,63,8,7,898.12
19623,2025-10-02,603,27,4,19,496.98
19624,2025-12-28,290,88,4,22,659.51
19625,2025-11-08,440,28,5,2,544.58
19626,2025-12-30,188,4,8,3,204.44
19627,2025-03-20,667,79,2,7,402.14
19628,2025-10-05,88,116,5,10,661.53
19629,2025-07-21,228,47,4,15,707.75
19630,2025-12-13,247,45,2,17,668.88
19631,2025-01-07,652,105,1,7,240.18
19632,2025-02-19,53,20,8,11,374.8
19633,2025-08-27,542,116,3,5,627.67
19634,2025-03-14,217,71,5,3,576.34
19635,2025-06-27,688,113,2,19,916.41
19636,2025-11-07,161,57,8,22,782.29
19637,2025-04-16,783,53,5,23,261.95
19638,2025-03-17,300,91,7,22,912.08
19639,2025-08-02,777,102,2,3,67.99
19640,2025-01-19,448,39,3,19,236.04
19641,2025-07-20,223,8,3,14,983.36
19642,2025-05-07,202,15,5,6,569.59
19643,2025-09-01,769,54,1,9,54.06
19644,2025-06-02,114,18,7,4,418.63
19645,2025-06-28,281,17,2,14,741.63
19646,2025-07-12,206,27,8,14,514.48
19647,2025-03-26,740,109,1,21,53.07
19648,2025-08-19,783,42,7,18,401.07
19649,2025-09-15,110,50,2,20,846.08
19650,2025-08-30,412,3,7,10,62.06
19651,2025-12-30,414,22,6,3,178.86
19652,2025-01-11,74,66,4,9,392.73
19653,2025-08-17,785,3,6,3,49.02
19654,2025-11-07,470,49,6,5,489.94
19655,2025-03-31,319,47,5,22,809.2
19656,2025-05-12,767,77,3,24,105.54
19657,2025-06-06,368,11,5,5,874.96
19658,2025-10-10,714,52,5,15,935.63
19659,2025-09-05,339,102,3,11,73.74
19660,2025-12-20,159,3,8,3,41.2
19661,2025-05-21,273,68,8,11,1025.7
19662,2025-11-16,112,71,3,23,481.0
19663,2025-01-22,450,4,6,15,264.99
19664,2025-06-21,4,43,7,22,354.3
19665,2025-08-30,155,38,5,14,126.56
19666,2025-02-11,458,23,8,13,779.27
19667,2025-01-12,211,113,5,8,806.39
19668,2025-07-02,618,5,1,2,1202.86
19669,2025-05-31,658,46,5,8,443.0
19670,2025-11-16,331,23,5,1,1232.84
19671,2025-12-07,400,119,8,17,454.14
19672,2025-07-20,273,4,2,6,181.06
19673,2025-02-16,285,29,4,21,313.51
19674,2025-04-30,661,117,5,12,726.66
19675,2025-04-25,386,86,4,14,294.44
19676,2025-03-27,232,96,4,11,695.75
19677,2025-12-16,150,57,1,22,831.83
19678,2025-09-13,468,51,5,12,744.67
19679,2025-06-15,202,22,7,22,182.06
19680,2025-01-01,114,61,4,1,893.21
19681,2025-06-07,565,77,4,22,95.31
19682,2025-11-21,403,1,2,15,751.05
19683,2025-05-04,598,113,7,9,770.49
19684,2025-04-08,229,42,4,1,431.09
19685,2025-02-21,707,118,6,17,927.6
19686,2025-04-30,163,31,5,1,518.27
19687,2025-10-04,434,99,8,3,43.57
19688,2025-02-19,218,20,2,14,422.24
19689,2025-09-29,239,113,7,12,853.75
19690,2025-08-31,504,75,6,20,192.27
19691,2025-12-29,203,33,1,10,166.89
19692,2025-01-02,607,114,7,2,385.8
19693,2025-04-02,269,57,6,17,632.84
19694,2025-10-04,25,50,2,20,1024.73
19695,2025-05-30,436,69,1,25,532.34
19696,2025-02-12,232,58,3,4,201.76
19697,2025-01-30,703,1,5,18,808.14
19698,2025-09-15,92,120,5,10,490.82
19699,2025-08-27,227,18,8,13,453.5
19700,2025-02-09,626,70,6,17,621.4
19701,2025-03-13,678,109,4,16,49.38
19702,2025-11-26,339,108,8,25,96.37
19703,2025-01-08,680,88,8,22,850.79
19704,2025-04-07,721,14,1,21,138.48
19705,2025-03-10,474,104,5,25,417.14
19706,2025-08-08,13,40,8,17,395.1
19707,2025-06-22,701,47,6,14,862.38
19708,2025-09-29,8,54,6,23,43.52
19709,2025-07-27,533,104,3,18,330.94
19710,2025-01-22,22,87,5,16,476.48
19711,2025-04-27,702,3,5,18,43.58
19712,2025-12-08,715,85,6,3,246.72
19713,2025-02-08,82,65,7,1,881.95
19714,2025-11-16,448,44,4,22,182.4
19715,2025-09-23,61,26,4,1,300.16
19716,2025-03-06,714,35,1,4,160.08
19717,2025-02-01,55,29,1,17,341.42
19718,2025-08-01,161,44,8,15,232.67
19719,2025-11-19,14,38,6,12,142.0
19720,2025-03-18,158,2,8,12,360.69
19721,2025-12-06,84,15,3,1,789.72
19722,2025-03-28,128,105,1,19,343.35
19723,2025-12-30,800,90,1,6,111.9
19724,2025-06-30,378,34,3,20,447.06
19725,2025-12-15,485,60,6,8,125.77
19726,2025-09-01,81,77,2,16,98.44
19727,2025-08-05,112,43,4,25,332.36
19728,2025-04-08,539,112,7,17,145.85
19729,2025-01-10,485,43,2,10,371.95
19730,2025-07-07,674,57,2,9,884.63
19731,2025-09-16,689,110,1,25,587.66
19732,2025-11-27,192,15,3,25,822.56
19733,2025-11-14,740,98,2,5,348.47
19734,2025-03-08,114,67,4,21,741.54
19735,2025-08-15,169,33,4,8,149.13
19736,2025-09-23,676,72,8,25,308.2
19737,2025-11-13,126,105,2,1,288.33
19738,2025-05-14,209,23,4,9,1054.74
19739,2025-07-25,370,55,4,6,912.51
19740,2025-05-31,268,117,7,3,893.08
19741,2025-09-28,765,18,3,11,513.33
19742,2025-12-27,539,38,8,4,188.64
19743,2025-01-17,259,51,4,23,811.26
19744,2025-11-20,6,56,3,3,619.29
19745,2025-12-07,782,25,1,8,446.46
19746,2025-12-19,22,78,3,14,232.62
19747,2025-11-02,735,57,4,22,755.68
19748,2025-08-02,640,50,5,13,739.73
19749,2025-03-28,601,48,7,3,213.56
19750,2025-05-19,282,33,5,13,197.01
19751,2025-07-30,100,39,4,20,179.25
19752,2025-09-28,131,10,2,19,635.75
19753,2025-08-04,318,1,5,24,646.98
19754,2025-12-13,355,107,8,9,564.72
19755,2025-02-03,748,30,8,2,529.38
19756,2025-01-29,449,80,8,5,142.98
19757,2025-03-30,117,51,8,20,1018.52
19758,2025-05-08,772,90,7,25,137.84
19759,2025-10-16,633,52,6,5,888.64
19760,2025-12-16,487,34,4,20,492.01
19761,2025-03-04,263,98,2,14,244.23
19762,2025-08-28,442,4,7,25,171.23
19763,2025-12-13,251,4,5,21,250.83
19764,2025-03-03,318,94,6,7,49.18
19765,2025-04-13,32,71,4,2,595.12
19766,2025-10-27,254,120,3,15,577.91
19767,2025-11-20,415,95,3,7,272.74
19768,2025-01-31,243,46,4,20,358.21
19769,2025-09-03,742,20,2,16,320.28
19770,2025-12-19,781,83,4,14,937.77
19771,2025-07-20,677,80,5,9,140.09
19772,2025-01-02,686,78,8,1,231.88
19773,2025-10-01,774,66,3,25,374.4
19774,2025-03-29,18,19,4,21,481.41
19775,2025-12-01,555,75,8,1,174.27
19776,2025-08-08,719,82,5,17,149.9
19777,2025-05-31,800,68,5,10,1222.37
19778,2025-01-03,416,47,7,20,822.8
19779,2025-09-11,67,42,2,5,364.84
19780,2025-06-01,582,45,6,7,553.36
19781,2025-05-18,735,68,3,20,775.65
19782,2025-03-07,215,10,4,14,661.84
19783,2025-01-23,361,32,2,3,952.11
19784,2025-10-12,123,99,2,17,38.36
19785,2025-04-22,509,92,2,12,593.33
19786,2025-03-16,84,110,3,9,822.04
19787,2025-11-14,195,28,5,23,828.85
19788,2025-07-08,228,64,4,11,226.38
19789,2025-02-24,786,103,1,9,395.96
19790,2025-02-05,374,44,8,1,222.0
19791,2025-05-06,193,37,1,7,63.38
19792,2025-09-17,207,31,3,14,638.46
19793,2025-03-25,534,96,8,1,624.14
19794,2025-12-25,435,94,1,16,57.95
19795,2025-09-19,622,16,1,25,53.86
19796,2025-11-04,502,22,7,6,135.52
19797,2025-08-29,454,50,5,15,765.58
19798,2025-11-02,394,59,5,6,579.08
19799,2025-09-16,486,117,7,1,825.49
19800,2025-09-07,761,82,1,7,138.2
19801,2025-02-16,671,44,3,6,160.45
19802,2025-03-30,360,96,2,17,913.52
19803,2025-12-18,333,107,3,16,489.92
19804,2025-04-13,659,68,5,1,1222.57
19805,2025-11-17,399,80,8,24,127.86
19806,2025-09-27,198,32,1,20,787.38
19807,2025-12-20,321,85,7,7,253.95
19808,2025-07-07,665,17,4,25,749.11
19809,2025-10-21,110,114,8,11,322.57
19810,2025-12-22,772,55,8,14,709.91
19811,2025-04-14,574,71,3,8,505.11
19812,2025-11-30,235,120,1,17,710.7
19813,2025-12-01,236,79,6,7,440.75
19814,2025-12-28,184,96,2,25,651.7
19815,2025-03-08,395,112,7,1,133.08
19816,2025-03-14,590,94,2,16,49.25
19817,2025-01-30,321,89,1,19,54.49
19818,2025-07-17,462,64,6,3,183.03
19819,2025-04-04,272,43,5,4,295.41
19820,2025-12-26,72,39,4,8,210.42
19821,2025-11-27,602,106,7,7,1155.97
19822,2025-11-19,684,43,3,18,382.46
19823,2025-08-07,564,84,1,1,391.17
19824,2025-06-30,91,116,8,23,783.09
19825,2025-11-07,505,26,1,10,246.88
19826,2025-07-24,692,103,3,13,546.42
19827,2025-04-15,499,12,5,15,367.43
19828,2025-10-10,236,18,1,20,591.37
19829,2025-08-04,514,110,4,12,762.3
19830,2025-07-10,139,70,3,22,884.88
19831,2025-06-20,265,49,8,20,444.49
19832,2025-03-29,637,67,8,16,597.14
19833,2025-01-03,756,107,5,7,457.1
19834,2025-08-29,38,107,5,17,518.34
19835,2025-06-01,346,50,6,5,796.64
19836,2025-04-12,621,14,2,21,136.09
19837,2025-09-07,154,25,8,16,478.08
19838,2025-09-07,212,19,8,12,674.32
19839,2025-06-12,364,78,6,2,254.26
19840,2025-08-09,637,41,8,20,1008.36
19841,2025-12-17,458,69,5,7,453.0
19842,2025-07-26,549,96,8,3,672.98
19843,2025-11-28,788,29,6,16,369.85
19844,2025-10-24,467,50,2,23,726.3
19845,2025-01-08,616,58,8,5,183.77
19846,2025-09-27,315,109,8,24,60.85
19847,2025-04-05,118,43,3,3,345.23
19848,2025-06-20,126,64,8,22,187.67
19849,2025-06-08,610,99,1,9,50.23
19850,2025-10-18,62,5,3,11,1114.83
19851,2025-01-24,750,21,6,2,377.7
19852,2025-06-03,593,15,5,1,824.62
19853,2025-02-12,652,104,8,3,388.08
19854,2025-02-28,199,115,4,15,523.64
19855,2025-04-11,722,64,6,5,203.23
19856,2025-11-04,128,10,7,6,551.8
19857,2025-10-20,448,88,4,21,704.14
19858,2025-06-09,645,34,4,24,620.9
19859,2025-02-21,466,83,5,21,764.97
19860,2025-09-17,140,87,2,13,566.69
19861,2025-07-09,629,107,6,11,564.48
19862,2025-09-21,496,8,6,20,921.1
19863,2025-02-11,266,54,3,11,46.31
19864,2025-11-16,707,37,3,2,49.48
19865,2025-10-12,761,79,7,17,446.84
19866,2025-07-26,46,26,3,2,281.55
19867,2025-05-29,136,10,8,16,695.33
19868,2025-05-16,385,48,1,25,268.13
19869,2025-07-02,607,39,8,8,220.65
19870,2025-01-02,201,26,8,19,258.38
19871,2025-01-05,743,90,2,8,105.1
19872,2025-09-17,283,110,5,11,601.09
19873,2025-05-26,139,9,1,7,795.06
19874,2025-05-20,195,60,7,15,101.27
19875,2025-10-11,272,90,3,9,120.76
19876,2025-06-26,185,97,4,2,198.94
19877,2025-06-30,525,69,2,12,461.3
19878,2025-07-20,154,99,4,7,49.44
19879,2025-06-19,517,97,6,24,203.61
19880,2025-07-28,502,29,8,2,393.38
19881,2025-09-04,518,19,3,15,484.44
19882,2025-04-09,399,24,7,2,754.21
19883,2025-03-31,125,72,7,10,351.61
19884,2025-03-22,562,57,5,23,707.76
19885,2025-12-03,536,89,8,3,60.09
19886,2025-06-21,739,28,7,9,790.22
19887,2025-05-17,200,39,1,17,214.34
19888,2025-04-12,364,100,6,15,215.69
19889,2025-05-16,81,60,1,5,136.85
19890,2025-07-20,717,74,4,9,540.02
19891,2025-10-14,89,80,3,20,112.52
19892,2025-08-29,680,62,3,7,347.85
19893,2025-10-25,734,68,2,1,1157.81
19894,2025-10-21,187,87,6,15,409.76
19895,2025-04-26,491,71,8,21,463.72
19896,2025-11-26,419,99,7,13,38.73
19897,2025-08-31,269,65,8,5,986.69
19898,2025-03-08,793,32,8,16,755.06
19899,2025-04-14,381,96,1,16,796.95
19900,2025-03-19,440,17,2,23,892.52
19901,2025-07-27,492,119,6,16,417.95
19902,2025-01-30,270,10,2,13,737.62
19903,2025-03-11,281,38,4,12,176.98
19904,2025-08-02,658,38,3,15,154.63
19905,2025-04-24,464,61,8,5,828.02
19906,2025-04-06,209,13,6,24,264.77
19907,2025-04-01,34,71,1,3,587.5
19908,2025-12-09,283,47,2,12,844.67
19909,2025-11-14,550,73,5,11,533.01
19910,2025-04-16,664,91,3,14,937.0
19911,2025-04-26,793,106,1,18,1023.71
19912,2025-03-31,115,27,2,14,526.03
19913,2025-08-18,162,119,5,19,520.1
19914,2025-08-13,304,4,4,12,222.74
19915,2025-05-16,501,11,8,18,607.0
19916,2025-09-15,344,11,7,24,792.2
19917,2025-11-10,165,98,3,5,359.35
19918,2025-02-19,300,110,1,8,595.03
19919,2025-10-24,687,81,8,13,764.12
19920,2025-05-13,112,72,4,25,451.86
19921,2025-03-20,553,72,2,10,320.53
19922,2025-08-01,492,60,4,19,105.96
19923,2025-11-07,55,10,5,20,729.1
19924,2025-04-29,369,13,4,16,300.45
19925,2025-01-27,452,101,8,20,249.16
19926,2025-12-18,26,71,4,15,589.51
19927,2025-11-27,80,43,5,7,362.69
19928,2025-07-11,299,22,5,16,128.15
19929,2025-05-31,597,50,8,14,745.54
19930,2025-07-25,627,118,2,23,886.32
19931,2025-05-20,624,34,4,13,591.74
19932,2025-10-28,477,116,5,5,582.24
19933,2025-05-05,406,44,5,25,178.5
19934,2025-07-31,154,24,6,12,609.98
19935,2025-12-01,372,4,8,4,180.17
19936,2025-12-28,250,72,2,19,356.2
19937,2025-11-22,766,67,8,21,753.02
19938,2025-01-20,498,100,4,22,285.03
19939,2025-07-04,68,64,6,20,203.0
19940,2025-09-03,749,80,8,16,148.8
19941,2025-05-14,85,25,6,16,499.46
19942,2025-08-04,472,73,3,6,682.03
19943,2025-09-02,32,99,8,10,37.0
19944,2025-03-15,624,97,3,23,136.69
19945,2025-07-21,118,90,6,3,134.3
19946,2025-11-25,159,24,4,3,652.26
19947,2025-03-05,514,1,1,5,889.55
19948,2025-03-11,270,5,7,9,1080.45
19949,2025-05-17,567,106,2,24,772.24
19950,2025-09-08,216,51,4,16,735.21
19951,2025-05-21,590,115,3,19,600.96
19952,2025-12-20,305,23,2,12,1167.19
19953,2025-06-25,331,49,3,16,452.99
19954,2025-04-12,719,102,3,23,78.23
19955,2025-04-12,39,63,1,11,636.28
19956,2025-01-17,72,120,3,9,625.1
19957,2025-05-12,328,16,1,12,49.57
19958,2025-09-26,687,45,6,6,490.08
19959,2025-04-10,163,101,8,9,300.41
19960,2025-12-19,196,99,5,18,40.4
19961,2025-08-14,267,87,7,21,429.91
19962,2025-06-04,68,69,3,13,564.05
19963,2025-01-29,32,115,4,10,633.89
19964,2025-09-30,177,96,8,5,633.76
19965,2025-03-30,407,72,5,6,448.71
19966,2025-09-27,427,34,7,20,578.37
19967,2025-06-05,561,55,6,5,1040.89
19968,2025-05-17,347,9,6,22,844.38
19969,2025-07-14,315,72,3,2,301.05
19970,2025-08-20,217,120,2,8,653.42
19971,2025-03-14,467,91,6,22,842.68
19972,2025-12-21,645,2,6,3,398.25
19973,2025-08-06,531,42,4,19,328.5
19974,2025-05-22,86,8,5,25,875.85
19975,2025-03-09,517,23,1,1,1071.35
19976,2025-08-01,429,76,6,10,1029.1
19977,2025-01-21,288,82,8,17,171.79
19978,2025-08-20,739,66,2,13,466.45
19979,2025-07-05,98,41,6,22,689.06
19980,2025-12-28,542,52,5,22,997.74
19981,2025-11-04,244,64,6,21,193.99
19982,2025-03-24,786,87,6,15,540.79
19983,2025-05-08,755,40,7,24,516.2
19984,2025-01-06,306,100,5,10,246.59
19985,2025-01-25,480,18,7,14,393.75
19986,2025-11-02,104,120,5,2,617.87
19987,2025-08-18,286,30,2,7,441.16
19988,2025-03-09,536,45,3,20,516.45
19989,2025-08-15,37,54,7,21,44.66
19990,2025-02-18,524,65,6,23,800.86
19991,2025-10-25,777,82,1,12,176.96
19992,2025-05-17,503,113,3,16,801.59
19993,2025-09-06,394,28,6,2,654.81
19994,2025-09-02,112,108,4,12,108.06
19995,2025-04-29,263,109,6,15,56.31
19996,2025-11-20,486,5,7,21,1183.78
19997,2025-10-30,422,28,1,9,679.97
19998,2025-04-22,749,85,1,7,256.79
19999,2025-06-20,254,111,4,21,295.38
20000,2025-03-26,299,67,7,20,565.07
