shipment_id,order_id,shipping_mode,delivery_date,delivery_status,shipping_cost
50001,10001,Road,2025-09-11,Delayed,14.54
50002,10002,Road,2025-04-25,Delivered,35.83
50003,10003,Air,2025-01-09,Delivered,38.81
50004,10004,Rail,2025-02-24,Delivered,40.65
50005,10005,Road,2025-10-30,Delivered,7.91
50006,10006,Rail,2025-09-11,Delivered,33.49
50007,10007,Air,2025-03-09,Delivered,37.91
50008,10008,Air,2025-01-14,Delayed,40.53
50009,10009,Rail,2025-06-18,Delayed,49.21
50010,10010,Road,2025-08-01,Delayed,44.68
50011,10011,Rail,2025-11-24,Delivered,42.15
50012,10012,Air,2025-11-16,Delayed,29.7
50013,10013,Rail,2025-10-25,Delayed,15.55
50014,10014,Rail,2025-07-20,Delivered,8.24
50015,10015,Road,2025-11-16,Delayed,30.68
50016,10016,Air,2025-10-01,Delivered,41.98
50017,10017,Air,2025-12-02,Delivered,36.62
50018,10018,Air,2025-07-12,Delayed,18.07
50019,10019,Rail,2025-08-28,Delivered,21.51
50020,10020,Air,2025-11-22,Delivered,5.04
50021,10021,Rail,2025-10-12,Delayed,9.11
50022,10022,Air,2025-02-20,Delivered,37.28
50023,10023,Rail,2026-01-06,Delivered,15.74
50024,10024,Air,2025-11-18,Delivered,8.6
50025,10025,Air,2025-10-05,Delayed,36.54
50026,10026,Rail,2025-09-04,Delivered,35.17
50027,10027,Road,2025-10-07,Delayed,10.32
50028,10028,Rail,2025-10-22,Delayed,7.48
50029,10029,Road,2025-06-30,Delivered,49.91
50030,10030,Road,2025-03-23,Delivered,28.4
50031,10031,Air,2025-05-17,Delivered,18.7
50032,10032,Rail,2025-10-10,Delivered,46.96
50033,10033,Road,2025-10-30,Delivered,37.82
50034,10034,Rail,2025-08-05,Delivered,41.11
50035,10035,Road,2025-08-05,Delivered,7.2
50036,10036,Rail,2025-09-16,Delivered,41.09
50037,10037,Air,2025-03-21,Delivered,47.79
50038,10038,Air,2025-05-21,Delivered,6.88
50039,10039,Rail,2025-05-07,Delivered,11.84
50040,10040,Road,2025-07-22,Delivered,13.92
50041,10041,Road,2025-08-16,Delivered,34.59
50042,10042,Road,2025-10-06,Delayed,45.02
50043,10043,Air,2025-05-30,Delivered,31.05
50044,10044,Air,2025-01-08,Delivered,20.76
50045,10045,Road,2025-07-10,Delivered,38.61
50046,10046,Rail,2025-11-09,Delivered,23.59
50047,10047,Road,2025-10-30,Delivered,12.64
50048,10048,Air,2025-12-06,Delivered,10.27
50049,10049,Air,2025-10-08,Delivered,27.81
50050,10050,Road,2025-06-03,Delivered,45.08
50051,10051,Air,2025-02-06,Delivered,11.91
50052,10052,Road,2025-08-14,Delivered,34.88
50053,10053,Rail,2025-11-11,Delivered,6.86
50054,10054,Air,2025-04-06,Delivered,5.48
50055,10055,Air,2025-01-20,Delivered,11.81
50056,10056,Air,2025-04-20,Delivered,49.88
50057,10057,Air,2025-02-08,Delivered,31.22
50058,10058,Rail,2025-09-16,Delivered,24.59
50059,10059,Rail,2025-09-26,Delivered,15.8
50060,10060,Air,2025-05-11,Delivered,42.16
50061,10061,Air,2025-05-04,Delivered,47.79
50062,10062,Air,2025-11-12,Delivered,22.72
50063,10063,Road,2025-06-06,Delayed,34.74
50064,10064,Road,2025-12-18,Delivered,21.31
50065,10065,Road,2025-11-17,Delivered,43.55
50066,10066,Rail,2025-01-07,Delivered,38.15
50067,10067,Rail,2025-10-20,Delayed,8.42
50068,10068,Rail,2025-05-23,Delayed,47.2
50069,10069,Rail,2025-09-17,Delayed,25.15
50070,10070,Rail,2025-11-16,Delivered,11.5
50071,10071,Road,2025-09-20,Delivered,33.23
50072,10072,Rail,2025-10-08,Delayed,27.18
50073,10073,Road,2025-05-30,Delivered,14.04
50074,10074,Air,2025-09-28,Delayed,39.97
50075,10075,Rail,2025-04-12,Delayed,23.14
50076,10076,Air,2025-07-28,Delayed,27.56
50077,10077,Air,2025-06-13,Delayed,38.87
50078,10078,Rail,2025-08-01,Delivered,6.86
50079,10079,Rail,2025-07-08,Delayed,42.55
50080,10080,Air,2025-06-11,Delivered,39.86
50081,10081,Rail,2025-07-02,Delivered,28.93
50082,10082,Rail,2025-06-01,Delivered,27.6
50083,10083,Rail,2025-10-31,Delivered,11.8
50084,10084,Road,2025-05-13,Delayed,44.54
50085,10085,Road,2026-01-04,Delivered,32.35
50086,10086,Air,2025-07-07,Delivered,14.83
50087,10087,Air,2025-03-22,Delivered,6.78
50088,10088,Road,2025-05-01,Delivered,30.05
50089,10089,Road,2025-11-02,Delivered,24.08
50090,10090,Road,2025-05-24,Delayed,15.18
50091,10091,Rail,2025-10-07,Delivered,24.41
50092,10092,Road,2025-11-22,Delivered,17.72
50093,10093,Road,2025-08-18,Delivered,38.64
50094,10094,Rail,2025-11-12,Delivered,30.1
50095,10095,Road,2025-11-27,Delivered,23.95
50096,10096,Road,2025-08-24,Delayed,26.87
50097,10097,Air,2025-06-22,Delayed,14.42
50098,10098,Air,2025-04-15,Delivered,41.53
50099,10099,Road,2025-01-10,Delivered,25.87
50100,10100,Rail,2025-10-31,Delayed,26.8
50101,10101,Air,2025-01-09,Delivered,47.52
50102,10102,Rail,2025-11-05,Delayed,12.6
50103,10103,Road,2025-05-12,Delayed,31.96
50104,10104,Road,2025-04-30,Delivered,15.92
50105,10105,Rail,2025-01-29,Delivered,46.87
50106,10106,Rail,2025-08-06,Delivered,39.18
50107,10107,Road,2025-03-25,Delayed,46.24
50108,10108,Rail,2025-09-25,Delivered,25.57
50109,10109,Road,2025-01-17,Delivered,35.23
50110,10110,Road,2025-02-24,Delivered,43.24
50111,10111,Road,2025-05-27,Delivered,39.6
50112,10112,Rail,2025-12-21,Delivered,46.24
50113,10113,Air,2025-02-12,Delivered,43.25
50114,10114,Air,2025-02-02,Delivered,40.45
50115,10115,Road,2025-04-03,Delivered,17.34
50116,10116,Road,2025-06-29,Delivered,45.04
50117,10117,Air,2025-02-25,Delivered,29.18
50118,10118,Road,2025-10-01,Delivered,34.15
50119,10119,Rail,2025-01-13,Delivered,36.08
50120,10120,Rail,2025-07-25,Delivered,33.85
50121,10121,Rail,2025-11-30,Delivered,8.51
50122,10122,Air,2025-07-08,Delivered,46.43
50123,10123,Road,2025-02-27,Delayed,49.52
50124,10124,Road,2025-08-31,Delivered,9.8
50125,10125,Rail,2025-12-17,Delivered,40.21
50126,10126,Rail,2025-12-11,Delivered,22.24
50127,10127,Air,2025-10-31,Delivered,47.12
50128,10128,Road,2025-04-05,Delivered,44.26
50129,10129,Air,2025-07-16,Delivered,15.84
50130,10130,Road,2025-01-06,Delayed,24.73
50131,10131,Air,2025-10-21,Delivered,45.94
50132,10132,Road,2025-03-07,Delivered,29.97
50133,10133,Road,2025-09-10,Delivered,15.79
50134,10134,Road,2025-06-16,Delayed,40.33
50135,10135,Road,2025-02-25,Delayed,26.67
50136,10136,Road,2025-11-28,Delivered,29.17
50137,10137,Air,2025-12-11,Delivered,38.32
50138,10138,Road,2025-12-04,Delivered,25.22
50139,10139,Road,2025-03-18,Delayed,6.13
50140,10140,Air,2025-02-12,Delivered,13.66
50141,10141,Road,2025-08-28,Delayed,35.09
50142,10142,Rail,2025-03-29,Delayed,26.38
50143,10143,Road,2025-03-18,Delivered,49.93
50144,10144,Air,2025-02-03,Delayed,40.55
50145,10145,Air,2025-12-10,Delayed,9.27
50146,10146,Air,2025-02-25,Delivered,44.17
50147,10147,Rail,2025-12-16,Delivered,45.44
50148,10148,Rail,2025-02-14,Delivered,23.54
50149,10149,Air,2025-02-09,Delivered,25.02
50150,10150,Air,2026-01-03,Delivered,29.41
50151,10151,Road,2025-05-07,Delivered,10.74
50152,10152,Air,2025-05-20,Delivered,26.13
50153,10153,Rail,2025-11-02,Delivered,41.51
50154,10154,Rail,2025-04-01,Delivered,33.56
50155,10155,Rail,2025-04-18,Delivered,32.05
50156,10156,Road,2025-10-31,Delivered,6.31
50157,10157,Road,2025-02-18,Delivered,5.87
50158,10158,Rail,2025-02-20,Delivered,18.13
50159,10159,Rail,2025-05-20,Delivered,33.08
50160,10160,Rail,2025-03-16,Delivered,38.81
50161,10161,Rail,2025-06-03,Delivered,13.61
50162,10162,Rail,2025-09-02,Delivered,5.59
50163,10163,Road,2025-11-30,Delivered,37.6
50164,10164,Road,2025-01-18,Delayed,32.66
50165,10165,Rail,2025-06-15,Delivered,42.21
50166,10166,Road,2026-01-01,Delivered,9.01
50167,10167,Rail,2025-05-06,Delivered,40.33
50168,10168,Air,2025-07-14,Delivered,33.07
50169,10169,Air,2025-05-20,Delayed,39.66
50170,10170,Rail,2025-06-13,Delivered,6.68
50171,10171,Road,2025-08-29,Delayed,28.39
50172,10172,Air,2025-02-20,Delivered,36.51
50173,10173,Air,2025-10-08,Delayed,36.86
50174,10174,Road,2025-05-14,Delayed,26.27
50175,10175,Rail,2025-06-06,Delayed,9.82
50176,10176,Rail,2025-05-09,Delivered,19.1
50177,10177,Air,2025-06-29,Delivered,5.47
50178,10178,Air,2025-01-27,Delivered,22.75
50179,10179,Rail,2025-04-29,Delivered,41.76
50180,10180,Air,2025-04-02,Delayed,24.66
50181,10181,Rail,2025-10-11,Delivered,43.57
50182,10182,Air,2025-10-07,Delivered,37.82
50183,10183,Road,2025-02-24,Delivered,27.4
50184,10184,Air,2025-09-02,Delayed,19.33
50185,10185,Air,2025-06-16,Delivered,26.78
50186,10186,Rail,2025-04-22,Delivered,25.77
50187,10187,Rail,2025-03-17,Delivered,9.57
50188,10188,Road,2025-02-04,Delivered,46.84
50189,10189,Road,2025-06-28,Delivered,35.08
50190,10190,Air,2025-07-23,Delivered,44.08
50191,10191,Rail,2025-09-18,Delivered,11.47
50192,10192,Air,2025-01-24,Delivered,28.1
50193,10193,Road,2025-03-31,Delivered,32.13
50194,10194,Road,2025-03-07,Delivered,26.98
50195,10195,Air,2025-02-17,Delivered,49.89
50196,10196,Rail,2025-05-11,Delivered,18.95
50197,10197,Air,2025-02-17,Delayed,26.59
50198,10198,Road,2025-11-09,Delivered,27.51
50199,10199,Air,2025-02-13,Delayed,34.05
50200,10200,Rail,2025-10-31,Delayed,47.84
50201,10201,Rail,2025-10-13,Delayed,40.6
50202,10202,Road,2025-04-30,Delivered,17.85
50203,10203,Rail,2025-01-21,Delivered,20.74
50204,10204,Air,2025-06-25,Delivered,5.75
50205,10205,Road,2025-01-13,Delayed,5.98
50206,10206,Rail,2025-03-17,Delivered,38.0
50207,10207,Air,2025-02-28,Delivered,6.79
50208,10208,Road,2025-07-25,Delivered,8.78
50209,10209,Air,2025-01-19,Delivered,13.89
50210,10210,Road,2025-04-19,Delayed,15.47
50211,10211,Rail,2026-01-01,Delivered,25.05
50212,10212,Rail,2025-01-27,Delivered,34.71
50213,10213,Road,2025-02-04,Delivered,36.08
50214,10214,Air,2026-01-05,Delayed,37.78
50215,10215,Rail,2025-09-07,Delivered,40.65
50216,10216,Road,2025-10-31,Delayed,47.84
50217,10217,Road,2025-01-28,Delayed,36.73
50218,10218,Air,2025-03-13,Delayed,44.72
50219,10219,Air,2025-08-25,Delivered,34.44
50220,10220,Air,2025-04-26,Delivered,25.53
50221,10221,Rail,2026-01-02,Delivered,7.41
50222,10222,Road,2025-03-16,Delivered,25.02
50223,10223,Rail,2025-01-23,Delivered,42.79
50224,10224,Road,2025-03-14,Delivered,45.79
50225,10225,Road,2025-05-01,Delivered,48.7
50226,10226,Road,2025-10-09,Delivered,38.51
50227,10227,Road,2025-09-14,Delivered,23.23
50228,10228,Rail,2025-09-07,Delayed,39.28
50229,10229,Air,2025-06-28,Delivered,48.51
50230,10230,Air,2025-04-09,Delivered,25.49
50231,10231,Road,2025-12-24,Delivered,13.48
50232,10232,Rail,2026-01-04,Delivered,14.26
50233,10233,Air,2025-05-05,Delivered,17.0
50234,10234,Road,2025-05-31,Delivered,5.59
50235,10235,Air,2025-04-28,Delivered,35.37
50236,10236,Rail,2025-12-26,Delivered,24.25
50237,10237,Air,2025-08-17,Delivered,21.15
50238,10238,Rail,2025-03-18,Delivered,12.2
50239,10239,Road,2025-03-01,Delivered,15.63
50240,10240,Air,2025-01-08,Delayed,31.5
50241,10241,Road,2025-01-27,Delivered,32.18
50242,10242,Air,2025-05-17,Delivered,24.06
50243,10243,Air,2025-12-22,Delivered,36.78
50244,10244,Road,2025-10-30,Delivered,17.82
50245,10245,Rail,2025-03-04,Delivered,24.5
50246,10246,Rail,2025-05-12,Delayed,8.95
50247,10247,Rail,2025-07-13,Delivered,23.03
50248,10248,Road,2025-02-09,Delivered,46.4
50249,10249,Rail,2025-12-24,Delayed,18.14
50250,10250,Rail,2025-09-04,Delivered,36.39
50251,10251,Rail,2025-01-27,Delivered,20.66
50252,10252,Air,2025-08-03,Delivered,29.48
50253,10253,Road,2025-11-27,Delayed,9.14
50254,10254,Rail,2025-02-19,Delayed,48.62
50255,10255,Air,2025-10-27,Delivered,10.69
50256,10256,Rail,2025-11-03,Delivered,23.85
50257,10257,Rail,2025-02-02,Delayed,40.15
50258,10258,Air,2026-01-06,Delivered,41.84
50259,10259,Air,2025-12-21,Delivered,8.88
50260,10260,Air,2025-04-22,Delivered,36.21
50261,10261,Road,2025-07-01,Delivered,41.2
50262,10262,Road,2025-09-02,Delivered,45.34
50263,10263,Road,2025-07-01,Delivered,48.84
50264,10264,Road,2025-07-06,Delivered,24.23
50265,10265,Air,2025-07-21,Delivered,49.41
50266,10266,Rail,2025-07-16,Delivered,35.58
50267,10267,Rail,2025-04-18,Delivered,15.5
50268,10268,Road,2025-06-17,Delivered,27.95
50269,10269,Air,2025-08-20,Delayed,15.82
50270,10270,Rail,2025-11-02,Delivered,26.12
50271,10271,Air,2025-01-09,Delivered,40.01
50272,10272,Road,2025-07-22,Delayed,47.25
50273,10273,Air,2025-04-21,Delayed,23.47
50274,10274,Air,2026-01-02,Delayed,10.13
50275,10275,Road,2025-04-23,Delivered,17.78
50276,10276,Air,2025-07-12,Delivered,20.24
50277,10277,Road,2025-07-27,Delayed,16.63
50278,10278,Air,2025-08-27,Delivered,44.93
50279,10279,Air,2025-12-14,Delivered,36.22
50280,10280,Road,2025-09-18,Delivered,29.78
50281,10281,Rail,2025-11-15,Delivered,35.23
50282,10282,Rail,2025-10-22,Delivered,42.0
50283,10283,Road,2025-02-13,Delivered,5.71
50284,10284,Road,2025-12-28,Delivered,32.15
50285,10285,Rail,2025-02-06,Delivered,18.53
50286,10286,Road,2025-04-24,Delivered,15.24
50287,10287,Air,2025-12-15,Delayed,40.37
50288,10288,Road,2025-04-29,Delivered,15.08
50289,10289,Road,2025-07-17,Delivered,23.05
50290,10290,Road,2025-12-11,Delivered,40.41
50291,10291,Air,2025-05-15,Delivered,26.71
50292,10292,Rail,2025-04-29,Delivered,29.85
50293,10293,Rail,2025-03-10,Delayed,42.55
50294,10294,Air,2025-04-10,Delivered,14.95
50295,10295,Rail,2025-03-21,Delivered,24.79
50296,10296,Road,2025-02-22,Delivered,29.21
50297,10297,Rail,2025-06-11,Delayed,41.31
50298,10298,Road,2025-06-11,Delivered,13.88
50299,10299,Road,2025-05-13,Delayed,15.04
50300,10300,Air,2025-08-03,Delivered,25.35
50301,10301,Air,2025-05-01,Delayed,15.07
50302,10302,Road,2025-08-22,Delayed,14.5
50303,10303,Road,2025-08-30,Delayed,49.02
50304,10304,Rail,2025-09-11,Delayed,37.07
50305,10305,Rail,2025-03-23,Delayed,37.41
50306,10306,Rail,2025-06-25,Delivered,18.76
50307,10307,Rail,2025-03-28,Delivered,36.72
50308,10308,Air,2025-09-22,Delayed,48.53
50309,10309,Rail,2025-05-05,Delayed,22.69
50310,10310,Air,2025-02-28,Delayed,39.33
50311,10311,Road,2025-11-15,Delivered,10.53
50312,10312,Road,2025-01-27,Delivered,9.61
50313,10313,Road,2025-09-19,Delivered,5.71
50314,10314,Air,2025-11-26,Delivered,11.16
50315,10315,Road,2025-11-02,Delayed,18.74
50316,10316,Rail,2025-03-01,Delayed,18.02
50317,10317,Rail,2025-06-03,Delivered,9.24
50318,10318,Air,2025-05-05,Delivered,21.82
50319,10319,Rail,2025-09-26,Delivered,11.07
50320,10320,Road,2025-10-15,Delivered,22.96
50321,10321,Road,2025-02-25,Delayed,6.94
50322,10322,Rail,2025-07-28,Delivered,23.11
50323,10323,Road,2025-07-27,Delayed,6.65
50324,10324,Road,2025-02-18,Delivered,32.06
50325,10325,Road,2025-12-13,Delayed,20.15
50326,10326,Road,2025-03-25,Delivered,22.77
50327,10327,Road,2025-05-01,Delivered,9.23
50328,10328,Air,2025-05-06,Delivered,16.08
50329,10329,Rail,2025-02-06,Delivered,33.29
50330,10330,Air,2026-01-01,Delayed,16.96
50331,10331,Rail,2025-02-23,Delivered,7.13
50332,10332,Air,2025-02-24,Delivered,34.81
50333,10333,Road,2025-08-26,Delivered,35.99
50334,10334,Rail,2025-05-12,Delivered,47.72
50335,10335,Air,2025-01-28,Delayed,6.39
50336,10336,Air,2025-09-19,Delayed,15.7
50337,10337,Air,2025-08-09,Delayed,14.12
50338,10338,Rail,2025-01-17,Delivered,42.66
50339,10339,Air,2025-06-13,Delayed,29.4
50340,10340,Rail,2025-02-28,Delivered,10.21
50341,10341,Road,2025-06-07,Delivered,42.17
50342,10342,Rail,2025-09-05,Delivered,19.93
50343,10343,Air,2025-10-26,Delivered,33.05
50344,10344,Road,2025-10-03,Delivered,39.43
50345,10345,Road,2025-05-20,Delivered,32.65
50346,10346,Air,2025-02-26,Delivered,42.99
50347,10347,Rail,2025-01-20,Delivered,22.87
50348,10348,Road,2025-02-09,Delivered,29.38
50349,10349,Road,2025-03-13,Delivered,41.47
50350,10350,Road,2025-02-03,Delivered,49.0
50351,10351,Road,2025-06-18,Delivered,32.22
50352,10352,Air,2025-07-14,Delivered,39.48
50353,10353,Road,2025-06-03,Delayed,44.59
50354,10354,Air,2025-01-07,Delivered,44.31
50355,10355,Air,2025-03-03,Delayed,37.14
50356,10356,Road,2025-12-29,Delivered,38.26
50357,10357,Air,2025-08-22,Delivered,47.27
50358,10358,Road,2025-05-21,Delivered,28.0
50359,10359,Rail,2025-09-12,Delivered,46.55
50360,10360,Rail,2025-08-09,Delivered,46.05
50361,10361,Road,2025-11-19,Delayed,36.92
50362,10362,Rail,2025-10-11,Delayed,37.78
50363,10363,Rail,2025-02-20,Delivered,30.94
50364,10364,Air,2025-11-29,Delivered,31.25
50365,10365,Air,2025-08-07,Delayed,19.83
50366,10366,Road,2025-09-19,Delivered,41.59
50367,10367,Road,2025-02-15,Delayed,28.98
50368,10368,Road,2025-04-04,Delivered,21.27
50369,10369,Air,2025-12-10,Delivered,43.76
50370,10370,Air,2025-05-30,Delivered,41.7
50371,10371,Rail,2025-07-01,Delivered,48.82
50372,10372,Air,2025-05-04,Delivered,5.58
50373,10373,Rail,2025-08-16,Delivered,14.38
50374,10374,Rail,2025-09-09,Delivered,31.51
50375,10375,Road,2025-12-05,Delivered,27.02
50376,10376,Air,2025-04-29,Delivered,33.64
50377,10377,Air,2025-11-21,Delivered,49.46
50378,10378,Rail,2025-02-25,Delivered,10.25
50379,10379,Rail,2025-02-25,Delivered,39.42
50380,10380,Air,2025-10-22,Delivered,40.89
50381,10381,Air,2025-01-19,Delivered,10.25
50382,10382,Rail,2025-09-22,Delayed,18.73
50383,10383,Road,2025-01-29,Delivered,46.05
50384,10384,Rail,2025-11-11,Delivered,10.88
50385,10385,Air,2025-07-08,Delayed,28.3
50386,10386,Road,2026-01-07,Delivered,28.09
50387,10387,Air,2025-11-23,Delivered,26.16
50388,10388,Rail,2025-07-28,Delivered,13.96
50389,10389,Rail,2025-03-11,Delivered,9.61
50390,10390,Rail,2025-06-19,Delivered,18.37
50391,10391,Road,2025-09-03,Delivered,27.02
50392,10392,Road,2025-07-04,Delivered,32.27
50393,10393,Air,2025-09-16,Delivered,28.77
50394,10394,Air,2025-04-22,Delivered,10.9
50395,10395,Road,2025-01-10,Delivered,23.23
50396,10396,Road,2025-09-13,Delayed,17.51
50397,10397,Road,2025-08-31,Delivered,11.19
50398,10398,Rail,2025-06-15,Delayed,26.8
50399,10399,Road,2025-04-27,Delayed,39.9
50400,10400,Rail,2025-06-24,Delivered,34.16
50401,10401,Road,2025-03-19,Delayed,30.77
50402,10402,Air,2025-11-26,Delayed,11.63
50403,10403,Rail,2025-11-11,Delayed,25.2
50404,10404,Rail,2025-01-24,Delivered,44.16
50405,10405,Road,2025-02-04,Delayed,24.99
50406,10406,Air,2025-07-10,Delivered,8.09
50407,10407,Air,2025-09-04,Delivered,31.44
50408,10408,Rail,2025-10-28,Delivered,48.51
50409,10409,Air,2025-06-19,Delivered,42.94
50410,10410,Rail,2025-10-19,Delivered,16.46
50411,10411,Air,2025-08-21,Delivered,31.44
50412,10412,Road,2025-04-27,Delayed,49.13
50413,10413,Air,2025-02-02,Delivered,22.16
50414,10414,Air,2025-03-14,Delivered,12.97
50415,10415,Air,2025-10-12,Delivered,14.52
50416,10416,Rail,2025-06-22,Delivered,36.42
50417,10417,Rail,2025-03-02,Delivered,41.99
50418,10418,Road,2025-04-14,Delivered,16.52
50419,10419,Air,2025-07-12,Delivered,17.69
50420,10420,Air,2025-05-02,Delayed,20.29
50421,10421,Road,2025-04-05,Delivered,29.88
50422,10422,Air,2025-10-01,Delayed,12.44
50423,10423,Air,2025-01-17,Delivered,10.8
50424,10424,Road,2025-12-22,Delivered,19.36
50425,10425,Air,2025-08-25,Delivered,29.84
50426,10426,Rail,2025-02-24,Delivered,30.53
50427,10427,Air,2025-06-25,Delivered,36.76
50428,10428,Air,2025-05-21,Delivered,21.72
50429,10429,Road,2025-08-31,Delivered,38.55
50430,10430,Road,2026-01-01,Delivered,25.22
50431,10431,Rail,2025-06-09,Delivered,29.93
50432,10432,Rail,2025-10-23,Delayed,33.84
50433,10433,Road,2025-04-28,Delayed,28.91
50434,10434,Air,2025-10-06,Delivered,30.15
50435,10435,Road,2025-01-25,Delivered,48.21
50436,10436,Road,2026-01-06,Delayed,21.78
50437,10437,Air,2025-01-27,Delivered,16.75
50438,10438,Rail,2025-08-26,Delivered,26.89
50439,10439,Rail,2025-08-12,Delayed,46.38
50440,10440,Rail,2025-05-08,Delivered,7.54
50441,10441,Air,2025-12-21,Delivered,26.2
50442,10442,Air,2025-07-27,Delivered,43.41
50443,10443,Road,2025-05-05,Delivered,22.43
50444,10444,Road,2025-06-30,Delivered,31.53
50445,10445,Air,2025-06-15,Delayed,29.07
50446,10446,Rail,2025-01-17,Delivered,30.99
50447,10447,Air,2025-10-28,Delivered,16.46
50448,10448,Air,2025-10-20,Delivered,28.96
50449,10449,Air,2025-03-18,Delivered,47.1
50450,10450,Air,2025-09-06,Delivered,11.58
50451,10451,Rail,2025-08-06,Delivered,42.09
50452,10452,Air,2025-05-20,Delivered,31.95
50453,10453,Road,2025-02-08,Delayed,14.42
50454,10454,Air,2025-05-01,Delivered,19.59
50455,10455,Rail,2025-04-02,Delivered,29.09
50456,10456,Road,2025-08-30,Delivered,43.38
50457,10457,Air,2025-08-09,Delayed,27.32
50458,10458,Rail,2025-02-28,Delivered,16.15
50459,10459,Air,2025-07-30,Delivered,14.15
50460,10460,Rail,2025-06-22,Delayed,33.38
50461,10461,Air,2025-07-29,Delivered,14.1
50462,10462,Air,2025-04-25,Delivered,47.37
50463,10463,Air,2025-09-16,Delivered,6.1
50464,10464,Road,2025-08-13,Delayed,11.37
50465,10465,Air,2025-12-20,Delivered,20.32
50466,10466,Road,2025-01-13,Delivered,40.63
50467,10467,Rail,2025-07-22,Delivered,32.34
50468,10468,Air,2025-08-05,Delivered,12.84
50469,10469,Road,2025-02-07,Delivered,28.41
50470,10470,Rail,2025-08-05,Delivered,38.17
50471,10471,Rail,2025-10-26,Delivered,26.88
50472,10472,Air,2025-12-24,Delivered,32.94
50473,10473,Rail,2025-05-25,Delivered,25.19
50474,10474,Rail,2025-06-09,Delivered,34.23
50475,10475,Road,2025-03-09,Delivered,12.24
50476,10476,Air,2025-07-20,Delivered,11.07
50477,10477,Road,2025-06-19,Delivered,34.27
50478,10478,Road,2025-08-28,Delayed,30.26
50479,10479,Road,2025-11-26,Delivered,8.42
50480,10480,Road,2025-06-30,Delivered,35.3
50481,10481,Rail,2025-08-02,Delivered,33.81
50482,10482,Air,2025-12-28,Delayed,8.46
50483,10483,Rail,2025-06-16,Delivered,30.86
50484,10484,Rail,2025-03-02,Delayed,30.44
50485,10485,Air,2025-12-25,Delivered,30.58
50486,10486,Air,2025-08-18,Delivered,37.62
50487,10487,Road,2025-05-25,Delivered,34.41
50488,10488,Air,2025-06-13,Delivered,24.77
50489,10489,Air,2025-06-01,Delivered,48.66
50490,10490,Road,2025-06-20,Delivered,11.71
50491,10491,Rail,2025-05-04,Delivered,33.89
50492,10492,Air,2025-05-08,Delivered,45.5
50493,10493,Air,2025-12-05,Delivered,15.02
50494,10494,Road,2025-10-11,Delivered,40.69
50495,10495,Road,2025-02-28,Delayed,21.58
50496,10496,Air,2025-03-08,Delivered,15.1
50497,10497,Rail,2025-03-05,Delivered,47.92
50498,10498,Road,2025-05-13,Delayed,11.02
50499,10499,Air,2025-10-10,Delivered,15.37
50500,10500,Air,2025-05-15,Delayed,12.52
50501,10501,Rail,2025-10-01,Delayed,5.53
50502,10502,Air,2025-02-06,Delivered,15.59
50503,10503,Road,2025-02-16,Delivered,29.27
50504,10504,Road,2025-08-24,Delivered,20.18
50505,10505,Road,2025-12-02,Delayed,48.04
50506,10506,Road,2025-03-07,Delivered,48.11
50507,10507,Road,2025-05-21,Delivered,13.16
50508,10508,Road,2025-09-27,Delivered,8.58
50509,10509,Air,2025-07-23,Delivered,8.15
50510,10510,Air,2025-07-16,Delivered,31.19
50511,10511,Road,2025-01-11,Delayed,46.04
50512,10512,Air,2025-05-16,Delayed,15.78
50513,10513,Rail,2025-06-11,Delivered,6.17
50514,10514,Rail,2025-11-21,Delivered,35.63
50515,10515,Rail,2025-03-06,Delayed,46.59
50516,10516,Air,2025-08-13,Delayed,22.69
50517,10517,Road,2025-04-15,Delivered,39.31
50518,10518,Rail,2025-07-19,Delivered,22.23
50519,10519,Rail,2025-11-09,Delivered,13.66
50520,10520,Road,2025-02-20,Delivered,5.34
50521,10521,Air,2025-11-22,Delivered,46.11
50522,10522,Air,2025-12-08,Delayed,47.13
50523,10523,Air,2025-06-18,Delivered,36.94
50524,10524,Road,2025-08-10,Delivered,34.61
50525,10525,Air,2025-09-04,Delivered,44.13
50526,10526,Air,2025-08-17,Delayed,10.8
50527,10527,Air,2025-03-10,Delivered,35.41
50528,10528,Rail,2025-12-08,Delivered,34.3
50529,10529,Rail,2025-12-07,Delivered,29.98
50530,10530,Air,2025-09-16,Delivered,29.06
50531,10531,Road,2025-04-27,Delivered,32.17
50532,10532,Road,2025-07-09,Delivered,43.47
50533,10533,Air,2025-11-09,Delivered,28.71
50534,10534,Road,2025-06-22,Delivered,27.52
50535,10535,Air,2025-11-27,Delivered,10.88
50536,10536,Road,2025-03-18,Delivered,44.04
50537,10537,Road,2025-04-19,Delivered,31.03
50538,10538,Rail,2025-07-25,Delayed,29.62
50539,10539,Road,2025-10-06,Delayed,24.44
50540,10540,Air,2025-03-14,Delayed,24.58
50541,10541,Air,2025-09-30,Delivered,13.7
50542,10542,Rail,2025-04-09,Delivered,17.64
50543,10543,Air,2025-11-29,Delayed,23.98
50544,10544,Road,2025-03-24,Delivered,40.99
50545,10545,Air,2025-12-31,Delayed,38.29
50546,10546,Rail,2025-07-14,Delivered,19.0
50547,10547,Air,2025-01-16,Delivered,48.03
50548,10548,Air,2025-08-12,Delivered,32.88
50549,10549,Air,2025-10-29,Delayed,30.86
50550,10550,Road,2025-12-06,Delivered,7.55
50551,10551,Rail,2025-09-30,Delivered,15.45
50552,10552,Air,2025-09-22,Delivered,47.32
50553,10553,Road,2025-01-28,Delivered,7.02
50554,10554,Road,2025-12-11,Delivered,11.04
50555,10555,Rail,2025-09-18,Delivered,49.6
50556,10556,Road,2025-04-03,Delayed,8.73
50557,10557,Rail,2025-02-17,Delayed,32.79
50558,10558,Road,2025-10-28,Delivered,16.77
50559,10559,Air,2025-03-23,Delayed,46.91
50560,10560,Road,2025-12-12,Delivered,28.86
50561,10561,Road,2025-11-04,Delayed,40.54
50562,10562,Air,2025-09-20,Delivered,40.08
50563,10563,Air,2025-02-27,Delivered,21.31
50564,10564,Air,2025-09-07,Delivered,25.2
50565,10565,Air,2025-09-20,Delayed,36.78
50566,10566,Road,2025-09-12,Delivered,14.3
50567,10567,Air,2025-07-06,Delivered,46.3
50568,10568,Rail,2025-06-11,Delivered,10.07
50569,10569,Rail,2025-10-17,Delayed,13.35
50570,10570,Air,2025-03-22,Delivered,39.42
50571,10571,Rail,2025-09-03,Delivered,5.5
50572,10572,Air,2025-11-28,Delivered,12.26
50573,10573,Rail,2025-07-10,Delivered,27.18
50574,10574,Air,2025-04-07,Delivered,12.65
50575,10575,Air,2025-04-18,Delivered,8.93
50576,10576,Air,2025-11-25,Delivered,11.31
50577,10577,Rail,2025-01-13,Delayed,28.15
50578,10578,Air,2025-02-17,Delivered,12.27
50579,10579,Air,2025-07-08,Delivered,36.64
50580,10580,Rail,2025-06-08,Delivered,18.7
50581,10581,Air,2025-07-26,Delivered,25.95
50582,10582,Road,2025-10-05,Delivered,27.3
50583,10583,Air,2025-12-30,Delivered,46.27
50584,10584,Rail,2025-04-23,Delivered,6.47
50585,10585,Road,2025-03-13,Delivered,35.64
50586,10586,Rail,2025-05-24,Delivered,38.91
50587,10587,Air,2025-09-30,Delivered,15.26
50588,10588,Rail,2025-08-17,Delivered,10.25
50589,10589,Air,2025-03-14,Delivered,32.77
50590,10590,Rail,2025-11-11,Delivered,13.19
50591,10591,Air,2025-03-02,Delivered,9.77
50592,10592,Air,2025-07-30,Delayed,17.7
50593,10593,Rail,2025-11-25,Delivered,45.69
50594,10594,Air,2025-06-03,Delivered,32.03
50595,10595,Rail,2025-03-24,Delivered,44.21
50596,10596,Rail,2025-12-06,Delivered,14.96
50597,10597,Air,2025-12-01,Delayed,48.44
50598,10598,Air,2025-11-23,Delivered,31.57
50599,10599,Rail,2025-10-20,Delayed,5.22
50600,10600,Rail,2025-03-23,Delayed,44.65
50601,10601,Road,2025-03-09,Delivered,25.87
50602,10602,Road,2025-07-20,Delayed,28.51
50603,10603,Rail,2025-06-17,Delayed,45.24
50604,10604,Air,2025-04-08,Delivered,34.94
50605,10605,Road,2025-12-09,Delivered,6.07
50606,10606,Road,2025-06-06,Delivered,29.68
50607,10607,Road,2025-08-09,Delivered,13.09
50608,10608,Road,2025-04-24,Delivered,12.17
50609,10609,Road,2025-11-21,Delivered,38.7
50610,10610,Rail,2025-03-16,Delivered,11.97
50611,10611,Road,2025-11-08,Delivered,13.88
50612,10612,Rail,2025-07-14,Delivered,34.3
50613,10613,Road,2025-09-01,Delivered,41.32
50614,10614,Air,2025-06-14,Delivered,38.5
50615,10615,Air,2026-01-05,Delivered,23.21
50616,10616,Air,2025-10-14,Delivered,46.95
50617,10617,Road,2025-12-14,Delivered,18.43
50618,10618,Rail,2025-10-04,Delivered,45.43
50619,10619,Air,2025-03-11,Delayed,11.43
50620,10620,Road,2025-10-17,Delivered,23.84
50621,10621,Road,2025-04-09,Delivered,13.62
50622,10622,Rail,2025-02-26,Delivered,31.52
50623,10623,Air,2025-07-24,Delayed,16.55
50624,10624,Rail,2025-10-18,Delivered,22.96
50625,10625,Road,2025-06-01,Delivered,15.97
50626,10626,Rail,2025-06-15,Delivered,47.71
50627,10627,Road,2025-02-13,Delivered,39.94
50628,10628,Air,2025-08-01,Delivered,16.39
50629,10629,Air,2025-12-20,Delivered,40.18
50630,10630,Road,2025-09-14,Delivered,42.28
50631,10631,Rail,2025-06-29,Delivered,28.68
50632,10632,Air,2025-09-13,Delivered,10.9
50633,10633,Rail,2025-02-20,Delivered,7.7
50634,10634,Air,2025-11-04,Delivered,26.91
50635,10635,Road,2025-12-31,Delivered,36.13
50636,10636,Road,2025-06-23,Delivered,35.59
50637,10637,Road,2025-11-11,Delivered,28.36
50638,10638,Air,2025-01-30,Delivered,40.6
50639,10639,Rail,2025-06-20,Delivered,13.8
50640,10640,Rail,2025-05-09,Delayed,15.94
50641,10641,Road,2025-10-30,Delayed,6.11
50642,10642,Air,2025-04-22,Delivered,28.83
50643,10643,Road,2025-01-05,Delivered,24.42
50644,10644,Rail,2025-04-19,Delivered,7.87
50645,10645,Rail,2025-12-15,Delivered,11.83
50646,10646,Air,2025-08-29,Delivered,20.32
50647,10647,Air,2025-10-17,Delivered,40.04
50648,10648,Road,2026-01-05,Delivered,19.84
50649,10649,Air,2025-06-18,Delivered,28.73
50650,10650,Road,2025-11-30,Delivered,47.49
50651,10651,Rail,2025-09-29,Delivered,23.0
50652,10652,Air,2025-10-08,Delivered,19.38
50653,10653,Air,2025-12-31,Delivered,37.31
50654,10654,Rail,2026-01-04,Delivered,12.36
50655,10655,Rail,2025-05-25,Delivered,49.03
50656,10656,Road,2025-03-27,Delivered,18.1
50657,10657,Air,2025-08-31,Delivered,12.83
50658,10658,Rail,2025-10-24,Delivered,23.78
50659,10659,Road,2025-06-16,Delivered,27.32
50660,10660,Air,2025-08-30,Delivered,7.45
50661,10661,Road,2025-11-20,Delivered,49.22
50662,10662,Road,2025-07-17,Delivered,35.5
50663,10663,Rail,2025-06-17,Delivered,23.92
50664,10664,Rail,2025-09-03,Delivered,45.58
50665,10665,Rail,2025-06-03,Delivered,49.93
50666,10666,Air,2025-11-04,Delayed,31.64
50667,10667,Rail,2025-03-28,Delivered,38.98
50668,10668,Road,2025-03-24,Delivered,39.96
50669,10669,Rail,2025-06-16,Delivered,35.29
50670,10670,Air,2025-02-20,Delayed,27.25
50671,10671,Rail,2025-12-23,Delayed,5.26
50672,10672,Road,2025-03-04,Delivered,46.78
50673,10673,Road,2025-10-25,Delayed,32.84
50674,10674,Air,2025-03-26,Delayed,41.21
50675,10675,Rail,2025-11-22,Delivered,18.53
50676,10676,Rail,2025-09-13,Delivered,34.08
50677,10677,Road,2025-07-27,Delivered,11.92
50678,10678,Road,2025-02-05,Delayed,45.65
50679,10679,Rail,2025-03-15,Delivered,39.08
50680,10680,Road,2025-04-07,Delivered,47.42
50681,10681,Air,2025-07-17,Delayed,5.39
50682,10682,Rail,2025-08-04,Delivered,23.55
50683,10683,Air,2025-03-18,Delivered,40.75
50684,10684,Rail,2025-10-02,Delivered,20.92
50685,10685,Air,2025-06-01,Delivered,19.41
50686,10686,Rail,2025-04-01,Delivered,45.93
50687,10687,Air,2025-06-21,Delivered,20.51
50688,10688,Road,2025-04-21,Delivered,31.02
50689,10689,Air,2025-09-12,Delivered,48.04
50690,10690,Rail,2025-08-28,Delayed,28.75
50691,10691,Air,2025-09-09,Delivered,27.32
50692,10692,Road,2025-01-31,Delivered,10.29
50693,10693,Rail,2025-09-07,Delivered,25.27
50694,10694,Road,2025-12-09,Delivered,15.35
50695,10695,Rail,2025-03-26,Delivered,33.02
50696,10696,Air,2025-12-26,Delivered,25.49
50697,10697,Air,2025-10-04,Delayed,47.84
50698,10698,Rail,2025-03-11,Delivered,11.31
50699,10699,Air,2025-03-27,Delayed,43.19
50700,10700,Air,2025-05-16,Delivered,36.09
50701,10701,Air,2025-07-13,Delivered,33.33
50702,10702,Air,2025-06-02,Delivered,46.87
50703,10703,Air,2025-03-10,Delivered,41.11
50704,10704,Air,2025-06-19,Delivered,13.22
50705,10705,Rail,2025-10-19,Delivered,35.93
50706,10706,Rail,2025-03-27,Delivered,18.77
50707,10707,Rail,2025-09-16,Delivered,44.76
50708,10708,Road,2025-01-28,Delivered,12.15
50709,10709,Rail,2025-02-18,Delivered,38.05
50710,10710,Rail,2025-04-20,Delivered,26.29
50711,10711,Air,2025-12-26,Delivered,12.5
50712,10712,Road,2025-10-18,Delayed,47.11
50713,10713,Rail,2025-10-03,Delayed,22.84
50714,10714,Road,2025-06-29,Delayed,49.51
50715,10715,Road,2025-08-27,Delayed,39.18
50716,10716,Rail,2025-03-17,Delivered,43.15
50717,10717,Air,2025-01-27,Delivered,32.43
50718,10718,Air,2025-10-22,Delivered,23.8
50719,10719,Rail,2025-12-25,Delivered,21.55
50720,10720,Road,2025-10-01,Delayed,23.71
50721,10721,Air,2025-12-29,Delivered,38.1
50722,10722,Air,2025-10-29,Delivered,41.23
50723,10723,Rail,2025-04-09,Delivered,41.16
50724,10724,Air,2025-12-05,Delivered,29.93
50725,10725,Road,2025-11-06,Delivered,48.42
50726,10726,Rail,2025-09-15,Delivered,16.37
50727,10727,Rail,2025-11-02,Delayed,24.92
50728,10728,Road,2025-10-25,Delivered,23.22
50729,10729,Air,2025-05-05,Delivered,44.65
50730,10730,Air,2025-04-07,Delivered,39.22
50731,10731,Road,2025-09-20,Delayed,26.1
50732,10732,Rail,2025-04-08,Delivered,23.43
50733,10733,Air,2025-06-15,Delivered,22.52
50734,10734,Air,2025-10-23,Delayed,27.83
50735,10735,Air,2025-12-01,Delivered,28.63
50736,10736,Air,2025-08-15,Delayed,27.01
50737,10737,Rail,2025-04-29,Delivered,18.79
50738,10738,Rail,2025-01-30,Delivered,28.31
50739,10739,Road,2025-06-07,Delivered,48.79
50740,10740,Rail,2025-01-12,Delivered,9.55
50741,10741,Road,2025-05-22,Delivered,26.59
50742,10742,Road,2025-04-29,Delivered,35.85
50743,10743,Air,2025-12-16,Delayed,22.59
50744,10744,Rail,2025-11-23,Delivered,35.33
50745,10745,Road,2025-10-14,Delivered,14.05
50746,10746,Rail,2025-12-27,Delivered,9.08
50747,10747,Rail,2025-11-30,Delivered,21.61
50748,10748,Air,2025-12-17,Delayed,35.21
50749,10749,Road,2025-06-04,Delayed,41.17
50750,10750,Road,2025-05-17,Delayed,23.48
50751,10751,Road,2025-08-25,Delivered,26.58
50752,10752,Road,2026-01-04,Delivered,49.31
50753,10753,Rail,2025-03-02,Delivered,17.39
50754,10754,Road,2025-03-29,Delayed,9.82
50755,10755,Rail,2025-07-07,Delivered,42.54
50756,10756,Rail,2025-08-09,Delivered,5.76
50757,10757,Road,2025-11-06,Delivered,38.66
50758,10758,Road,2025-10-14,Delayed,10.23
50759,10759,Air,2025-03-26,Delayed,15.83
50760,10760,Air,2025-12-28,Delivered,11.3
50761,10761,Air,2025-02-08,Delivered,25.48
50762,10762,Air,2025-10-15,Delayed,47.36
50763,10763,Air,2025-04-24,Delivered,27.85
50764,10764,Rail,2025-05-14,Delayed,28.57
50765,10765,Air,2025-10-03,Delayed,23.55
50766,10766,Air,2025-04-15,Delivered,41.54
50767,10767,Air,2025-03-15,Delivered,11.01
50768,10768,Road,2025-10-21,Delayed,19.65
50769,10769,Rail,2025-09-05,Delivered,30.51
50770,10770,Rail,2025-06-17,Delivered,25.78
50771,10771,Rail,2025-01-20,Delivered,23.92
50772,10772,Rail,2025-09-28,Delivered,17.59
50773,10773,Road,2025-01-19,Delivered,42.05
50774,10774,Rail,2025-04-10,Delivered,39.33
50775,10775,Road,2025-12-23,Delivered,39.61
50776,10776,Rail,2025-10-21,Delayed,9.68
50777,10777,Road,2025-04-29,Delivered,28.91
50778,10778,Rail,2025-03-21,Delivered,23.36
50779,10779,Air,2025-08-02,Delivered,21.49
50780,10780,Road,2025-08-14,Delivered,41.81
50781,10781,Road,2025-04-30,Delayed,23.78
50782,10782,Rail,2025-04-02,Delayed,7.63
50783,10783,Road,2026-01-01,Delivered,23.54
50784,10784,Road,2025-08-14,Delayed,39.99
50785,10785,Rail,2026-01-05,Delivered,12.62
50786,10786,Air,2025-06-01,Delayed,13.05
50787,10787,Air,2025-09-16,Delivered,12.77
50788,10788,Road,2025-08-08,Delayed,17.21
50789,10789,Road,2025-08-04,Delivered,29.39
50790,10790,Rail,2025-07-22,Delivered,44.84
50791,10791,Road,2025-08-01,Delivered,32.13
50792,10792,Road,2025-08-13,Delayed,39.78
50793,10793,Air,2025-08-14,Delivered,44.75
50794,10794,Rail,2025-11-09,Delivered,34.04
50795,10795,Air,2025-07-09,Delivered,6.37
50796,10796,Road,2025-12-23,Delivered,34.5
50797,10797,Air,2025-06-28,Delayed,42.48
50798,10798,Air,2025-08-31,Delayed,37.48
50799,10799,Air,2025-11-03,Delivered,49.56
50800,10800,Air,2025-10-28,Delivered,17.35
50801,10801,Road,2025-02-15,Delayed,48.14
50802,10802,Road,2025-08-24,Delivered,20.24
50803,10803,Road,2025-04-17,Delivered,32.61
50804,10804,Air,2025-08-05,Delayed,14.73
50805,10805,Road,2025-01-31,Delivered,12.56
50806,10806,Road,2025-10-11,Delivered,39.79
50807,10807,Rail,2025-05-24,Delivered,37.87
50808,10808,Road,2025-04-16,Delivered,8.23
50809,10809,Rail,2025-05-31,Delayed,28.69
50810,10810,Air,2025-01-16,Delivered,9.02
50811,10811,Road,2025-02-17,Delivered,35.58
50812,10812,Air,2025-05-20,Delayed,10.36
50813,10813,Air,2025-07-19,Delivered,48.85
50814,10814,Road,2025-05-01,Delivered,45.24
50815,10815,Rail,2025-07-04,Delivered,41.36
50816,10816,Air,2025-01-08,Delayed,24.54
50817,10817,Rail,2025-05-18,Delayed,49.85
50818,10818,Rail,2025-05-07,Delivered,18.34
50819,10819,Rail,2025-08-11,Delivered,9.59
50820,10820,Road,2025-04-15,Delayed,5.96
50821,10821,Rail,2025-01-27,Delivered,20.23
50822,10822,Air,2025-11-10,Delayed,39.69
50823,10823,Air,2025-05-23,Delivered,8.9
50824,10824,Rail,2025-09-11,Delivered,6.42
50825,10825,Air,2025-10-12,Delayed,32.86
50826,10826,Air,2025-05-19,Delivered,47.66
50827,10827,Rail,2025-04-20,Delayed,27.79
50828,10828,Road,2025-08-12,Delivered,14.74
50829,10829,Rail,2025-09-27,Delayed,27.26
50830,10830,Rail,2025-05-11,Delivered,24.22
50831,10831,Rail,2025-04-13,Delivered,48.75
50832,10832,Road,2025-01-16,Delayed,17.43
50833,10833,Road,2025-07-02,Delayed,28.26
50834,10834,Rail,2025-12-28,Delayed,47.09
50835,10835,Rail,2025-02-23,Delivered,38.33
50836,10836,Air,2025-06-10,Delivered,32.73
50837,10837,Rail,2025-09-04,Delivered,48.43
50838,10838,Air,2025-08-01,Delivered,45.35
50839,10839,Rail,2025-07-25,Delivered,39.15
50840,10840,Rail,2025-03-29,Delivered,20.36
50841,10841,Air,2025-02-27,Delivered,39.36
50842,10842,Road,2025-07-29,Delivered,19.05
50843,10843,Air,2025-12-26,Delayed,37.45
50844,10844,Road,2025-04-29,Delivered,49.57
50845,10845,Rail,2025-11-15,Delayed,19.77
50846,10846,Rail,2025-06-29,Delivered,35.12
50847,10847,Road,2025-11-17,Delivered,30.5
50848,10848,Rail,2026-01-05,Delivered,15.18
50849,10849,Air,2026-01-02,Delivered,7.95
50850,10850,Air,2025-05-31,Delivered,49.58
50851,10851,Air,2025-05-22,Delivered,22.7
50852,10852,Air,2025-06-15,Delivered,22.35
50853,10853,Rail,2025-05-04,Delivered,22.05
50854,10854,Rail,2025-04-01,Delivered,5.29
50855,10855,Road,2025-10-08,Delivered,44.34
50856,10856,Rail,2025-09-22,Delivered,7.27
50857,10857,Rail,2025-10-06,Delivered,25.3
50858,10858,Road,2025-07-23,Delayed,11.33
50859,10859,Air,2025-12-10,Delivered,30.61
50860,10860,Road,2025-06-06,Delivered,41.13
50861,10861,Rail,2025-05-19,Delivered,40.07
50862,10862,Road,2025-09-01,Delayed,48.79
50863,10863,Road,2025-07-25,Delayed,48.96
50864,10864,Rail,2025-01-06,Delivered,6.63
50865,10865,Rail,2025-08-19,Delivered,40.53
50866,10866,Rail,2025-03-11,Delivered,9.6
50867,10867,Road,2025-07-02,Delivered,44.27
50868,10868,Rail,2025-02-28,Delivered,12.31
50869,10869,Road,2025-08-15,Delivered,41.28
50870,10870,Air,2025-03-20,Delivered,18.14
50871,10871,Road,2025-05-12,Delivered,14.68
50872,10872,Rail,2025-07-15,Delayed,13.34
50873,10873,Road,2025-01-08,Delayed,30.89
50874,10874,Rail,2025-07-15,Delivered,49.1
50875,10875,Air,2025-04-10,Delivered,13.97
50876,10876,Rail,2025-03-10,Delivered,29.34
50877,10877,Road,2025-11-28,Delivered,11.18
50878,10878,Air,2025-12-16,Delivered,32.88
50879,10879,Road,2025-05-30,Delivered,33.59
50880,10880,Air,2025-09-20,Delivered,5.17
50881,10881,Air,2025-11-03,Delivered,18.9
50882,10882,Road,2025-05-26,Delayed,16.04
50883,10883,Rail,2025-06-30,Delayed,28.49
50884,10884,Rail,2025-06-19,Delayed,39.45
50885,10885,Road,2025-04-10,Delivered,46.78
50886,10886,Road,2025-03-08,Delivered,32.79
50887,10887,Rail,2025-01-18,Delivered,38.58
50888,10888,Air,2025-01-16,Delivered,42.86
50889,10889,Air,2025-04-19,Delivered,31.42
50890,10890,Rail,2025-11-02,Delivered,31.0
50891,10891,Rail,2025-08-06,Delivered,32.07
50892,10892,Road,2025-04-24,Delivered,48.65
50893,10893,Rail,2025-07-26,Delivered,44.78
50894,10894,Road,2025-04-19,Delivered,15.78
50895,10895,Air,2025-07-29,Delivered,15.54
50896,10896,Air,2025-06-28,Delivered,28.18
50897,10897,Road,2025-04-15,Delayed,7.68
50898,10898,Rail,2025-04-03,Delivered,33.96
50899,10899,Air,2025-10-10,Delivered,19.27
50900,10900,Road,2025-01-25,Delayed,14.48
50901,10901,Road,2025-01-19,Delivered,6.25
50902,10902,Air,2025-09-12,Delivered,29.44
50903,10903,Rail,2025-04-16,Delivered,16.52
50904,10904,Air,2025-08-08,Delivered,15.52
50905,10905,Rail,2025-07-06,Delivered,14.98
50906,10906,Air,2025-01-28,Delivered,34.95
50907,10907,Rail,2025-11-11,Delivered,30.26
50908,10908,Road,2025-10-24,Delivered,45.42
50909,10909,Rail,2025-02-09,Delivered,43.93
50910,10910,Road,2025-04-23,Delivered,19.82
50911,10911,Air,2026-01-05,Delivered,16.99
50912,10912,Rail,2025-08-26,Delivered,29.63
50913,10913,Rail,2025-10-27,Delayed,28.19
50914,10914,Road,2025-11-24,Delayed,12.93
50915,10915,Road,2026-01-02,Delivered,15.14
50916,10916,Air,2025-07-31,Delayed,41.92
50917,10917,Road,2025-06-12,Delivered,10.14
50918,10918,Rail,2025-12-29,Delivered,40.29
50919,10919,Rail,2025-04-07,Delayed,43.08
50920,10920,Road,2025-05-09,Delivered,9.28
50921,10921,Road,2025-10-26,Delivered,14.32
50922,10922,Road,2025-05-24,Delivered,26.09
50923,10923,Rail,2025-08-02,Delivered,33.54
50924,10924,Air,2025-10-25,Delayed,16.76
50925,10925,Air,2025-10-21,Delivered,5.38
50926,10926,Rail,2025-07-30,Delayed,45.63
50927,10927,Air,2025-05-16,Delivered,20.72
50928,10928,Road,2025-06-18,Delivered,11.43
50929,10929,Road,2025-06-12,Delivered,27.87
50930,10930,Air,2025-12-23,Delivered,35.67
50931,10931,Rail,2025-06-25,Delayed,40.22
50932,10932,Air,2025-10-23,Delayed,40.71
50933,10933,Road,2025-02-15,Delayed,9.29
50934,10934,Rail,2025-10-13,Delivered,10.25
50935,10935,Rail,2025-06-07,Delivered,16.22
50936,10936,Air,2025-04-14,Delivered,15.78
50937,10937,Air,2025-05-12,Delivered,19.49
50938,10938,Rail,2025-02-01,Delayed,29.44
50939,10939,Rail,2025-02-04,Delivered,22.53
50940,10940,Road,2025-02-26,Delivered,25.14
50941,10941,Road,2025-03-30,Delivered,26.24
50942,10942,Road,2025-05-12,Delayed,17.25
50943,10943,Road,2025-12-08,Delivered,48.09
50944,10944,Air,2025-08-02,Delivered,42.28
50945,10945,Rail,2025-09-15,Delivered,32.59
50946,10946,Rail,2025-09-22,Delivered,24.92
50947,10947,Air,2025-09-16,Delivered,22.45
50948,10948,Air,2025-05-31,Delivered,39.88
50949,10949,Rail,2025-07-21,Delivered,18.63
50950,10950,Rail,2025-07-23,Delivered,43.84
50951,10951,Road,2025-05-19,Delayed,31.59
50952,10952,Air,2025-03-21,Delayed,19.49
50953,10953,Road,2025-06-23,Delivered,38.0
50954,10954,Air,2025-08-11,Delivered,40.17
50955,10955,Road,2025-03-07,Delivered,38.47
50956,10956,Air,2025-11-15,Delivered,20.19
50957,10957,Rail,2025-11-04,Delivered,25.46
50958,10958,Road,2025-03-01,Delivered,29.98
50959,10959,Road,2025-02-01,Delivered,40.57
50960,10960,Rail,2025-11-15,Delivered,26.8
50961,10961,Air,2025-10-27,Delivered,35.72
50962,10962,Road,2025-12-09,Delivered,36.78
50963,10963,Rail,2025-11-05,Delivered,27.81
50964,10964,Air,2025-04-20,Delivered,36.47
50965,10965,Air,2025-09-18,Delivered,21.29
50966,10966,Air,2025-04-18,Delivered,5.23
50967,10967,Rail,2025-06-01,Delivered,29.99
50968,10968,Air,2025-07-25,Delivered,24.37
50969,10969,Road,2025-08-29,Delayed,33.52
50970,10970,Road,2025-04-02,Delivered,9.13
50971,10971,Air,2025-03-12,Delayed,21.57
50972,10972,Road,2025-05-08,Delivered,41.37
50973,10973,Road,2025-10-15,Delivered,48.02
50974,10974,Rail,2025-11-07,Delivered,42.92
50975,10975,Road,2025-10-27,Delayed,48.78
50976,10976,Air,2025-11-05,Delayed,45.44
50977,10977,Rail,2025-08-05,Delayed,27.88
50978,10978,Road,2025-12-01,Delivered,24.14
50979,10979,Air,2025-03-12,Delivered,23.16
50980,10980,Air,2025-09-19,Delivered,16.42
50981,10981,Road,2025-07-14,Delivered,14.32
50982,10982,Rail,2025-07-29,Delayed,44.83
50983,10983,Air,2025-05-02,Delivered,49.38
50984,10984,Road,2026-01-02,Delivered,25.56
50985,10985,Road,2025-05-21,Delivered,11.86
50986,10986,Rail,2025-07-16,Delivered,19.42
50987,10987,Air,2025-04-18,Delivered,10.21
50988,10988,Air,2025-07-02,Delayed,15.32
50989,10989,Road,2025-12-05,Delayed,16.53
50990,10990,Road,2025-04-23,Delayed,19.53
50991,10991,Air,2025-03-26,Delivered,10.83
50992,10992,Rail,2025-11-26,Delivered,32.06
50993,10993,Rail,2025-12-19,Delivered,37.87
50994,10994,Rail,2025-10-09,Delivered,19.5
50995,10995,Rail,2025-02-23,Delivered,19.21
50996,10996,Rail,2025-02-11,Delayed,47.82
50997,10997,Air,2025-11-07,Delayed,47.59
50998,10998,Rail,2025-06-02,Delivered,13.44
50999,10999,Road,2025-06-11,Delivered,8.68
51000,11000,Air,2025-04-20,Delivered,5.62
51001,11001,Air,2025-07-07,Delivered,36.23
51002,11002,Rail,2025-01-31,Delayed,38.72
51003,11003,Rail,2025-04-16,Delivered,36.4
51004,11004,Road,2026-01-08,Delivered,28.58
51005,11005,Air,2025-08-09,Delivered,26.5
51006,11006,Air,2025-04-16,Delivered,10.22
51007,11007,Rail,2025-05-19,Delivered,18.38
51008,11008,Rail,2025-10-25,Delayed,45.1
51009,11009,Road,2025-08-12,Delayed,44.41
51010,11010,Road,2025-08-26,Delivered,44.51
51011,11011,Rail,2025-07-18,Delivered,33.33
51012,11012,Air,2025-07-01,Delayed,27.23
51013,11013,Air,2025-03-06,Delayed,28.81
51014,11014,Rail,2025-05-03,Delivered,13.81
51015,11015,Rail,2025-05-29,Delayed,5.38
51016,11016,Air,2025-10-10,Delivered,21.21
51017,11017,Rail,2025-12-19,Delivered,15.73
51018,11018,Road,2025-06-21,Delivered,12.37
51019,11019,Road,2026-01-07,Delivered,8.33
51020,11020,Air,2025-06-26,Delayed,26.84
51021,11021,Air,2025-04-22,Delivered,13.97
51022,11022,Road,2025-01-22,Delivered,14.0
51023,11023,Air,2025-12-08,Delivered,30.02
51024,11024,Rail,2025-07-16,Delivered,46.0
51025,11025,Rail,2025-10-09,Delayed,16.48
51026,11026,Air,2025-06-14,Delivered,38.03
51027,11027,Rail,2025-02-07,Delivered,24.89
51028,11028,Rail,2025-10-22,Delivered,10.71
51029,11029,Air,2025-04-02,Delivered,26.83
51030,11030,Air,2025-05-19,Delivered,39.36
51031,11031,Air,2025-08-13,Delivered,14.26
51032,11032,Air,2025-10-31,Delivered,29.38
51033,11033,Air,2025-04-04,Delivered,5.67
51034,11034,Rail,2025-12-23,Delivered,23.24
51035,11035,Rail,2025-01-14,Delayed,23.98
51036,11036,Air,2025-03-07,Delivered,24.0
51037,11037,Air,2025-09-13,Delayed,16.27
51038,11038,Rail,2025-09-04,Delivered,38.69
51039,11039,Rail,2025-02-27,Delivered,14.85
51040,11040,Rail,2025-12-30,Delayed,39.92
51041,11041,Air,2025-09-30,Delivered,11.87
51042,11042,Air,2025-02-21,Delayed,37.38
51043,11043,Rail,2025-06-13,Delivered,5.98
51044,11044,Rail,2025-06-14,Delivered,29.99
51045,11045,Air,2025-06-09,Delivered,19.81
51046,11046,Rail,2025-01-15,Delivered,28.83
51047,11047,Road,2025-09-05,Delayed,34.19
51048,11048,Road,2025-11-17,Delivered,26.05
51049,11049,Air,2025-11-14,Delivered,22.88
51050,11050,Air,2026-01-04,Delivered,12.28
51051,11051,Rail,2025-12-01,Delivered,31.69
51052,11052,Air,2025-09-08,Delivered,49.47
51053,11053,Road,2025-11-07,Delivered,40.82
51054,11054,Rail,2025-08-20,Delivered,36.98
51055,11055,Air,2025-09-05,Delivered,39.82
51056,11056,Rail,2025-08-17,Delivered,13.35
51057,11057,Road,2025-02-12,Delivered,37.76
51058,11058,Road,2025-02-02,Delivered,5.58
51059,11059,Road,2025-06-19,Delivered,10.82
51060,11060,Rail,2025-10-11,Delivered,40.17
51061,11061,Rail,2025-11-04,Delivered,46.31
51062,11062,Road,2025-07-25,Delayed,26.34
51063,11063,Road,2025-12-18,Delivered,9.77
51064,11064,Road,2025-04-26,Delivered,46.11
51065,11065,Road,2025-03-04,Delayed,48.28
51066,11066,Road,2025-01-21,Delivered,14.7
51067,11067,Air,2025-09-17,Delivered,18.52
51068,11068,Road,2025-07-15,Delayed,39.88
51069,11069,Air,2025-03-18,Delayed,20.1
51070,11070,Air,2025-08-06,Delivered,25.95
51071,11071,Air,2025-05-20,Delivered,28.61
51072,11072,Air,2025-03-12,Delayed,26.87
51073,11073,Road,2025-07-22,Delivered,37.83
51074,11074,Rail,2025-03-05,Delivered,31.86
51075,11075,Rail,2025-08-11,Delivered,27.03
51076,11076,Rail,2025-04-27,Delayed,13.61
51077,11077,Rail,2025-10-14,Delivered,35.7
51078,11078,Road,2025-05-16,Delivered,40.23
51079,11079,Air,2025-08-31,Delayed,14.07
51080,11080,Road,2025-01-31,Delivered,13.91
51081,11081,Road,2025-08-23,Delivered,12.12
51082,11082,Road,2025-09-20,Delivered,19.46
51083,11083,Road,2025-05-10,Delivered,7.96
51084,11084,Road,2025-06-18,Delivered,45.25
51085,11085,Air,2025-12-18,Delivered,36.25
51086,11086,Rail,2025-11-13,Delivered,40.97
51087,11087,Rail,2026-01-04,Delivered,31.17
51088,11088,Road,2025-12-29,Delivered,13.75
51089,11089,Air,2025-07-01,Delayed,49.73
51090,11090,Road,2025-08-23,Delayed,7.14
51091,11091,Road,2025-02-26,Delivered,46.74
51092,11092,Air,2025-11-11,Delivered,15.48
51093,11093,Rail,2025-09-22,Delivered,34.53
51094,11094,Air,2025-03-16,Delivered,43.04
51095,11095,Air,2025-07-29,Delivered,47.06
51096,11096,Road,2025-07-20,Delivered,6.36
51097,11097,Rail,2025-02-25,Delivered,36.73
51098,11098,Road,2025-01-27,Delayed,30.45
51099,11099,Air,2025-10-03,Delivered,18.55
51100,11100,Air,2025-09-22,Delivered,6.09
51101,11101,Air,2025-09-29,Delivered,6.47
51102,11102,Rail,2025-12-26,Delayed,47.67
51103,11103,Air,2025-04-06,Delivered,31.82
51104,11104,Air,2025-09-29,Delivered,33.83
51105,11105,Road,2025-09-18,Delivered,44.69
51106,11106,Road,2025-11-11,Delayed,43.29
51107,11107,Air,2025-04-09,Delivered,18.91
51108,11108,Air,2025-08-14,Delayed,31.91
51109,11109,Rail,2025-03-04,Delivered,13.61
51110,11110,Road,2025-02-05,Delivered,22.07
51111,11111,Air,2025-08-24,Delayed,21.83
51112,11112,Air,2025-02-15,Delivered,10.5
51113,11113,Air,2025-12-31,Delivered,28.57
51114,11114,Road,2025-02-10,Delivered,31.57
51115,11115,Rail,2025-02-15,Delivered,49.24
51116,11116,Rail,2025-07-18,Delivered,40.59
51117,11117,Air,2026-01-02,Delivered,33.3
51118,11118,Road,2025-04-16,Delivered,9.48
51119,11119,Air,2025-11-11,Delivered,17.85
51120,11120,Air,2025-04-17,Delivered,38.06
51121,11121,Air,2025-01-05,Delayed,40.8
51122,11122,Rail,2025-10-20,Delivered,46.19
51123,11123,Air,2025-09-20,Delivered,46.54
51124,11124,Air,2025-09-14,Delivered,41.21
51125,11125,Road,2025-04-28,Delivered,15.92
51126,11126,Air,2025-09-30,Delivered,35.59
51127,11127,Road,2025-04-03,Delivered,7.89
51128,11128,Rail,2025-01-22,Delivered,34.58
51129,11129,Road,2025-03-17,Delivered,23.67
51130,11130,Rail,2025-06-25,Delivered,10.76
51131,11131,Rail,2025-12-16,Delivered,12.98
51132,11132,Rail,2025-12-05,Delayed,45.19
51133,11133,Rail,2025-04-19,Delivered,8.73
51134,11134,Rail,2025-08-12,Delivered,42.72
51135,11135,Air,2025-07-17,Delivered,11.58
51136,11136,Air,2025-12-28,Delivered,10.79
51137,11137,Air,2025-06-05,Delivered,39.99
51138,11138,Road,2025-10-21,Delivered,42.83
51139,11139,Air,2025-04-08,Delivered,6.32
51140,11140,Road,2025-06-12,Delivered,44.49
51141,11141,Rail,2025-12-28,Delivered,47.5
51142,11142,Road,2025-12-07,Delivered,22.37
51143,11143,Air,2025-02-16,Delayed,15.63
51144,11144,Rail,2025-01-21,Delivered,10.42
51145,11145,Rail,2025-08-06,Delayed,21.66
51146,11146,Air,2025-02-23,Delivered,33.11
51147,11147,Rail,2025-02-18,Delayed,6.22
51148,11148,Air,2025-09-06,Delayed,14.34
51149,11149,Road,2025-06-03,Delivered,24.09
51150,11150,Air,2026-01-03,Delayed,48.49
51151,11151,Rail,2025-06-09,Delivered,31.56
51152,11152,Rail,2025-09-10,Delivered,20.86
51153,11153,Road,2025-07-30,Delivered,37.0
51154,11154,Road,2025-07-29,Delivered,36.34
51155,11155,Air,2025-07-26,Delivered,37.54
51156,11156,Road,2025-09-26,Delivered,6.61
51157,11157,Road,2025-10-05,Delivered,21.73
51158,11158,Road,2025-03-11,Delivered,14.61
51159,11159,Air,2025-08-25,Delivered,11.9
51160,11160,Rail,2025-03-21,Delayed,37.03
51161,11161,Rail,2025-12-11,Delivered,44.87
51162,11162,Rail,2025-08-18,Delayed,22.9
51163,11163,Rail,2026-01-03,Delayed,13.57
51164,11164,Rail,2025-09-08,Delivered,18.88
51165,11165,Road,2025-01-30,Delivered,31.27
51166,11166,Road,2025-08-05,Delivered,34.28
51167,11167,Rail,2025-07-27,Delayed,45.01
51168,11168,Road,2025-11-09,Delivered,8.32
51169,11169,Road,2025-10-15,Delayed,25.31
51170,11170,Road,2025-01-15,Delivered,34.45
51171,11171,Air,2025-02-18,Delivered,25.74
51172,11172,Road,2025-10-27,Delivered,30.36
51173,11173,Air,2025-06-01,Delivered,42.56
51174,11174,Air,2025-12-16,Delayed,9.31
51175,11175,Road,2025-09-17,Delivered,23.9
51176,11176,Rail,2025-03-25,Delivered,45.65
51177,11177,Rail,2025-10-03,Delivered,15.45
51178,11178,Road,2025-07-22,Delayed,37.76
51179,11179,Rail,2025-02-02,Delivered,37.87
51180,11180,Air,2025-11-02,Delivered,45.25
51181,11181,Road,2025-08-02,Delivered,9.52
51182,11182,Road,2025-08-11,Delivered,39.94
51183,11183,Rail,2025-04-26,Delayed,9.1
51184,11184,Air,2025-07-29,Delivered,12.06
51185,11185,Air,2025-12-03,Delivered,19.79
51186,11186,Rail,2025-10-09,Delivered,48.07
51187,11187,Road,2025-11-15,Delivered,17.71
51188,11188,Road,2025-08-09,Delivered,28.89
51189,11189,Air,2025-10-02,Delayed,33.79
51190,11190,Air,2025-03-16,Delivered,23.96
51191,11191,Road,2025-11-08,Delivered,17.83
51192,11192,Air,2025-05-10,Delivered,7.1
51193,11193,Road,2025-05-14,Delivered,48.37
51194,11194,Rail,2025-09-08,Delivered,16.19
51195,11195,Air,2025-09-29,Delivered,8.41
51196,11196,Road,2025-10-04,Delivered,42.34
51197,11197,Air,2025-07-08,Delivered,21.34
51198,11198,Rail,2025-10-01,Delayed,22.44
51199,11199,Air,2025-02-16,Delivered,10.15
51200,11200,Road,2025-06-13,Delivered,38.72
51201,11201,Road,2025-03-23,Delayed,7.02
51202,11202,Air,2025-05-01,Delivered,39.91
51203,11203,Air,2025-11-04,Delayed,47.18
51204,11204,Road,2025-05-23,Delivered,30.29
51205,11205,Air,2025-06-25,Delivered,16.75
51206,11206,Road,2025-08-10,Delivered,46.25
51207,11207,Air,2025-03-18,Delayed,11.84
51208,11208,Air,2025-08-25,Delivered,37.18
51209,11209,Rail,2025-07-30,Delivered,47.07
51210,11210,Rail,2025-04-01,Delayed,43.56
51211,11211,Road,2025-12-08,Delivered,42.1
51212,11212,Rail,2025-12-28,Delayed,26.95
51213,11213,Rail,2025-04-02,Delivered,40.69
51214,11214,Air,2025-09-21,Delivered,20.7
51215,11215,Air,2025-12-27,Delivered,33.85
51216,11216,Road,2025-02-26,Delivered,45.6
51217,11217,Air,2025-01-21,Delivered,30.91
51218,11218,Road,2025-08-06,Delivered,29.87
51219,11219,Air,2025-09-25,Delivered,43.9
51220,11220,Air,2025-12-05,Delivered,49.86
51221,11221,Air,2025-05-10,Delivered,7.2
51222,11222,Road,2025-05-06,Delivered,20.27
51223,11223,Air,2025-11-27,Delivered,15.96
51224,11224,Rail,2025-08-20,Delivered,32.05
51225,11225,Road,2025-03-14,Delivered,16.98
51226,11226,Rail,2025-08-19,Delivered,33.56
51227,11227,Road,2025-07-10,Delayed,49.24
51228,11228,Rail,2025-03-08,Delayed,7.64
51229,11229,Rail,2025-03-20,Delivered,6.45
51230,11230,Air,2025-06-28,Delivered,15.02
51231,11231,Air,2025-09-24,Delivered,20.19
51232,11232,Road,2025-05-20,Delivered,33.88
51233,11233,Rail,2025-11-10,Delivered,49.72
51234,11234,Rail,2025-10-16,Delivered,11.63
51235,11235,Air,2025-09-21,Delivered,41.42
51236,11236,Air,2025-07-05,Delivered,28.67
51237,11237,Road,2025-11-05,Delivered,37.37
51238,11238,Road,2025-03-09,Delivered,5.26
51239,11239,Rail,2025-06-06,Delivered,18.19
51240,11240,Air,2025-06-14,Delivered,19.49
51241,11241,Air,2025-05-06,Delivered,38.0
51242,11242,Rail,2025-10-15,Delivered,13.52
51243,11243,Rail,2025-04-18,Delayed,6.65
51244,11244,Air,2025-08-16,Delayed,31.32
51245,11245,Rail,2025-06-02,Delivered,8.0
51246,11246,Air,2025-04-04,Delivered,12.17
51247,11247,Rail,2025-05-13,Delivered,32.16
51248,11248,Road,2025-08-06,Delivered,31.69
51249,11249,Rail,2025-12-31,Delivered,33.33
51250,11250,Rail,2025-11-30,Delivered,5.34
51251,11251,Road,2025-12-16,Delivered,40.33
51252,11252,Road,2025-08-19,Delivered,13.79
51253,11253,Air,2025-07-05,Delivered,44.96
51254,11254,Air,2025-07-29,Delivered,23.69
51255,11255,Rail,2025-04-11,Delivered,23.39
51256,11256,Rail,2025-10-03,Delivered,13.1
51257,11257,Air,2025-10-28,Delayed,5.18
51258,11258,Road,2025-02-14,Delivered,35.46
51259,11259,Road,2025-10-31,Delivered,26.73
51260,11260,Road,2025-08-12,Delivered,13.77
51261,11261,Air,2025-10-22,Delayed,19.87
51262,11262,Road,2025-08-16,Delivered,38.75
51263,11263,Air,2025-10-07,Delivered,42.52
51264,11264,Road,2025-12-01,Delivered,15.32
51265,11265,Rail,2025-12-31,Delivered,16.76
51266,11266,Road,2025-05-09,Delivered,49.49
51267,11267,Road,2025-12-03,Delivered,10.82
51268,11268,Road,2025-01-30,Delivered,20.51
51269,11269,Rail,2025-01-31,Delayed,8.06
51270,11270,Air,2025-11-05,Delivered,48.31
51271,11271,Road,2025-05-07,Delivered,36.05
51272,11272,Road,2025-09-23,Delivered,12.69
51273,11273,Air,2025-03-26,Delivered,21.11
51274,11274,Road,2025-06-03,Delivered,41.32
51275,11275,Rail,2025-07-16,Delivered,44.11
51276,11276,Road,2025-03-16,Delivered,35.21
51277,11277,Rail,2025-11-15,Delivered,23.81
51278,11278,Road,2025-04-17,Delivered,22.94
51279,11279,Road,2025-04-07,Delivered,17.98
51280,11280,Road,2025-12-12,Delayed,22.76
51281,11281,Rail,2025-12-31,Delivered,47.73
51282,11282,Rail,2025-12-12,Delivered,49.46
51283,11283,Rail,2025-04-14,Delivered,36.19
51284,11284,Air,2025-11-09,Delivered,41.9
51285,11285,Rail,2025-02-20,Delivered,26.31
51286,11286,Rail,2025-08-14,Delivered,22.8
51287,11287,Rail,2025-09-14,Delayed,38.26
51288,11288,Road,2025-01-12,Delivered,34.67
51289,11289,Air,2025-10-21,Delivered,14.34
51290,11290,Air,2025-12-31,Delayed,30.31
51291,11291,Air,2025-09-27,Delivered,25.29
51292,11292,Air,2025-10-30,Delivered,47.57
51293,11293,Rail,2025-09-30,Delivered,9.96
51294,11294,Rail,2025-02-28,Delivered,34.06
51295,11295,Road,2025-08-27,Delivered,11.89
51296,11296,Air,2025-05-25,Delivered,21.11
51297,11297,Road,2025-12-08,Delivered,20.69
51298,11298,Road,2025-05-22,Delivered,12.45
51299,11299,Air,2025-07-08,Delayed,18.7
51300,11300,Road,2025-10-08,Delivered,18.32
51301,11301,Air,2025-08-28,Delivered,38.59
51302,11302,Air,2025-05-20,Delivered,45.06
51303,11303,Air,2025-05-16,Delayed,36.57
51304,11304,Rail,2025-07-09,Delivered,14.36
51305,11305,Rail,2025-10-07,Delivered,15.0
51306,11306,Air,2025-05-16,Delivered,22.59
51307,11307,Rail,2025-03-30,Delivered,44.68
51308,11308,Air,2025-08-14,Delivered,10.44
51309,11309,Road,2025-09-23,Delivered,28.41
51310,11310,Road,2025-01-03,Delivered,27.72
51311,11311,Air,2025-07-03,Delayed,17.3
51312,11312,Road,2025-11-20,Delivered,45.46
51313,11313,Road,2025-12-02,Delivered,9.87
51314,11314,Air,2025-08-11,Delayed,45.33
51315,11315,Air,2025-06-28,Delivered,21.35
51316,11316,Road,2025-01-08,Delivered,48.93
51317,11317,Road,2025-03-24,Delivered,10.83
51318,11318,Rail,2025-07-26,Delivered,9.16
51319,11319,Rail,2025-07-25,Delayed,42.9
51320,11320,Road,2025-08-16,Delivered,43.72
51321,11321,Road,2025-06-14,Delayed,8.78
51322,11322,Rail,2025-12-29,Delivered,8.58
51323,11323,Road,2025-01-22,Delivered,18.75
51324,11324,Air,2025-03-16,Delivered,38.63
51325,11325,Road,2025-03-01,Delivered,33.49
51326,11326,Air,2025-08-29,Delivered,29.68
51327,11327,Rail,2025-04-28,Delivered,13.87
51328,11328,Road,2025-03-22,Delivered,35.22
51329,11329,Rail,2025-06-13,Delivered,48.37
51330,11330,Rail,2025-01-23,Delayed,29.38
51331,11331,Air,2025-06-20,Delivered,32.93
51332,11332,Road,2025-04-05,Delivered,7.09
51333,11333,Air,2025-10-28,Delivered,7.8
51334,11334,Rail,2025-10-28,Delivered,21.49
51335,11335,Air,2025-03-08,Delivered,36.48
51336,11336,Rail,2025-08-21,Delivered,46.52
51337,11337,Air,2026-01-02,Delivered,46.72
51338,11338,Road,2025-01-28,Delivered,25.83
51339,11339,Road,2025-09-17,Delivered,23.21
51340,11340,Road,2025-07-12,Delivered,47.51
51341,11341,Air,2025-07-22,Delivered,5.94
51342,11342,Road,2025-09-04,Delivered,45.54
51343,11343,Rail,2025-09-18,Delayed,5.25
51344,11344,Rail,2025-09-24,Delivered,44.41
51345,11345,Road,2025-11-15,Delivered,12.77
51346,11346,Rail,2025-10-21,Delayed,29.17
51347,11347,Rail,2025-06-21,Delivered,9.96
51348,11348,Air,2025-05-24,Delivered,46.95
51349,11349,Road,2025-12-07,Delayed,6.2
51350,11350,Road,2025-03-21,Delivered,30.02
51351,11351,Air,2025-07-18,Delayed,20.27
51352,11352,Road,2025-02-24,Delivered,42.43
51353,11353,Air,2025-04-07,Delivered,12.84
51354,11354,Air,2025-07-28,Delayed,30.05
51355,11355,Air,2025-01-13,Delivered,41.89
51356,11356,Road,2025-05-07,Delayed,19.2
51357,11357,Rail,2025-02-20,Delivered,24.49
51358,11358,Rail,2025-11-11,Delivered,15.63
51359,11359,Rail,2025-09-30,Delayed,49.09
51360,11360,Rail,2025-04-14,Delivered,23.95
51361,11361,Air,2025-02-14,Delivered,47.74
51362,11362,Rail,2025-11-11,Delivered,20.12
51363,11363,Rail,2025-12-29,Delivered,36.08
51364,11364,Road,2025-08-17,Delivered,47.68
51365,11365,Rail,2026-01-03,Delivered,43.3
51366,11366,Air,2026-01-09,Delivered,27.88
51367,11367,Air,2025-05-19,Delivered,41.13
51368,11368,Road,2025-12-19,Delivered,42.95
51369,11369,Road,2025-12-04,Delivered,49.63
51370,11370,Road,2025-05-16,Delivered,29.57
51371,11371,Air,2025-11-20,Delivered,27.31
51372,11372,Rail,2025-04-16,Delivered,23.79
51373,11373,Rail,2025-07-20,Delivered,5.79
51374,11374,Rail,2025-06-09,Delivered,38.54
51375,11375,Air,2025-10-27,Delayed,22.4
51376,11376,Air,2025-11-13,Delivered,20.1
51377,11377,Air,2025-04-04,Delivered,37.57
51378,11378,Rail,2025-07-18,Delayed,18.09
51379,11379,Road,2025-07-28,Delayed,13.65
51380,11380,Road,2025-01-29,Delivered,12.85
51381,11381,Road,2025-12-06,Delivered,42.88
51382,11382,Road,2025-12-17,Delivered,37.96
51383,11383,Road,2025-10-24,Delayed,13.74
51384,11384,Air,2025-09-22,Delivered,20.52
51385,11385,Air,2025-03-27,Delivered,41.65
51386,11386,Rail,2026-01-08,Delivered,24.94
51387,11387,Road,2025-02-15,Delayed,28.85
51388,11388,Road,2025-07-28,Delayed,37.0
51389,11389,Air,2025-08-30,Delivered,17.84
51390,11390,Rail,2025-02-27,Delivered,13.23
51391,11391,Rail,2025-08-01,Delayed,42.12
51392,11392,Road,2025-04-25,Delivered,12.13
51393,11393,Rail,2025-08-20,Delivered,30.86
51394,11394,Road,2025-02-19,Delivered,42.38
51395,11395,Rail,2025-07-01,Delivered,16.59
51396,11396,Air,2025-01-29,Delivered,20.82
51397,11397,Road,2025-01-21,Delivered,24.59
51398,11398,Rail,2025-10-20,Delivered,35.32
51399,11399,Air,2025-10-01,Delivered,23.25
51400,11400,Air,2025-08-07,Delivered,38.7
51401,11401,Road,2025-11-05,Delivered,31.45
51402,11402,Road,2025-12-23,Delivered,17.49
51403,11403,Rail,2025-06-14,Delivered,21.25
51404,11404,Road,2025-10-13,Delivered,36.27
51405,11405,Road,2025-05-05,Delivered,47.49
51406,11406,Road,2025-03-21,Delivered,46.64
51407,11407,Air,2025-10-23,Delivered,46.66
51408,11408,Air,2025-04-15,Delivered,19.77
51409,11409,Road,2025-09-14,Delayed,6.52
51410,11410,Road,2025-10-28,Delayed,27.4
51411,11411,Road,2025-08-31,Delivered,24.2
51412,11412,Road,2025-02-05,Delivered,31.45
51413,11413,Air,2025-05-30,Delayed,32.48
51414,11414,Air,2025-10-04,Delayed,5.44
51415,11415,Rail,2025-10-05,Delayed,26.51
51416,11416,Air,2025-02-10,Delivered,28.62
51417,11417,Air,2025-12-17,Delivered,43.82
51418,11418,Air,2025-03-24,Delivered,7.7
51419,11419,Rail,2025-05-25,Delivered,44.49
51420,11420,Air,2025-09-27,Delivered,8.85
51421,11421,Air,2025-10-04,Delayed,31.29
51422,11422,Rail,2025-09-09,Delivered,8.38
51423,11423,Rail,2025-09-21,Delayed,46.55
51424,11424,Rail,2025-07-22,Delivered,20.06
51425,11425,Rail,2025-03-14,Delivered,19.26
51426,11426,Air,2025-10-06,Delivered,17.44
51427,11427,Air,2025-01-13,Delayed,30.06
51428,11428,Air,2025-07-30,Delayed,43.5
51429,11429,Rail,2025-05-10,Delivered,40.69
51430,11430,Road,2025-12-25,Delivered,18.53
51431,11431,Air,2025-03-15,Delivered,13.69
51432,11432,Air,2025-02-23,Delivered,6.5
51433,11433,Rail,2025-08-09,Delivered,15.42
51434,11434,Rail,2025-06-24,Delayed,33.68
51435,11435,Air,2025-07-10,Delayed,22.12
51436,11436,Air,2025-10-29,Delivered,34.39
51437,11437,Road,2025-10-11,Delivered,42.28
51438,11438,Road,2025-12-08,Delivered,18.14
51439,11439,Air,2025-07-24,Delivered,18.41
51440,11440,Air,2025-11-18,Delayed,41.09
51441,11441,Air,2025-04-26,Delivered,34.27
51442,11442,Rail,2025-10-12,Delivered,48.92
51443,11443,Air,2025-07-09,Delivered,10.25
51444,11444,Rail,2025-12-18,Delivered,22.57
51445,11445,Road,2025-04-27,Delivered,42.88
51446,11446,Road,2025-02-09,Delivered,23.64
51447,11447,Rail,2025-03-09,Delivered,9.37
51448,11448,Rail,2025-05-07,Delivered,37.76
51449,11449,Rail,2025-11-16,Delayed,31.54
51450,11450,Road,2025-05-09,Delayed,34.87
51451,11451,Rail,2025-06-08,Delivered,15.14
51452,11452,Road,2025-06-11,Delayed,25.62
51453,11453,Road,2025-07-11,Delivered,22.49
51454,11454,Road,2025-10-14,Delivered,49.28
51455,11455,Rail,2025-08-01,Delivered,12.48
51456,11456,Rail,2025-02-22,Delivered,20.07
51457,11457,Road,2025-06-05,Delivered,49.87
51458,11458,Air,2025-08-06,Delivered,24.35
51459,11459,Air,2025-01-30,Delayed,29.8
51460,11460,Air,2025-01-26,Delivered,36.18
51461,11461,Air,2025-06-09,Delivered,35.37
51462,11462,Air,2025-04-15,Delivered,6.59
51463,11463,Rail,2025-02-12,Delivered,22.27
51464,11464,Rail,2025-08-17,Delivered,6.12
51465,11465,Air,2025-01-28,Delivered,7.43
51466,11466,Road,2025-05-14,Delivered,9.43
51467,11467,Air,2025-07-01,Delivered,31.07
51468,11468,Air,2025-08-07,Delayed,45.84
51469,11469,Road,2025-03-02,Delayed,19.44
51470,11470,Road,2025-04-23,Delayed,25.72
51471,11471,Air,2025-01-29,Delivered,13.78
51472,11472,Road,2025-11-07,Delivered,13.62
51473,11473,Rail,2025-04-14,Delivered,12.04
51474,11474,Air,2025-07-11,Delivered,38.57
51475,11475,Rail,2025-01-25,Delivered,15.81
51476,11476,Air,2025-08-12,Delivered,23.28
51477,11477,Road,2025-03-12,Delivered,8.82
51478,11478,Road,2025-02-21,Delivered,14.91
51479,11479,Rail,2025-12-05,Delivered,37.64
51480,11480,Air,2025-02-11,Delivered,47.73
51481,11481,Air,2025-05-01,Delivered,13.16
51482,11482,Rail,2025-03-18,Delayed,35.3
51483,11483,Road,2025-04-24,Delayed,25.76
51484,11484,Road,2025-09-06,Delivered,15.83
51485,11485,Rail,2025-11-10,Delivered,27.14
51486,11486,Air,2025-12-23,Delayed,24.36
51487,11487,Road,2025-07-04,Delivered,39.63
51488,11488,Air,2025-08-28,Delayed,12.63
51489,11489,Air,2025-12-07,Delivered,6.42
51490,11490,Road,2025-09-12,Delivered,14.41
51491,11491,Road,2025-12-07,Delivered,24.3
51492,11492,Rail,2025-04-01,Delivered,17.63
51493,11493,Rail,2025-03-07,Delivered,37.66
51494,11494,Air,2025-04-11,Delayed,35.19
51495,11495,Road,2025-09-16,Delivered,40.67
51496,11496,Rail,2025-07-27,Delivered,24.11
51497,11497,Road,2025-05-20,Delayed,35.25
51498,11498,Air,2025-01-28,Delivered,47.21
51499,11499,Air,2025-05-26,Delayed,30.24
51500,11500,Road,2025-07-27,Delayed,11.1
51501,11501,Rail,2025-12-06,Delivered,14.58
51502,11502,Air,2025-08-13,Delayed,27.45
51503,11503,Road,2025-08-16,Delayed,45.45
51504,11504,Air,2025-06-13,Delivered,15.52
51505,11505,Rail,2025-07-30,Delivered,11.82
51506,11506,Rail,2025-12-10,Delayed,21.2
51507,11507,Road,2025-11-11,Delivered,20.55
51508,11508,Road,2025-10-04,Delivered,21.22
51509,11509,Air,2025-05-04,Delivered,48.56
51510,11510,Road,2025-05-04,Delayed,24.9
51511,11511,Rail,2025-03-21,Delivered,16.77
51512,11512,Rail,2025-02-03,Delivered,10.38
51513,11513,Air,2025-12-29,Delayed,44.05
51514,11514,Air,2025-07-21,Delayed,12.27
51515,11515,Rail,2025-06-11,Delivered,30.49
51516,11516,Road,2025-01-10,Delivered,41.31
51517,11517,Road,2025-01-29,Delivered,8.3
51518,11518,Road,2025-04-16,Delivered,17.82
51519,11519,Road,2025-10-13,Delivered,38.22
51520,11520,Road,2025-10-11,Delivered,14.42
51521,11521,Air,2025-12-19,Delivered,16.5
51522,11522,Air,2025-09-18,Delivered,17.99
51523,11523,Road,2025-06-14,Delivered,31.86
51524,11524,Road,2025-04-29,Delivered,13.7
51525,11525,Rail,2025-06-04,Delivered,33.96
51526,11526,Rail,2025-09-30,Delivered,10.01
51527,11527,Rail,2025-09-29,Delivered,39.15
51528,11528,Road,2025-05-13,Delivered,49.51
51529,11529,Road,2025-07-07,Delivered,35.11
51530,11530,Rail,2025-09-11,Delayed,20.73
51531,11531,Road,2025-04-09,Delayed,5.54
51532,11532,Rail,2025-12-22,Delivered,32.92
51533,11533,Air,2025-05-08,Delivered,7.1
51534,11534,Rail,2025-10-08,Delivered,30.72
51535,11535,Air,2025-06-15,Delivered,36.34
51536,11536,Air,2025-10-04,Delivered,9.4
51537,11537,Air,2025-02-01,Delivered,36.79
51538,11538,Air,2025-01-09,Delivered,40.39
51539,11539,Air,2025-12-20,Delayed,29.05
51540,11540,Road,2025-10-20,Delivered,45.29
51541,11541,Air,2025-02-03,Delivered,13.05
51542,11542,Air,2025-03-18,Delivered,40.99
51543,11543,Road,2025-12-18,Delivered,24.01
51544,11544,Air,2025-10-03,Delayed,21.57
51545,11545,Air,2025-03-22,Delivered,48.3
51546,11546,Air,2025-12-30,Delivered,45.71
51547,11547,Rail,2025-08-22,Delivered,35.18
51548,11548,Rail,2025-01-22,Delayed,25.75
51549,11549,Road,2025-07-19,Delivered,32.84
51550,11550,Road,2025-04-03,Delayed,5.4
51551,11551,Road,2025-08-11,Delivered,48.23
51552,11552,Road,2025-08-27,Delivered,44.03
51553,11553,Road,2025-11-15,Delayed,31.5
51554,11554,Rail,2025-11-28,Delivered,48.81
51555,11555,Road,2025-03-05,Delivered,40.97
51556,11556,Road,2025-01-30,Delivered,36.51
51557,11557,Air,2025-12-24,Delivered,9.99
51558,11558,Road,2025-05-31,Delayed,12.59
51559,11559,Road,2025-01-27,Delivered,15.14
51560,11560,Road,2025-11-18,Delayed,43.98
51561,11561,Road,2025-07-09,Delivered,21.97
51562,11562,Air,2025-12-04,Delivered,6.2
51563,11563,Road,2025-07-08,Delivered,17.8
51564,11564,Air,2025-04-10,Delivered,42.14
51565,11565,Air,2025-12-31,Delivered,22.16
51566,11566,Rail,2026-01-08,Delivered,23.03
51567,11567,Road,2025-01-31,Delivered,11.28
51568,11568,Air,2025-06-25,Delivered,36.37
51569,11569,Road,2025-01-12,Delivered,41.92
51570,11570,Air,2025-08-16,Delivered,21.22
51571,11571,Rail,2025-07-21,Delivered,18.86
51572,11572,Rail,2025-12-01,Delivered,27.35
51573,11573,Air,2025-11-13,Delivered,35.59
51574,11574,Air,2025-08-19,Delayed,19.91
51575,11575,Road,2025-08-06,Delivered,21.79
51576,11576,Rail,2025-12-27,Delivered,35.94
51577,11577,Rail,2025-11-19,Delivered,17.28
51578,11578,Air,2025-11-10,Delivered,16.78
51579,11579,Rail,2025-06-06,Delivered,35.43
51580,11580,Rail,2025-04-30,Delivered,29.42
51581,11581,Rail,2025-02-03,Delivered,28.4
51582,11582,Air,2025-12-30,Delivered,31.46
51583,11583,Road,2025-12-30,Delayed,22.32
51584,11584,Air,2025-04-04,Delivered,40.5
51585,11585,Road,2025-08-19,Delivered,23.43
51586,11586,Road,2025-10-18,Delivered,23.01
51587,11587,Road,2025-11-16,Delivered,40.11
51588,11588,Road,2025-08-01,Delivered,18.73
51589,11589,Road,2026-01-01,Delivered,12.72
51590,11590,Rail,2025-03-15,Delivered,21.21
51591,11591,Rail,2025-07-18,Delivered,34.52
51592,11592,Rail,2025-07-21,Delivered,38.31
51593,11593,Air,2025-02-23,Delivered,20.52
51594,11594,Road,2025-12-16,Delivered,20.81
51595,11595,Air,2025-06-16,Delivered,6.33
51596,11596,Rail,2025-02-28,Delayed,19.67
51597,11597,Road,2025-11-10,Delivered,32.5
51598,11598,Road,2025-02-04,Delivered,23.88
51599,11599,Air,2025-09-25,Delivered,37.92
51600,11600,Road,2025-04-14,Delayed,17.53
51601,11601,Road,2025-10-18,Delivered,16.28
51602,11602,Road,2025-02-22,Delivered,14.54
51603,11603,Road,2025-12-30,Delivered,41.06
51604,11604,Rail,2025-01-14,Delivered,32.24
51605,11605,Air,2025-07-15,Delivered,16.26
51606,11606,Rail,2025-08-24,Delayed,13.32
51607,11607,Rail,2025-02-15,Delayed,13.0
51608,11608,Air,2025-11-04,Delayed,38.72
51609,11609,Road,2025-11-01,Delivered,47.69
51610,11610,Air,2025-05-04,Delayed,23.61
51611,11611,Road,2025-11-10,Delivered,22.34
51612,11612,Air,2025-04-14,Delayed,22.17
51613,11613,Air,2025-08-01,Delivered,48.9
51614,11614,Road,2025-04-14,Delayed,47.54
51615,11615,Road,2025-02-09,Delivered,10.19
51616,11616,Road,2025-03-31,Delayed,18.08
51617,11617,Air,2025-02-15,Delayed,27.45
51618,11618,Road,2025-10-31,Delivered,27.09
51619,11619,Rail,2025-07-12,Delivered,27.53
51620,11620,Air,2025-05-02,Delayed,42.61
51621,11621,Air,2025-09-12,Delivered,40.28
51622,11622,Road,2025-08-24,Delayed,7.97
51623,11623,Road,2025-10-05,Delivered,10.15
51624,11624,Road,2025-12-22,Delivered,37.89
51625,11625,Rail,2025-04-22,Delivered,16.69
51626,11626,Air,2025-06-23,Delivered,32.15
51627,11627,Rail,2025-03-12,Delivered,43.72
51628,11628,Rail,2025-04-23,Delayed,21.26
51629,11629,Road,2025-08-29,Delayed,36.49
51630,11630,Rail,2025-07-10,Delayed,12.62
51631,11631,Rail,2025-02-10,Delayed,18.45
51632,11632,Road,2025-08-07,Delivered,39.74
51633,11633,Rail,2025-03-02,Delivered,20.16
51634,11634,Air,2025-10-14,Delivered,34.88
51635,11635,Road,2025-06-17,Delivered,37.09
51636,11636,Road,2025-05-02,Delayed,44.28
51637,11637,Road,2025-08-26,Delayed,35.18
51638,11638,Rail,2025-12-23,Delivered,36.56
51639,11639,Road,2025-02-10,Delivered,5.57
51640,11640,Rail,2025-08-26,Delivered,21.1
51641,11641,Rail,2025-05-17,Delivered,48.54
51642,11642,Road,2025-10-06,Delivered,37.19
51643,11643,Rail,2025-03-11,Delivered,43.73
51644,11644,Rail,2025-05-12,Delayed,47.87
51645,11645,Air,2025-03-30,Delayed,20.75
51646,11646,Rail,2025-11-18,Delivered,10.7
51647,11647,Air,2025-02-07,Delivered,22.78
51648,11648,Rail,2025-07-13,Delayed,10.11
51649,11649,Air,2025-05-01,Delivered,45.93
51650,11650,Air,2025-12-11,Delivered,41.34
51651,11651,Road,2025-12-14,Delivered,40.45
51652,11652,Rail,2025-08-15,Delivered,20.46
51653,11653,Air,2025-02-18,Delivered,33.8
51654,11654,Road,2025-12-20,Delivered,19.47
51655,11655,Road,2025-01-17,Delivered,33.44
51656,11656,Road,2025-10-16,Delivered,32.26
51657,11657,Air,2025-11-22,Delayed,19.9
51658,11658,Road,2025-12-08,Delivered,47.85
51659,11659,Road,2025-06-20,Delivered,16.94
51660,11660,Road,2025-12-07,Delayed,44.21
51661,11661,Air,2025-11-22,Delivered,45.7
51662,11662,Air,2025-07-26,Delivered,49.53
51663,11663,Road,2025-02-12,Delivered,8.66
51664,11664,Rail,2025-04-06,Delayed,20.09
51665,11665,Air,2025-10-31,Delivered,49.41
51666,11666,Rail,2025-11-17,Delayed,30.59
51667,11667,Air,2025-12-19,Delivered,19.09
51668,11668,Rail,2025-03-02,Delayed,29.35
51669,11669,Road,2025-05-04,Delivered,17.28
51670,11670,Road,2025-01-13,Delivered,10.58
51671,11671,Rail,2025-06-13,Delivered,43.89
51672,11672,Air,2025-01-13,Delivered,49.8
51673,11673,Rail,2025-10-12,Delivered,40.74
51674,11674,Road,2025-10-29,Delivered,40.23
51675,11675,Road,2025-06-08,Delivered,49.06
51676,11676,Rail,2025-08-25,Delayed,49.8
51677,11677,Rail,2025-10-13,Delivered,33.08
51678,11678,Rail,2025-01-05,Delivered,44.22
51679,11679,Road,2025-04-24,Delayed,49.03
51680,11680,Air,2025-08-01,Delivered,37.88
51681,11681,Air,2025-06-15,Delivered,8.36
51682,11682,Air,2025-03-29,Delivered,23.19
51683,11683,Road,2025-11-06,Delivered,39.9
51684,11684,Road,2025-02-14,Delivered,17.41
51685,11685,Rail,2025-04-06,Delivered,32.89
51686,11686,Air,2025-11-11,Delayed,12.92
51687,11687,Road,2025-12-08,Delivered,39.68
51688,11688,Road,2025-04-06,Delivered,25.5
51689,11689,Air,2025-12-09,Delivered,20.45
51690,11690,Road,2025-07-25,Delivered,34.3
51691,11691,Air,2025-08-30,Delivered,43.66
51692,11692,Air,2025-02-12,Delayed,10.95
51693,11693,Road,2025-06-26,Delayed,33.76
51694,11694,Road,2025-02-12,Delivered,11.66
51695,11695,Air,2025-09-30,Delayed,48.34
51696,11696,Air,2025-06-03,Delivered,48.33
51697,11697,Rail,2025-12-23,Delivered,36.11
51698,11698,Air,2025-11-10,Delivered,10.94
51699,11699,Road,2025-10-08,Delivered,31.3
51700,11700,Road,2025-10-14,Delayed,29.93
51701,11701,Air,2025-10-15,Delayed,10.11
51702,11702,Rail,2025-03-08,Delayed,18.37
51703,11703,Rail,2025-12-23,Delivered,13.43
51704,11704,Rail,2025-04-11,Delivered,19.37
51705,11705,Road,2025-01-25,Delivered,31.21
51706,11706,Air,2025-10-29,Delivered,15.02
51707,11707,Road,2025-08-26,Delayed,35.61
51708,11708,Air,2025-02-18,Delivered,32.41
51709,11709,Road,2025-11-24,Delivered,20.8
51710,11710,Road,2025-10-19,Delayed,39.27
51711,11711,Road,2025-07-21,Delivered,13.28
51712,11712,Road,2025-03-07,Delivered,17.22
51713,11713,Air,2025-05-17,Delivered,18.71
51714,11714,Rail,2025-10-13,Delivered,21.76
51715,11715,Rail,2025-04-15,Delivered,36.67
51716,11716,Air,2025-09-26,Delivered,31.37
51717,11717,Air,2025-08-07,Delayed,11.81
51718,11718,Rail,2025-02-14,Delivered,49.84
51719,11719,Air,2025-10-16,Delayed,35.79
51720,11720,Air,2025-12-14,Delivered,9.71
51721,11721,Rail,2025-08-07,Delivered,30.66
51722,11722,Rail,2025-01-09,Delayed,33.68
51723,11723,Air,2025-07-17,Delivered,14.73
51724,11724,Air,2025-07-03,Delivered,15.47
51725,11725,Road,2025-01-13,Delivered,17.95
51726,11726,Air,2025-12-02,Delayed,23.18
51727,11727,Air,2025-08-06,Delivered,17.59
51728,11728,Road,2025-10-16,Delivered,30.68
51729,11729,Rail,2025-10-01,Delivered,49.33
51730,11730,Rail,2025-05-26,Delivered,47.66
51731,11731,Rail,2025-10-29,Delivered,18.31
51732,11732,Rail,2025-10-03,Delivered,37.1
51733,11733,Road,2025-05-15,Delivered,39.13
51734,11734,Road,2025-01-22,Delivered,31.13
51735,11735,Air,2025-06-05,Delayed,24.4
51736,11736,Air,2025-06-09,Delivered,40.01
51737,11737,Rail,2025-01-09,Delayed,21.75
51738,11738,Road,2025-02-13,Delivered,35.76
51739,11739,Rail,2025-11-01,Delivered,15.92
51740,11740,Rail,2025-06-23,Delivered,8.75
51741,11741,Road,2025-01-13,Delivered,26.23
51742,11742,Road,2025-04-27,Delivered,46.7
51743,11743,Rail,2025-02-19,Delivered,48.65
51744,11744,Air,2025-04-11,Delivered,46.33
51745,11745,Rail,2025-12-30,Delivered,46.64
51746,11746,Rail,2026-01-04,Delivered,16.4
51747,11747,Air,2025-04-22,Delivered,13.63
51748,11748,Rail,2025-08-01,Delivered,9.55
51749,11749,Rail,2025-08-29,Delivered,8.53
51750,11750,Air,2025-02-01,Delayed,49.71
51751,11751,Air,2025-08-25,Delivered,18.95
51752,11752,Road,2025-03-01,Delivered,6.13
51753,11753,Road,2025-02-15,Delayed,28.84
51754,11754,Air,2025-11-22,Delayed,11.08
51755,11755,Road,2025-09-07,Delivered,29.76
51756,11756,Air,2025-04-16,Delivered,37.12
51757,11757,Rail,2025-09-03,Delivered,11.51
51758,11758,Air,2025-04-04,Delivered,30.58
51759,11759,Road,2025-04-29,Delivered,21.15
51760,11760,Road,2025-07-31,Delayed,23.47
51761,11761,Road,2025-01-14,Delivered,26.22
51762,11762,Rail,2025-09-16,Delivered,44.04
51763,11763,Rail,2025-05-11,Delivered,30.57
51764,11764,Road,2025-06-23,Delivered,14.34
51765,11765,Air,2025-06-09,Delayed,46.38
51766,11766,Road,2025-09-26,Delayed,32.68
51767,11767,Rail,2025-02-02,Delivered,37.44
51768,11768,Road,2025-10-24,Delayed,35.36
51769,11769,Rail,2025-10-02,Delivered,31.25
51770,11770,Road,2025-12-09,Delivered,34.8
51771,11771,Rail,2025-09-27,Delayed,12.23
51772,11772,Air,2025-09-05,Delivered,12.16
51773,11773,Road,2025-07-31,Delivered,42.12
51774,11774,Road,2025-09-08,Delivered,29.24
51775,11775,Air,2025-09-05,Delivered,15.44
51776,11776,Air,2025-11-16,Delivered,36.94
51777,11777,Rail,2025-04-30,Delivered,46.97
51778,11778,Road,2025-06-30,Delivered,24.95
51779,11779,Road,2025-07-04,Delivered,39.32
51780,11780,Road,2025-06-06,Delivered,42.23
51781,11781,Rail,2025-01-05,Delivered,33.94
51782,11782,Road,2025-11-15,Delivered,40.22
51783,11783,Rail,2025-06-25,Delivered,41.13
51784,11784,Air,2025-09-29,Delivered,49.35
51785,11785,Road,2025-03-18,Delivered,43.83
51786,11786,Air,2025-04-17,Delivered,8.09
51787,11787,Road,2025-12-03,Delivered,41.05
51788,11788,Road,2025-03-20,Delayed,39.72
51789,11789,Air,2025-08-23,Delayed,47.23
51790,11790,Air,2025-10-06,Delivered,25.55
51791,11791,Rail,2025-09-17,Delivered,40.91
51792,11792,Road,2025-10-23,Delayed,39.25
51793,11793,Road,2025-02-18,Delivered,33.4
51794,11794,Air,2025-01-27,Delivered,34.63
51795,11795,Rail,2025-09-18,Delivered,25.52
51796,11796,Road,2025-06-08,Delayed,39.87
51797,11797,Air,2025-01-29,Delayed,24.1
51798,11798,Rail,2025-02-22,Delivered,35.88
51799,11799,Road,2025-10-01,Delivered,8.06
51800,11800,Road,2025-10-27,Delivered,27.27
51801,11801,Air,2025-03-06,Delayed,35.99
51802,11802,Rail,2025-01-13,Delivered,32.67
51803,11803,Road,2025-07-10,Delivered,16.42
51804,11804,Air,2025-07-10,Delayed,48.91
51805,11805,Road,2025-07-17,Delayed,35.19
51806,11806,Air,2025-02-27,Delivered,20.89
51807,11807,Air,2025-03-21,Delivered,30.41
51808,11808,Rail,2025-12-18,Delivered,27.09
51809,11809,Air,2025-04-17,Delivered,25.87
51810,11810,Air,2025-08-11,Delivered,26.99
51811,11811,Road,2025-02-22,Delivered,23.5
51812,11812,Air,2025-11-22,Delivered,20.87
51813,11813,Road,2025-11-12,Delayed,29.05
51814,11814,Road,2025-09-07,Delivered,25.89
51815,11815,Air,2025-11-27,Delivered,41.51
51816,11816,Air,2025-05-07,Delivered,30.28
51817,11817,Air,2025-07-26,Delayed,8.92
51818,11818,Road,2025-06-02,Delayed,28.41
51819,11819,Rail,2025-02-01,Delivered,19.62
51820,11820,Rail,2025-11-19,Delivered,37.78
51821,11821,Rail,2025-11-12,Delayed,37.47
51822,11822,Air,2025-09-16,Delayed,6.84
51823,11823,Air,2025-07-02,Delivered,37.82
51824,11824,Road,2025-05-26,Delivered,37.39
51825,11825,Road,2025-04-07,Delayed,45.06
51826,11826,Air,2025-11-12,Delivered,31.33
51827,11827,Road,2025-11-29,Delivered,12.48
51828,11828,Air,2025-11-21,Delivered,7.38
51829,11829,Road,2025-05-03,Delivered,6.05
51830,11830,Air,2025-01-18,Delivered,32.35
51831,11831,Road,2025-04-04,Delivered,8.94
51832,11832,Air,2025-11-06,Delivered,23.76
51833,11833,Air,2025-05-09,Delivered,41.3
51834,11834,Rail,2025-05-19,Delivered,48.18
51835,11835,Rail,2025-12-24,Delivered,28.82
51836,11836,Rail,2025-11-16,Delivered,10.26
51837,11837,Rail,2025-11-21,Delayed,39.47
51838,11838,Air,2025-12-09,Delayed,23.76
51839,11839,Rail,2025-08-05,Delivered,11.35
51840,11840,Road,2025-01-24,Delivered,40.74
51841,11841,Rail,2025-12-18,Delayed,27.99
51842,11842,Rail,2025-11-11,Delivered,29.51
51843,11843,Road,2025-12-30,Delivered,25.6
51844,11844,Rail,2025-05-24,Delivered,40.16
51845,11845,Road,2025-08-09,Delivered,30.27
51846,11846,Air,2025-04-12,Delayed,48.84
51847,11847,Air,2025-05-13,Delivered,20.34
51848,11848,Air,2025-04-27,Delivered,15.94
51849,11849,Air,2025-09-13,Delivered,33.91
51850,11850,Rail,2025-09-10,Delayed,39.25
51851,11851,Road,2025-09-15,Delivered,41.68
51852,11852,Air,2025-08-05,Delivered,22.03
51853,11853,Rail,2025-06-29,Delivered,35.9
51854,11854,Rail,2025-05-10,Delayed,19.31
51855,11855,Rail,2025-08-21,Delivered,8.42
51856,11856,Air,2025-10-08,Delivered,31.77
51857,11857,Road,2025-08-27,Delayed,30.37
51858,11858,Road,2025-08-27,Delivered,19.38
51859,11859,Air,2025-09-05,Delivered,10.47
51860,11860,Road,2025-03-01,Delivered,37.74
51861,11861,Road,2025-03-29,Delayed,37.56
51862,11862,Rail,2025-11-14,Delivered,31.61
51863,11863,Rail,2025-09-07,Delivered,5.67
51864,11864,Road,2025-09-08,Delivered,5.96
51865,11865,Road,2025-07-11,Delivered,9.35
51866,11866,Air,2025-10-23,Delivered,19.14
51867,11867,Road,2025-11-04,Delivered,38.82
51868,11868,Rail,2025-04-26,Delivered,23.25
51869,11869,Air,2025-10-09,Delivered,38.66
51870,11870,Road,2025-01-13,Delayed,24.14
51871,11871,Air,2025-04-13,Delayed,5.67
51872,11872,Rail,2025-04-15,Delivered,45.08
51873,11873,Rail,2025-10-22,Delivered,29.01
51874,11874,Road,2025-10-06,Delayed,29.08
51875,11875,Rail,2025-05-19,Delivered,41.33
51876,11876,Rail,2025-05-12,Delivered,11.81
51877,11877,Rail,2025-05-20,Delivered,45.34
51878,11878,Road,2025-01-24,Delivered,33.37
51879,11879,Air,2025-05-04,Delivered,36.16
51880,11880,Air,2025-06-22,Delivered,37.99
51881,11881,Road,2025-08-13,Delivered,36.78
51882,11882,Road,2025-09-13,Delivered,44.85
51883,11883,Air,2025-08-22,Delivered,18.62
51884,11884,Road,2025-10-17,Delayed,35.09
51885,11885,Road,2025-12-17,Delivered,47.47
51886,11886,Road,2025-03-16,Delayed,7.57
51887,11887,Air,2025-07-06,Delivered,39.79
51888,11888,Rail,2025-12-02,Delivered,7.74
51889,11889,Road,2025-06-14,Delivered,49.19
51890,11890,Air,2025-09-23,Delivered,35.55
51891,11891,Road,2025-07-04,Delayed,34.1
51892,11892,Rail,2025-07-21,Delivered,39.29
51893,11893,Rail,2025-11-10,Delayed,42.28
51894,11894,Air,2025-12-07,Delivered,18.43
51895,11895,Road,2025-01-20,Delivered,42.67
51896,11896,Air,2025-04-24,Delivered,41.04
51897,11897,Air,2025-01-17,Delayed,25.62
51898,11898,Road,2025-12-06,Delayed,7.56
51899,11899,Rail,2026-01-05,Delivered,43.93
51900,11900,Rail,2025-05-07,Delayed,47.44
51901,11901,Air,2025-03-30,Delivered,5.49
51902,11902,Rail,2025-08-01,Delivered,48.57
51903,11903,Air,2025-11-15,Delivered,35.68
51904,11904,Road,2025-07-27,Delivered,26.8
51905,11905,Rail,2025-01-19,Delivered,11.23
51906,11906,Air,2025-03-09,Delivered,45.17
51907,11907,Rail,2025-06-20,Delivered,47.37
51908,11908,Rail,2025-03-27,Delivered,33.1
51909,11909,Air,2025-01-10,Delayed,5.93
51910,11910,Rail,2025-02-17,Delivered,14.54
51911,11911,Air,2025-11-27,Delivered,34.94
51912,11912,Air,2025-07-18,Delayed,47.4
51913,11913,Air,2025-04-14,Delayed,36.9
51914,11914,Road,2025-07-21,Delivered,33.52
51915,11915,Rail,2025-03-30,Delayed,44.92
51916,11916,Rail,2025-09-19,Delivered,25.99
51917,11917,Rail,2025-01-11,Delivered,6.62
51918,11918,Air,2025-01-12,Delivered,49.18
51919,11919,Rail,2025-07-24,Delayed,23.86
51920,11920,Rail,2025-12-15,Delivered,6.2
51921,11921,Road,2025-10-02,Delivered,29.27
51922,11922,Air,2025-06-19,Delivered,49.13
51923,11923,Rail,2025-01-13,Delivered,29.56
51924,11924,Air,2025-10-01,Delayed,34.91
51925,11925,Road,2025-11-06,Delivered,48.88
51926,11926,Road,2025-05-18,Delayed,38.68
51927,11927,Rail,2025-07-23,Delayed,20.92
51928,11928,Air,2025-03-16,Delayed,9.44
51929,11929,Air,2025-11-08,Delivered,46.33
51930,11930,Rail,2025-08-15,Delivered,7.78
51931,11931,Air,2025-11-04,Delivered,37.93
51932,11932,Road,2025-05-05,Delivered,13.76
51933,11933,Road,2025-09-13,Delivered,35.37
51934,11934,Air,2025-06-20,Delivered,23.88
51935,11935,Air,2025-12-04,Delayed,14.77
51936,11936,Road,2025-03-05,Delivered,42.36
51937,11937,Road,2025-07-20,Delivered,6.01
51938,11938,Air,2025-05-24,Delivered,32.62
51939,11939,Air,2025-07-27,Delivered,5.84
51940,11940,Air,2025-04-16,Delayed,48.97
51941,11941,Road,2025-02-18,Delayed,14.76
51942,11942,Road,2025-06-29,Delayed,38.73
51943,11943,Road,2025-10-27,Delayed,49.0
51944,11944,Rail,2025-10-06,Delivered,34.48
51945,11945,Air,2025-11-06,Delivered,46.19
51946,11946,Rail,2025-08-15,Delivered,37.98
51947,11947,Air,2025-10-29,Delivered,21.79
51948,11948,Air,2025-01-29,Delayed,10.79
51949,11949,Air,2025-11-10,Delivered,34.8
51950,11950,Air,2025-10-28,Delivered,31.86
51951,11951,Road,2025-02-18,Delivered,14.74
51952,11952,Road,2026-01-05,Delivered,45.33
51953,11953,Road,2025-05-05,Delivered,11.53
51954,11954,Air,2025-07-20,Delayed,28.93
51955,11955,Rail,2025-10-14,Delivered,9.66
51956,11956,Air,2025-07-02,Delivered,34.26
51957,11957,Road,2025-01-15,Delivered,10.48
51958,11958,Road,2025-07-14,Delayed,43.7
51959,11959,Rail,2025-03-24,Delivered,29.12
51960,11960,Air,2025-09-23,Delayed,48.63
51961,11961,Air,2025-01-08,Delayed,13.02
51962,11962,Road,2025-01-28,Delivered,39.59
51963,11963,Road,2025-06-18,Delayed,42.39
51964,11964,Road,2025-04-30,Delivered,10.35
51965,11965,Air,2025-09-04,Delayed,28.28
51966,11966,Road,2025-08-03,Delivered,15.02
51967,11967,Air,2025-11-18,Delivered,19.16
51968,11968,Rail,2025-01-28,Delivered,42.19
51969,11969,Rail,2025-10-21,Delayed,38.43
51970,11970,Road,2025-02-20,Delivered,45.55
51971,11971,Air,2025-07-19,Delayed,15.05
51972,11972,Rail,2025-09-05,Delivered,29.95
51973,11973,Road,2025-02-03,Delivered,29.88
51974,11974,Road,2025-06-20,Delivered,40.26
51975,11975,Air,2025-04-14,Delayed,37.81
51976,11976,Air,2025-03-21,Delivered,48.18
51977,11977,Road,2025-01-19,Delivered,16.02
51978,11978,Road,2025-08-25,Delayed,47.85
51979,11979,Air,2025-01-28,Delivered,24.75
51980,11980,Road,2025-05-29,Delayed,44.15
51981,11981,Air,2025-06-18,Delayed,27.8
51982,11982,Road,2025-01-11,Delivered,34.22
51983,11983,Rail,2025-06-07,Delayed,49.55
51984,11984,Road,2025-04-21,Delayed,40.43
51985,11985,Rail,2025-04-16,Delivered,42.97
51986,11986,Rail,2025-08-04,Delayed,45.54
51987,11987,Air,2025-07-17,Delivered,38.25
51988,11988,Rail,2025-05-31,Delivered,41.82
51989,11989,Rail,2025-11-02,Delivered,28.88
51990,11990,Road,2025-10-07,Delivered,27.28
51991,11991,Rail,2025-05-15,Delivered,13.91
51992,11992,Air,2025-09-14,Delayed,12.31
51993,11993,Rail,2025-01-30,Delivered,49.55
51994,11994,Air,2025-06-21,Delivered,37.98
51995,11995,Rail,2025-07-08,Delivered,15.32
51996,11996,Rail,2025-09-01,Delivered,32.28
51997,11997,Road,2025-10-12,Delivered,6.32
51998,11998,Air,2025-10-13,Delivered,26.28
51999,11999,Air,2025-08-02,Delivered,45.67
52000,12000,Road,2025-05-06,Delivered,42.2
52001,12001,Rail,2025-10-27,Delivered,18.76
52002,12002,Rail,2025-03-18,Delayed,33.35
52003,12003,Air,2025-09-02,Delivered,37.98
52004,12004,Rail,2025-07-07,Delivered,36.94
52005,12005,Road,2025-11-13,Delivered,25.62
52006,12006,Road,2025-10-25,Delivered,13.76
52007,12007,Rail,2025-12-15,Delayed,11.76
52008,12008,Air,2025-02-18,Delivered,36.61
52009,12009,Rail,2025-05-09,Delivered,48.57
52010,12010,Rail,2025-04-29,Delivered,7.43
52011,12011,Air,2025-09-08,Delivered,9.66
52012,12012,Rail,2025-04-11,Delivered,44.02
52013,12013,Air,2025-08-25,Delivered,19.36
52014,12014,Rail,2025-04-14,Delivered,42.19
52015,12015,Air,2025-07-25,Delayed,14.24
52016,12016,Road,2025-05-14,Delivered,29.73
52017,12017,Road,2025-08-21,Delayed,36.65
52018,12018,Rail,2025-06-17,Delivered,49.41
52019,12019,Air,2025-01-18,Delivered,38.41
52020,12020,Rail,2025-06-11,Delayed,39.5
52021,12021,Road,2025-06-30,Delivered,11.14
52022,12022,Road,2025-11-04,Delivered,34.25
52023,12023,Rail,2025-10-19,Delivered,16.19
52024,12024,Road,2025-05-31,Delivered,6.95
52025,12025,Road,2025-04-21,Delivered,46.89
52026,12026,Rail,2025-05-31,Delivered,19.19
52027,12027,Road,2025-11-27,Delivered,45.82
52028,12028,Road,2025-07-11,Delivered,7.41
52029,12029,Air,2025-04-25,Delivered,8.85
52030,12030,Road,2025-06-12,Delayed,36.69
52031,12031,Air,2025-10-25,Delivered,34.8
52032,12032,Rail,2025-10-02,Delivered,38.28
52033,12033,Rail,2025-05-19,Delivered,37.43
52034,12034,Rail,2025-07-10,Delivered,40.37
52035,12035,Road,2025-06-01,Delayed,38.8
52036,12036,Air,2025-03-02,Delayed,20.81
52037,12037,Rail,2025-09-05,Delayed,24.59
52038,12038,Road,2025-05-14,Delivered,39.73
52039,12039,Rail,2025-03-31,Delayed,33.65
52040,12040,Road,2025-05-23,Delayed,48.0
52041,12041,Rail,2025-06-19,Delivered,9.59
52042,12042,Rail,2025-10-24,Delivered,18.82
52043,12043,Road,2025-10-21,Delivered,35.78
52044,12044,Rail,2025-08-23,Delivered,43.45
52045,12045,Road,2025-01-13,Delayed,22.03
52046,12046,Air,2025-06-04,Delivered,27.53
52047,12047,Rail,2025-11-09,Delayed,19.49
52048,12048,Road,2026-01-05,Delayed,43.08
52049,12049,Air,2025-01-22,Delivered,43.53
52050,12050,Road,2025-02-12,Delivered,21.17
52051,12051,Rail,2025-03-11,Delivered,22.57
52052,12052,Road,2025-12-17,Delivered,6.2
52053,12053,Air,2025-05-19,Delivered,5.29
52054,12054,Air,2025-05-23,Delivered,17.6
52055,12055,Rail,2025-08-13,Delivered,5.5
52056,12056,Road,2025-01-25,Delayed,34.08
52057,12057,Rail,2025-06-13,Delivered,42.11
52058,12058,Road,2025-04-01,Delivered,8.24
52059,12059,Road,2025-09-28,Delayed,41.44
52060,12060,Air,2025-12-19,Delivered,26.99
52061,12061,Air,2025-11-23,Delivered,16.88
52062,12062,Air,2025-03-21,Delayed,12.08
52063,12063,Air,2025-04-06,Delivered,32.76
52064,12064,Rail,2025-02-24,Delivered,20.04
52065,12065,Road,2025-11-27,Delivered,19.41
52066,12066,Road,2025-04-29,Delivered,30.3
52067,12067,Road,2025-02-03,Delivered,8.85
52068,12068,Rail,2025-02-08,Delivered,19.84
52069,12069,Road,2025-12-28,Delivered,18.03
52070,12070,Air,2025-04-30,Delivered,34.46
52071,12071,Air,2025-10-25,Delivered,48.95
52072,12072,Rail,2025-09-29,Delivered,34.77
52073,12073,Rail,2025-04-04,Delayed,45.48
52074,12074,Road,2025-11-08,Delayed,19.16
52075,12075,Road,2025-12-31,Delivered,16.39
52076,12076,Air,2025-03-19,Delivered,23.46
52077,12077,Road,2025-11-01,Delivered,36.85
52078,12078,Rail,2025-09-24,Delivered,45.97
52079,12079,Rail,2025-11-26,Delivered,48.23
52080,12080,Road,2025-02-12,Delayed,47.88
52081,12081,Road,2025-12-23,Delayed,35.76
52082,12082,Air,2025-02-27,Delivered,46.23
52083,12083,Rail,2025-12-28,Delayed,7.78
52084,12084,Road,2025-10-14,Delivered,16.8
52085,12085,Rail,2025-04-21,Delivered,20.53
52086,12086,Road,2025-01-10,Delivered,36.68
52087,12087,Road,2025-03-26,Delivered,23.88
52088,12088,Air,2025-01-14,Delivered,13.28
52089,12089,Rail,2025-02-26,Delayed,15.49
52090,12090,Road,2025-06-21,Delayed,31.96
52091,12091,Rail,2025-10-19,Delayed,31.26
52092,12092,Road,2025-12-09,Delayed,37.58
52093,12093,Rail,2025-10-12,Delivered,15.18
52094,12094,Road,2025-09-11,Delayed,5.08
52095,12095,Road,2025-01-22,Delayed,38.71
52096,12096,Road,2025-10-25,Delivered,12.31
52097,12097,Road,2025-04-08,Delivered,6.2
52098,12098,Rail,2025-08-02,Delayed,32.6
52099,12099,Air,2025-09-18,Delivered,40.21
52100,12100,Rail,2025-04-27,Delivered,7.32
52101,12101,Air,2025-12-24,Delivered,19.55
52102,12102,Road,2025-09-29,Delivered,24.53
52103,12103,Rail,2025-03-03,Delivered,39.41
52104,12104,Road,2025-08-17,Delivered,28.22
52105,12105,Rail,2025-02-24,Delivered,45.56
52106,12106,Air,2025-01-29,Delivered,39.0
52107,12107,Rail,2025-09-20,Delivered,24.91
52108,12108,Air,2025-01-15,Delivered,12.61
52109,12109,Air,2025-06-23,Delivered,36.77
52110,12110,Air,2025-05-12,Delivered,31.46
52111,12111,Rail,2025-09-18,Delayed,25.51
52112,12112,Road,2025-02-15,Delivered,6.32
52113,12113,Air,2025-03-19,Delayed,24.7
52114,12114,Road,2025-08-19,Delivered,30.45
52115,12115,Rail,2025-09-10,Delivered,5.33
52116,12116,Rail,2025-07-01,Delivered,24.75
52117,12117,Road,2025-12-06,Delivered,22.46
52118,12118,Air,2025-02-12,Delivered,36.28
52119,12119,Rail,2025-12-22,Delayed,25.07
52120,12120,Air,2025-01-29,Delivered,32.84
52121,12121,Road,2025-05-27,Delivered,23.09
52122,12122,Air,2025-01-16,Delivered,33.14
52123,12123,Air,2025-03-25,Delivered,42.79
52124,12124,Road,2025-04-16,Delayed,25.33
52125,12125,Air,2025-01-07,Delivered,39.72
52126,12126,Road,2025-09-28,Delivered,33.13
52127,12127,Air,2025-08-06,Delivered,26.56
52128,12128,Road,2025-11-07,Delivered,39.51
52129,12129,Rail,2025-09-23,Delivered,36.2
52130,12130,Rail,2025-12-21,Delivered,27.58
52131,12131,Air,2025-07-18,Delivered,30.66
52132,12132,Road,2025-04-15,Delivered,26.37
52133,12133,Road,2025-06-09,Delivered,15.31
52134,12134,Air,2025-07-11,Delivered,23.39
52135,12135,Road,2025-09-18,Delayed,48.41
52136,12136,Road,2025-04-03,Delayed,12.39
52137,12137,Road,2025-01-13,Delayed,14.96
52138,12138,Rail,2025-12-20,Delivered,9.92
52139,12139,Road,2025-05-06,Delivered,15.39
52140,12140,Air,2025-01-22,Delivered,10.01
52141,12141,Road,2025-06-30,Delivered,40.71
52142,12142,Air,2025-08-05,Delayed,40.37
52143,12143,Road,2025-04-11,Delivered,39.37
52144,12144,Road,2025-07-12,Delayed,27.81
52145,12145,Rail,2025-05-15,Delivered,38.72
52146,12146,Rail,2025-03-09,Delivered,16.93
52147,12147,Rail,2025-06-22,Delivered,15.66
52148,12148,Road,2025-03-17,Delivered,26.31
52149,12149,Road,2025-10-18,Delivered,34.39
52150,12150,Rail,2025-09-06,Delivered,23.42
52151,12151,Rail,2025-08-06,Delivered,19.44
52152,12152,Road,2026-01-07,Delayed,7.1
52153,12153,Road,2025-08-22,Delivered,47.48
52154,12154,Road,2025-02-13,Delivered,10.99
52155,12155,Road,2025-12-31,Delivered,10.63
52156,12156,Air,2026-01-02,Delayed,25.74
52157,12157,Rail,2025-01-29,Delivered,11.95
52158,12158,Rail,2025-11-02,Delivered,30.65
52159,12159,Rail,2025-08-24,Delivered,24.92
52160,12160,Air,2025-09-26,Delayed,25.54
52161,12161,Air,2025-07-06,Delivered,8.46
52162,12162,Rail,2025-06-11,Delivered,34.51
52163,12163,Air,2025-09-19,Delivered,37.13
52164,12164,Air,2025-04-10,Delivered,42.09
52165,12165,Air,2025-07-29,Delivered,35.26
52166,12166,Air,2025-01-13,Delivered,24.21
52167,12167,Air,2025-12-22,Delivered,20.68
52168,12168,Rail,2025-02-13,Delivered,35.76
52169,12169,Rail,2025-01-29,Delivered,44.94
52170,12170,Road,2025-12-18,Delayed,8.54
52171,12171,Rail,2025-09-23,Delivered,32.17
52172,12172,Road,2025-01-27,Delivered,14.4
52173,12173,Rail,2025-12-03,Delayed,7.62
52174,12174,Road,2025-04-23,Delivered,44.71
52175,12175,Air,2025-07-07,Delivered,27.96
52176,12176,Rail,2025-09-05,Delivered,49.28
52177,12177,Rail,2025-07-19,Delivered,35.57
52178,12178,Road,2025-07-03,Delivered,25.25
52179,12179,Road,2025-03-04,Delivered,47.16
52180,12180,Air,2025-11-11,Delivered,38.17
52181,12181,Air,2025-03-01,Delivered,40.82
52182,12182,Air,2025-08-21,Delivered,5.4
52183,12183,Rail,2025-05-01,Delivered,25.1
52184,12184,Rail,2025-04-02,Delivered,24.92
52185,12185,Rail,2025-02-27,Delivered,37.08
52186,12186,Air,2025-12-16,Delivered,47.17
52187,12187,Air,2025-11-08,Delivered,27.17
52188,12188,Air,2025-10-12,Delivered,44.09
52189,12189,Rail,2025-01-23,Delivered,24.43
52190,12190,Rail,2025-03-13,Delivered,11.08
52191,12191,Air,2025-12-09,Delayed,15.72
52192,12192,Air,2025-07-27,Delivered,30.13
52193,12193,Rail,2025-11-22,Delivered,31.74
52194,12194,Air,2025-10-20,Delayed,46.79
52195,12195,Road,2025-08-29,Delayed,47.46
52196,12196,Road,2026-01-02,Delivered,29.84
52197,12197,Rail,2025-12-08,Delivered,5.29
52198,12198,Road,2025-05-27,Delivered,28.58
52199,12199,Road,2025-06-25,Delivered,32.69
52200,12200,Air,2025-07-05,Delayed,7.45
52201,12201,Air,2025-12-03,Delayed,13.86
52202,12202,Road,2025-09-03,Delivered,14.66
52203,12203,Road,2025-06-08,Delivered,44.69
52204,12204,Road,2025-04-15,Delivered,18.65
52205,12205,Rail,2025-12-20,Delayed,39.0
52206,12206,Rail,2025-04-12,Delayed,30.0
52207,12207,Rail,2025-05-02,Delivered,6.14
52208,12208,Rail,2025-11-25,Delivered,26.72
52209,12209,Rail,2025-03-17,Delivered,25.36
52210,12210,Air,2025-06-19,Delivered,47.93
52211,12211,Rail,2025-03-08,Delivered,19.51
52212,12212,Air,2025-12-03,Delivered,18.29
52213,12213,Rail,2025-07-26,Delivered,28.17
52214,12214,Air,2025-04-22,Delivered,10.34
52215,12215,Air,2025-01-27,Delivered,31.39
52216,12216,Road,2025-10-09,Delayed,37.65
52217,12217,Air,2025-05-08,Delayed,10.29
52218,12218,Rail,2025-07-27,Delivered,36.28
52219,12219,Air,2025-11-25,Delivered,9.02
52220,12220,Rail,2025-02-23,Delayed,6.2
52221,12221,Road,2025-01-27,Delivered,10.15
52222,12222,Air,2026-01-05,Delayed,26.64
52223,12223,Road,2025-12-11,Delayed,31.84
52224,12224,Road,2025-08-17,Delivered,13.94
52225,12225,Air,2025-07-08,Delivered,41.12
52226,12226,Rail,2025-03-03,Delivered,12.61
52227,12227,Air,2025-10-12,Delivered,12.29
52228,12228,Rail,2025-06-30,Delayed,24.52
52229,12229,Rail,2025-05-05,Delivered,38.24
52230,12230,Air,2025-09-02,Delivered,48.74
52231,12231,Road,2025-09-07,Delayed,21.34
52232,12232,Road,2025-08-07,Delivered,32.56
52233,12233,Road,2025-11-04,Delivered,41.0
52234,12234,Rail,2025-03-10,Delivered,37.12
52235,12235,Rail,2026-01-02,Delivered,6.2
52236,12236,Air,2025-01-07,Delivered,40.19
52237,12237,Rail,2025-05-19,Delivered,6.13
52238,12238,Rail,2025-07-12,Delivered,47.94
52239,12239,Road,2025-05-27,Delivered,37.25
52240,12240,Air,2025-05-13,Delayed,10.26
52241,12241,Road,2025-11-08,Delivered,36.79
52242,12242,Air,2025-09-26,Delivered,30.37
52243,12243,Road,2025-01-21,Delivered,17.47
52244,12244,Rail,2026-01-09,Delayed,44.68
52245,12245,Road,2025-04-18,Delivered,25.8
52246,12246,Rail,2025-06-19,Delivered,17.55
52247,12247,Road,2025-01-20,Delayed,15.11
52248,12248,Air,2025-09-09,Delivered,20.13
52249,12249,Rail,2025-08-02,Delivered,45.24
52250,12250,Air,2025-03-11,Delayed,31.05
52251,12251,Air,2025-07-18,Delivered,16.29
52252,12252,Road,2025-09-03,Delivered,33.58
52253,12253,Air,2025-02-19,Delivered,39.01
52254,12254,Air,2025-02-14,Delivered,5.97
52255,12255,Air,2025-02-05,Delivered,20.96
52256,12256,Rail,2025-04-02,Delivered,26.48
52257,12257,Road,2025-11-16,Delivered,15.11
52258,12258,Rail,2025-01-04,Delivered,13.74
52259,12259,Rail,2025-05-01,Delivered,18.03
52260,12260,Rail,2025-04-24,Delivered,18.09
52261,12261,Road,2025-05-02,Delivered,42.37
52262,12262,Rail,2025-12-06,Delayed,20.34
52263,12263,Road,2025-09-30,Delivered,10.91
52264,12264,Road,2025-12-29,Delayed,23.5
52265,12265,Road,2025-04-22,Delivered,14.11
52266,12266,Air,2025-04-08,Delivered,23.13
52267,12267,Air,2025-05-27,Delivered,29.48
52268,12268,Road,2025-09-19,Delivered,28.97
52269,12269,Rail,2025-05-24,Delivered,45.38
52270,12270,Road,2025-10-08,Delivered,32.28
52271,12271,Rail,2025-07-25,Delayed,35.97
52272,12272,Air,2025-06-11,Delivered,42.72
52273,12273,Air,2025-09-21,Delivered,21.44
52274,12274,Air,2025-04-10,Delayed,22.0
52275,12275,Air,2025-09-16,Delayed,21.59
52276,12276,Road,2025-05-30,Delivered,19.82
52277,12277,Road,2025-01-12,Delivered,45.22
52278,12278,Road,2025-12-28,Delivered,35.77
52279,12279,Road,2025-11-19,Delayed,12.85
52280,12280,Road,2025-09-21,Delivered,22.75
52281,12281,Air,2025-08-21,Delayed,33.28
52282,12282,Air,2025-01-29,Delivered,7.81
52283,12283,Air,2025-08-05,Delivered,36.9
52284,12284,Road,2025-08-20,Delivered,20.2
52285,12285,Air,2025-03-02,Delivered,33.78
52286,12286,Air,2025-12-03,Delivered,16.17
52287,12287,Road,2025-02-16,Delivered,29.56
52288,12288,Road,2025-01-16,Delivered,37.39
52289,12289,Rail,2025-03-07,Delivered,32.15
52290,12290,Rail,2025-04-30,Delivered,11.35
52291,12291,Rail,2025-08-24,Delivered,29.78
52292,12292,Road,2025-12-06,Delayed,23.31
52293,12293,Air,2025-08-02,Delayed,18.03
52294,12294,Road,2025-05-02,Delivered,16.42
52295,12295,Rail,2025-02-03,Delivered,46.78
52296,12296,Air,2025-03-26,Delivered,22.95
52297,12297,Air,2025-09-02,Delayed,8.51
52298,12298,Rail,2025-05-30,Delivered,37.05
52299,12299,Air,2025-12-08,Delivered,37.22
52300,12300,Road,2025-02-09,Delivered,26.09
52301,12301,Air,2025-08-06,Delivered,19.02
52302,12302,Rail,2025-10-15,Delivered,22.22
52303,12303,Road,2025-10-05,Delayed,32.2
52304,12304,Air,2025-07-19,Delivered,7.85
52305,12305,Rail,2025-09-09,Delivered,43.34
52306,12306,Road,2025-10-26,Delivered,6.47
52307,12307,Air,2025-05-15,Delivered,26.95
52308,12308,Road,2025-05-08,Delivered,46.22
52309,12309,Rail,2025-08-24,Delivered,15.61
52310,12310,Road,2025-04-14,Delayed,20.44
52311,12311,Road,2025-05-19,Delivered,27.34
52312,12312,Air,2025-07-20,Delivered,47.27
52313,12313,Air,2025-01-20,Delivered,14.28
52314,12314,Rail,2025-09-27,Delivered,38.43
52315,12315,Rail,2025-03-26,Delivered,23.3
52316,12316,Rail,2025-11-24,Delayed,6.7
52317,12317,Road,2025-06-22,Delivered,30.04
52318,12318,Road,2025-03-17,Delayed,8.2
52319,12319,Road,2025-09-10,Delivered,34.08
52320,12320,Rail,2025-12-22,Delayed,33.64
52321,12321,Rail,2025-06-14,Delivered,27.5
52322,12322,Road,2025-04-01,Delivered,41.57
52323,12323,Air,2025-10-30,Delivered,39.99
52324,12324,Rail,2025-01-27,Delivered,39.05
52325,12325,Air,2025-03-23,Delivered,14.74
52326,12326,Air,2025-02-16,Delivered,37.42
52327,12327,Rail,2025-06-15,Delayed,24.7
52328,12328,Air,2025-10-31,Delivered,18.7
52329,12329,Rail,2025-04-27,Delivered,9.09
52330,12330,Road,2025-05-04,Delivered,16.02
52331,12331,Road,2025-12-05,Delivered,39.56
52332,12332,Rail,2025-10-02,Delivered,20.27
52333,12333,Air,2025-02-19,Delivered,28.77
52334,12334,Air,2025-12-01,Delivered,8.73
52335,12335,Rail,2025-10-06,Delivered,19.18
52336,12336,Rail,2025-07-29,Delivered,45.85
52337,12337,Road,2025-03-31,Delayed,8.7
52338,12338,Rail,2025-02-07,Delayed,15.59
52339,12339,Air,2025-04-13,Delivered,13.13
52340,12340,Air,2025-10-07,Delivered,46.85
52341,12341,Rail,2025-02-08,Delivered,22.56
52342,12342,Air,2025-06-04,Delivered,18.07
52343,12343,Road,2025-01-23,Delivered,19.78
52344,12344,Rail,2025-05-15,Delivered,43.12
52345,12345,Rail,2025-11-20,Delivered,28.7
52346,12346,Rail,2025-09-12,Delivered,41.0
52347,12347,Road,2025-01-13,Delivered,41.61
52348,12348,Road,2025-03-25,Delayed,22.85
52349,12349,Road,2025-09-09,Delivered,7.48
52350,12350,Air,2025-08-01,Delivered,40.71
52351,12351,Air,2025-09-09,Delivered,10.68
52352,12352,Rail,2025-08-25,Delivered,26.02
52353,12353,Rail,2025-04-14,Delivered,6.51
52354,12354,Air,2025-07-06,Delivered,40.59
52355,12355,Rail,2025-10-06,Delivered,6.14
52356,12356,Rail,2025-05-24,Delayed,16.09
52357,12357,Rail,2025-07-15,Delivered,43.37
52358,12358,Rail,2025-07-29,Delivered,16.6
52359,12359,Air,2025-03-28,Delivered,28.14
52360,12360,Rail,2025-05-14,Delivered,36.88
52361,12361,Road,2025-04-04,Delayed,38.96
52362,12362,Air,2025-02-10,Delivered,49.21
52363,12363,Road,2025-06-27,Delayed,36.74
52364,12364,Road,2025-12-29,Delivered,27.41
52365,12365,Air,2025-05-07,Delivered,9.25
52366,12366,Rail,2025-04-02,Delivered,49.98
52367,12367,Rail,2025-12-23,Delivered,30.24
52368,12368,Air,2025-10-20,Delivered,23.8
52369,12369,Air,2025-04-24,Delivered,17.02
52370,12370,Road,2025-06-19,Delivered,11.59
52371,12371,Road,2025-04-11,Delivered,42.67
52372,12372,Rail,2025-01-12,Delivered,8.05
52373,12373,Air,2025-07-18,Delayed,14.15
52374,12374,Road,2025-10-24,Delivered,41.67
52375,12375,Air,2025-04-12,Delivered,48.27
52376,12376,Air,2026-01-07,Delivered,23.58
52377,12377,Road,2025-09-18,Delivered,22.24
52378,12378,Air,2025-10-02,Delayed,31.7
52379,12379,Road,2025-04-09,Delayed,8.79
52380,12380,Road,2025-06-11,Delivered,27.88
52381,12381,Road,2025-09-27,Delivered,22.84
52382,12382,Air,2025-06-28,Delivered,42.8
52383,12383,Rail,2025-08-14,Delivered,9.6
52384,12384,Road,2025-08-18,Delayed,13.71
52385,12385,Rail,2025-10-26,Delivered,33.23
52386,12386,Road,2025-10-04,Delivered,13.55
52387,12387,Air,2025-02-08,Delayed,13.1
52388,12388,Road,2025-08-08,Delivered,38.97
52389,12389,Rail,2025-09-30,Delayed,28.69
52390,12390,Road,2025-10-15,Delayed,35.26
52391,12391,Road,2025-08-19,Delivered,30.24
52392,12392,Air,2025-04-05,Delivered,18.89
52393,12393,Air,2025-05-12,Delivered,19.69
52394,12394,Rail,2025-10-15,Delivered,20.82
52395,12395,Road,2025-03-07,Delayed,21.4
52396,12396,Road,2025-12-02,Delivered,47.82
52397,12397,Road,2025-04-04,Delivered,31.66
52398,12398,Rail,2025-01-12,Delivered,16.66
52399,12399,Rail,2025-10-11,Delivered,29.59
52400,12400,Rail,2025-06-14,Delivered,48.47
52401,12401,Road,2025-07-29,Delivered,18.88
52402,12402,Road,2025-08-01,Delivered,12.63
52403,12403,Road,2025-09-09,Delivered,17.06
52404,12404,Air,2025-10-22,Delivered,43.04
52405,12405,Road,2025-06-13,Delivered,44.14
52406,12406,Rail,2025-06-14,Delivered,10.65
52407,12407,Road,2025-04-25,Delivered,15.02
52408,12408,Rail,2025-12-18,Delivered,40.19
52409,12409,Road,2025-10-04,Delivered,34.0
52410,12410,Rail,2025-07-14,Delivered,39.0
52411,12411,Rail,2025-06-17,Delivered,9.94
52412,12412,Rail,2025-03-15,Delayed,20.31
52413,12413,Rail,2025-12-03,Delivered,31.7
52414,12414,Air,2025-01-26,Delayed,14.49
52415,12415,Rail,2025-04-04,Delivered,31.32
52416,12416,Air,2025-06-07,Delivered,22.68
52417,12417,Road,2025-05-20,Delivered,35.1
52418,12418,Air,2025-07-23,Delivered,34.81
52419,12419,Air,2025-05-02,Delivered,21.68
52420,12420,Air,2025-12-24,Delivered,7.47
52421,12421,Road,2025-12-21,Delayed,21.16
52422,12422,Air,2025-01-11,Delivered,40.76
52423,12423,Rail,2025-07-17,Delayed,15.1
52424,12424,Road,2025-09-26,Delivered,20.2
52425,12425,Road,2025-08-17,Delivered,15.43
52426,12426,Road,2025-12-15,Delivered,43.29
52427,12427,Road,2025-07-31,Delivered,9.2
52428,12428,Air,2025-05-13,Delivered,6.83
52429,12429,Road,2025-09-20,Delivered,33.21
52430,12430,Air,2025-04-13,Delivered,33.59
52431,12431,Road,2025-08-05,Delivered,47.1
52432,12432,Road,2025-09-25,Delivered,11.65
52433,12433,Air,2025-11-03,Delivered,28.28
52434,12434,Rail,2025-06-24,Delivered,22.78
52435,12435,Road,2025-10-25,Delivered,9.32
52436,12436,Road,2025-10-10,Delayed,32.12
52437,12437,Air,2025-05-26,Delivered,25.38
52438,12438,Air,2025-10-25,Delivered,45.04
52439,12439,Road,2025-02-07,Delayed,14.36
52440,12440,Road,2025-10-18,Delivered,36.89
52441,12441,Road,2025-02-07,Delivered,38.13
52442,12442,Rail,2025-10-20,Delivered,11.19
52443,12443,Rail,2025-05-21,Delivered,7.54
52444,12444,Rail,2025-05-19,Delivered,39.01
52445,12445,Air,2025-11-15,Delayed,21.04
52446,12446,Air,2025-06-12,Delivered,26.05
52447,12447,Rail,2026-01-05,Delayed,15.11
52448,12448,Road,2025-09-03,Delayed,9.95
52449,12449,Road,2025-03-21,Delivered,24.76
52450,12450,Rail,2025-07-29,Delivered,27.48
52451,12451,Air,2025-05-08,Delivered,19.2
52452,12452,Air,2025-03-11,Delayed,37.18
52453,12453,Rail,2025-08-22,Delivered,14.43
52454,12454,Rail,2025-05-15,Delayed,12.45
52455,12455,Air,2025-04-18,Delivered,44.21
52456,12456,Air,2025-03-13,Delivered,47.25
52457,12457,Road,2025-11-15,Delivered,22.25
52458,12458,Road,2025-03-18,Delivered,8.53
52459,12459,Road,2025-11-16,Delivered,17.38
52460,12460,Road,2025-02-17,Delivered,36.53
52461,12461,Air,2025-11-10,Delivered,48.32
52462,12462,Rail,2025-06-20,Delayed,42.34
52463,12463,Air,2025-08-16,Delivered,22.77
52464,12464,Air,2025-05-28,Delivered,17.52
52465,12465,Air,2025-02-10,Delivered,26.98
52466,12466,Rail,2025-11-07,Delayed,42.99
52467,12467,Road,2025-04-09,Delivered,11.37
52468,12468,Rail,2025-08-18,Delivered,41.63
52469,12469,Air,2025-01-10,Delivered,33.84
52470,12470,Air,2025-09-08,Delivered,37.71
52471,12471,Road,2025-06-10,Delivered,18.53
52472,12472,Air,2025-12-14,Delivered,9.68
52473,12473,Rail,2025-09-25,Delivered,39.05
52474,12474,Rail,2025-06-19,Delivered,28.0
52475,12475,Road,2025-02-12,Delayed,40.84
52476,12476,Rail,2025-10-13,Delivered,34.14
52477,12477,Rail,2025-10-28,Delivered,16.51
52478,12478,Air,2025-08-31,Delivered,36.49
52479,12479,Air,2025-09-19,Delivered,7.42
52480,12480,Air,2025-11-19,Delayed,37.82
52481,12481,Road,2025-01-29,Delivered,39.62
52482,12482,Road,2025-03-18,Delayed,37.52
52483,12483,Road,2025-10-05,Delayed,49.23
52484,12484,Air,2025-02-22,Delivered,37.16
52485,12485,Air,2025-08-05,Delivered,36.48
52486,12486,Road,2025-03-24,Delayed,8.01
52487,12487,Air,2025-04-12,Delayed,25.85
52488,12488,Rail,2025-09-07,Delivered,44.57
52489,12489,Rail,2025-04-06,Delivered,24.38
52490,12490,Air,2025-07-09,Delivered,46.18
52491,12491,Air,2025-09-22,Delivered,40.32
52492,12492,Road,2025-06-26,Delivered,8.1
52493,12493,Air,2025-09-08,Delivered,31.44
52494,12494,Road,2025-03-28,Delivered,24.56
52495,12495,Air,2025-05-15,Delivered,17.9
52496,12496,Road,2025-10-13,Delivered,28.95
52497,12497,Air,2025-10-16,Delayed,40.54
52498,12498,Rail,2025-06-29,Delivered,34.98
52499,12499,Rail,2025-11-30,Delivered,34.27
52500,12500,Rail,2025-07-19,Delivered,9.9
52501,12501,Road,2025-07-13,Delivered,37.38
52502,12502,Rail,2025-10-30,Delayed,15.87
52503,12503,Rail,2025-01-19,Delivered,28.37
52504,12504,Road,2025-01-16,Delayed,11.37
52505,12505,Rail,2025-09-24,Delivered,41.95
52506,12506,Air,2025-07-03,Delayed,17.68
52507,12507,Air,2025-01-27,Delayed,48.33
52508,12508,Rail,2025-09-22,Delayed,36.96
52509,12509,Air,2025-05-03,Delayed,21.21
52510,12510,Air,2025-09-12,Delayed,14.28
52511,12511,Air,2025-03-05,Delivered,33.86
52512,12512,Rail,2025-05-11,Delivered,19.87
52513,12513,Road,2025-09-24,Delivered,19.14
52514,12514,Air,2025-01-17,Delivered,47.32
52515,12515,Road,2025-06-02,Delivered,10.04
52516,12516,Air,2025-05-16,Delivered,28.95
52517,12517,Air,2025-07-05,Delivered,47.84
52518,12518,Air,2025-12-12,Delivered,14.41
52519,12519,Air,2026-01-04,Delayed,15.9
52520,12520,Road,2025-03-23,Delivered,5.15
52521,12521,Road,2025-02-12,Delivered,45.41
52522,12522,Road,2025-07-09,Delayed,11.55
52523,12523,Air,2025-11-24,Delivered,38.73
52524,12524,Rail,2025-06-30,Delivered,49.7
52525,12525,Air,2025-05-07,Delivered,7.71
52526,12526,Road,2025-05-09,Delivered,21.46
52527,12527,Air,2025-08-29,Delayed,38.32
52528,12528,Air,2025-11-02,Delivered,21.05
52529,12529,Rail,2025-09-18,Delivered,15.0
52530,12530,Road,2025-02-06,Delivered,20.39
52531,12531,Rail,2025-08-13,Delivered,5.8
52532,12532,Rail,2025-09-25,Delivered,28.36
52533,12533,Air,2025-02-10,Delayed,15.9
52534,12534,Rail,2025-09-29,Delivered,5.47
52535,12535,Rail,2025-01-09,Delivered,31.56
52536,12536,Rail,2025-07-03,Delayed,29.93
52537,12537,Air,2025-04-13,Delayed,13.51
52538,12538,Rail,2025-08-06,Delivered,34.14
52539,12539,Air,2025-04-21,Delayed,31.89
52540,12540,Air,2025-12-06,Delivered,26.62
52541,12541,Air,2025-01-12,Delivered,44.53
52542,12542,Air,2025-05-01,Delayed,17.58
52543,12543,Road,2025-08-09,Delivered,32.3
52544,12544,Air,2025-05-06,Delayed,12.73
52545,12545,Air,2025-10-02,Delivered,28.99
52546,12546,Air,2025-03-09,Delivered,24.14
52547,12547,Road,2025-09-08,Delivered,20.67
52548,12548,Rail,2025-02-27,Delivered,18.52
52549,12549,Air,2025-07-19,Delivered,16.33
52550,12550,Road,2025-07-28,Delivered,47.45
52551,12551,Road,2025-09-04,Delivered,48.8
52552,12552,Road,2025-05-21,Delivered,30.53
52553,12553,Road,2025-08-17,Delivered,24.16
52554,12554,Rail,2025-07-20,Delayed,17.51
52555,12555,Road,2025-01-13,Delivered,7.44
52556,12556,Air,2025-02-19,Delayed,38.95
52557,12557,Road,2025-01-22,Delivered,6.94
52558,12558,Air,2025-04-04,Delayed,37.92
52559,12559,Air,2025-07-26,Delivered,23.05
52560,12560,Rail,2025-06-17,Delayed,35.29
52561,12561,Air,2025-10-19,Delivered,48.44
52562,12562,Air,2025-11-18,Delivered,20.31
52563,12563,Air,2025-09-28,Delivered,49.88
52564,12564,Road,2025-04-17,Delayed,22.12
52565,12565,Air,2025-02-28,Delivered,49.85
52566,12566,Rail,2025-12-26,Delayed,40.44
52567,12567,Air,2025-06-03,Delivered,20.86
52568,12568,Rail,2025-10-23,Delivered,5.27
52569,12569,Air,2025-09-17,Delayed,34.55
52570,12570,Air,2025-12-08,Delivered,7.9
52571,12571,Rail,2025-12-26,Delivered,10.54
52572,12572,Rail,2025-01-22,Delivered,14.3
52573,12573,Rail,2025-06-22,Delivered,6.31
52574,12574,Rail,2025-09-29,Delivered,12.95
52575,12575,Road,2025-12-26,Delivered,14.64
52576,12576,Road,2025-02-07,Delayed,32.98
52577,12577,Air,2025-05-15,Delivered,16.95
52578,12578,Air,2025-05-09,Delivered,18.7
52579,12579,Air,2025-06-30,Delivered,48.62
52580,12580,Air,2025-07-28,Delivered,9.6
52581,12581,Air,2025-09-09,Delivered,6.14
52582,12582,Air,2025-11-07,Delivered,35.35
52583,12583,Air,2025-11-03,Delivered,29.03
52584,12584,Road,2025-08-15,Delivered,33.19
52585,12585,Air,2025-04-11,Delivered,25.81
52586,12586,Road,2025-04-26,Delivered,27.73
52587,12587,Rail,2025-08-13,Delivered,48.56
52588,12588,Road,2025-04-27,Delivered,24.04
52589,12589,Road,2025-09-13,Delivered,6.82
52590,12590,Road,2025-11-20,Delivered,5.37
52591,12591,Road,2025-06-19,Delivered,45.84
52592,12592,Road,2025-07-08,Delivered,7.93
52593,12593,Rail,2025-04-23,Delivered,48.56
52594,12594,Road,2025-07-31,Delivered,37.27
52595,12595,Road,2025-04-08,Delivered,16.38
52596,12596,Road,2025-12-13,Delivered,36.36
52597,12597,Air,2025-09-28,Delayed,24.75
52598,12598,Road,2026-01-04,Delivered,39.56
52599,12599,Road,2025-07-03,Delivered,40.49
52600,12600,Rail,2025-10-19,Delivered,21.89
52601,12601,Air,2025-11-17,Delayed,10.42
52602,12602,Air,2025-09-06,Delayed,27.37
52603,12603,Road,2025-12-24,Delivered,12.79
52604,12604,Rail,2025-01-14,Delivered,14.33
52605,12605,Air,2025-07-27,Delayed,21.75
52606,12606,Road,2025-03-09,Delivered,7.18
52607,12607,Rail,2025-04-30,Delivered,6.66
52608,12608,Rail,2025-01-29,Delivered,38.24
52609,12609,Road,2025-02-15,Delivered,15.02
52610,12610,Road,2025-03-15,Delayed,5.49
52611,12611,Rail,2025-02-08,Delayed,25.44
52612,12612,Air,2025-06-14,Delivered,42.6
52613,12613,Air,2025-11-01,Delivered,19.7
52614,12614,Air,2025-02-11,Delivered,25.17
52615,12615,Rail,2025-07-13,Delivered,16.14
52616,12616,Rail,2025-02-12,Delayed,9.36
52617,12617,Rail,2025-11-25,Delivered,16.54
52618,12618,Rail,2025-05-10,Delivered,23.67
52619,12619,Road,2025-04-03,Delivered,46.18
52620,12620,Rail,2025-10-24,Delivered,18.01
52621,12621,Rail,2025-12-05,Delivered,16.66
52622,12622,Air,2025-07-21,Delivered,28.85
52623,12623,Air,2025-07-26,Delivered,6.62
52624,12624,Rail,2025-02-22,Delivered,10.28
52625,12625,Road,2025-02-05,Delivered,13.7
52626,12626,Road,2025-07-04,Delayed,29.37
52627,12627,Air,2025-08-31,Delivered,12.83
52628,12628,Air,2025-06-10,Delivered,24.58
52629,12629,Road,2025-02-09,Delayed,20.44
52630,12630,Air,2025-12-31,Delivered,25.5
52631,12631,Road,2025-05-13,Delivered,23.08
52632,12632,Air,2025-03-02,Delayed,36.82
52633,12633,Air,2025-03-17,Delivered,11.44
52634,12634,Air,2025-03-20,Delivered,19.22
52635,12635,Rail,2025-01-05,Delayed,19.67
52636,12636,Rail,2025-04-17,Delayed,46.35
52637,12637,Road,2025-09-22,Delayed,42.72
52638,12638,Air,2025-05-17,Delivered,5.87
52639,12639,Air,2025-01-18,Delivered,20.39
52640,12640,Road,2025-09-10,Delivered,41.07
52641,12641,Air,2025-10-09,Delivered,41.29
52642,12642,Air,2025-05-28,Delivered,5.7
52643,12643,Rail,2025-09-13,Delayed,23.3
52644,12644,Air,2025-01-17,Delivered,34.15
52645,12645,Air,2025-07-27,Delivered,42.48
52646,12646,Air,2025-06-08,Delivered,32.67
52647,12647,Air,2025-11-21,Delivered,42.6
52648,12648,Road,2025-04-15,Delayed,18.23
52649,12649,Road,2025-03-06,Delivered,24.66
52650,12650,Road,2025-03-08,Delivered,39.18
52651,12651,Road,2025-12-04,Delivered,19.03
52652,12652,Rail,2025-11-29,Delivered,25.81
52653,12653,Air,2025-02-05,Delivered,13.83
52654,12654,Air,2025-11-20,Delivered,39.34
52655,12655,Rail,2025-03-20,Delivered,6.41
52656,12656,Road,2025-08-03,Delivered,5.27
52657,12657,Air,2025-12-13,Delayed,17.61
52658,12658,Air,2025-10-10,Delivered,20.4
52659,12659,Rail,2025-04-17,Delivered,49.67
52660,12660,Road,2025-08-06,Delayed,25.5
52661,12661,Air,2025-10-21,Delivered,15.34
52662,12662,Rail,2025-10-05,Delayed,30.43
52663,12663,Rail,2025-08-19,Delivered,7.94
52664,12664,Rail,2025-09-19,Delivered,45.54
52665,12665,Air,2025-09-03,Delayed,10.97
52666,12666,Air,2025-01-17,Delivered,28.17
52667,12667,Rail,2025-04-17,Delivered,39.31
52668,12668,Air,2025-03-24,Delivered,19.58
52669,12669,Air,2025-05-25,Delivered,36.01
52670,12670,Air,2025-01-17,Delivered,27.11
52671,12671,Air,2025-06-20,Delivered,11.16
52672,12672,Rail,2025-02-20,Delivered,43.04
52673,12673,Air,2025-09-18,Delayed,8.79
52674,12674,Air,2025-11-27,Delivered,13.64
52675,12675,Air,2025-04-11,Delivered,41.84
52676,12676,Road,2025-08-25,Delivered,39.1
52677,12677,Rail,2025-02-02,Delivered,42.7
52678,12678,Road,2025-10-19,Delivered,49.79
52679,12679,Rail,2025-02-12,Delivered,5.26
52680,12680,Air,2025-12-08,Delivered,43.57
52681,12681,Road,2025-07-05,Delivered,20.83
52682,12682,Road,2025-04-14,Delivered,36.52
52683,12683,Rail,2025-10-15,Delivered,45.78
52684,12684,Road,2025-08-09,Delivered,16.59
52685,12685,Road,2025-10-06,Delivered,49.51
52686,12686,Road,2025-07-07,Delivered,13.92
52687,12687,Road,2025-11-13,Delivered,37.29
52688,12688,Air,2025-08-03,Delivered,21.06
52689,12689,Road,2025-05-03,Delivered,41.24
52690,12690,Road,2025-05-01,Delivered,17.84
52691,12691,Air,2025-12-31,Delayed,12.75
52692,12692,Air,2025-06-29,Delivered,7.61
52693,12693,Road,2025-04-03,Delayed,48.36
52694,12694,Road,2025-05-08,Delivered,24.6
52695,12695,Rail,2025-09-07,Delivered,21.17
52696,12696,Air,2025-06-30,Delayed,17.7
52697,12697,Road,2025-03-09,Delivered,5.62
52698,12698,Rail,2025-05-27,Delivered,46.31
52699,12699,Rail,2025-05-12,Delivered,46.41
52700,12700,Rail,2025-04-10,Delivered,10.8
52701,12701,Air,2025-03-23,Delayed,34.35
52702,12702,Rail,2025-09-22,Delivered,45.33
52703,12703,Rail,2025-10-30,Delivered,10.56
52704,12704,Air,2025-08-26,Delivered,5.05
52705,12705,Rail,2025-01-28,Delivered,31.81
52706,12706,Rail,2025-08-30,Delivered,44.42
52707,12707,Rail,2025-04-19,Delivered,29.65
52708,12708,Road,2025-06-17,Delivered,24.16
52709,12709,Rail,2025-12-06,Delivered,40.95
52710,12710,Air,2025-03-02,Delivered,42.21
52711,12711,Air,2025-03-18,Delivered,27.58
52712,12712,Air,2025-09-06,Delivered,18.84
52713,12713,Air,2025-02-13,Delivered,36.7
52714,12714,Road,2025-07-23,Delayed,28.85
52715,12715,Air,2025-02-07,Delivered,12.65
52716,12716,Road,2025-11-27,Delivered,12.4
52717,12717,Air,2025-08-22,Delivered,32.93
52718,12718,Road,2025-08-03,Delivered,9.02
52719,12719,Air,2025-06-07,Delivered,15.02
52720,12720,Air,2025-03-13,Delayed,17.45
52721,12721,Air,2025-10-29,Delayed,26.18
52722,12722,Rail,2025-08-09,Delivered,29.77
52723,12723,Road,2025-04-30,Delivered,13.04
52724,12724,Rail,2025-01-09,Delivered,34.33
52725,12725,Road,2025-10-22,Delivered,36.54
52726,12726,Road,2025-05-05,Delayed,19.65
52727,12727,Rail,2025-09-29,Delivered,14.6
52728,12728,Rail,2025-12-08,Delivered,45.52
52729,12729,Air,2025-09-05,Delivered,45.49
52730,12730,Road,2025-08-31,Delivered,40.16
52731,12731,Air,2025-02-23,Delivered,14.62
52732,12732,Rail,2025-01-17,Delivered,28.09
52733,12733,Air,2025-11-03,Delivered,11.06
52734,12734,Rail,2025-10-21,Delivered,48.95
52735,12735,Road,2025-07-22,Delivered,5.54
52736,12736,Air,2025-04-06,Delivered,35.28
52737,12737,Air,2025-09-04,Delivered,6.27
52738,12738,Air,2025-01-10,Delivered,17.28
52739,12739,Air,2025-10-11,Delivered,11.03
52740,12740,Road,2025-07-03,Delivered,29.49
52741,12741,Rail,2025-12-16,Delivered,14.51
52742,12742,Road,2025-09-24,Delayed,16.83
52743,12743,Rail,2025-02-16,Delayed,14.94
52744,12744,Rail,2025-09-16,Delayed,48.84
52745,12745,Rail,2025-05-08,Delayed,23.62
52746,12746,Road,2025-02-03,Delivered,43.93
52747,12747,Air,2025-07-04,Delayed,37.36
52748,12748,Rail,2025-07-15,Delivered,40.53
52749,12749,Road,2025-04-05,Delayed,37.5
52750,12750,Rail,2025-03-09,Delivered,45.25
52751,12751,Rail,2025-02-10,Delivered,33.02
52752,12752,Air,2025-05-15,Delayed,41.96
52753,12753,Air,2025-06-08,Delivered,41.41
52754,12754,Road,2025-03-10,Delayed,44.8
52755,12755,Air,2025-05-16,Delivered,10.82
52756,12756,Rail,2025-02-16,Delayed,5.93
52757,12757,Rail,2025-09-24,Delivered,48.99
52758,12758,Air,2025-03-05,Delivered,24.83
52759,12759,Air,2026-01-03,Delivered,42.06
52760,12760,Rail,2025-05-23,Delivered,21.69
52761,12761,Air,2025-02-01,Delayed,10.71
52762,12762,Road,2025-02-25,Delivered,5.39
52763,12763,Rail,2025-11-30,Delivered,9.9
52764,12764,Rail,2025-09-25,Delivered,15.25
52765,12765,Rail,2025-06-14,Delivered,14.26
52766,12766,Air,2025-01-21,Delivered,43.49
52767,12767,Road,2025-09-03,Delivered,42.45
52768,12768,Road,2025-01-29,Delivered,31.88
52769,12769,Air,2025-02-09,Delayed,5.98
52770,12770,Air,2025-05-13,Delivered,15.09
52771,12771,Rail,2025-05-30,Delayed,18.75
52772,12772,Air,2025-07-12,Delivered,23.75
52773,12773,Rail,2025-12-07,Delivered,48.66
52774,12774,Air,2025-09-13,Delivered,40.69
52775,12775,Air,2025-02-13,Delivered,35.85
52776,12776,Air,2025-05-23,Delivered,18.28
52777,12777,Air,2025-09-11,Delayed,16.21
52778,12778,Rail,2025-10-20,Delivered,34.18
52779,12779,Road,2025-06-03,Delivered,13.56
52780,12780,Rail,2025-09-01,Delayed,18.05
52781,12781,Road,2025-05-02,Delivered,33.6
52782,12782,Air,2025-08-21,Delivered,18.35
52783,12783,Rail,2025-12-20,Delivered,24.37
52784,12784,Air,2025-03-12,Delivered,19.14
52785,12785,Road,2025-10-29,Delayed,22.36
52786,12786,Rail,2025-08-15,Delivered,47.2
52787,12787,Air,2025-03-29,Delivered,46.81
52788,12788,Air,2025-08-03,Delayed,32.16
52789,12789,Road,2025-05-18,Delivered,14.18
52790,12790,Road,2025-06-11,Delayed,9.13
52791,12791,Air,2025-10-06,Delivered,26.81
52792,12792,Air,2025-02-01,Delayed,8.02
52793,12793,Rail,2025-01-23,Delivered,5.1
52794,12794,Rail,2025-03-23,Delivered,27.84
52795,12795,Road,2025-10-12,Delivered,7.95
52796,12796,Road,2025-08-21,Delivered,18.56
52797,12797,Air,2025-08-29,Delayed,47.72
52798,12798,Air,2025-03-04,Delivered,41.9
52799,12799,Road,2025-10-25,Delivered,35.2
52800,12800,Air,2026-01-03,Delivered,23.46
52801,12801,Air,2025-04-11,Delivered,26.63
52802,12802,Road,2025-05-22,Delivered,43.17
52803,12803,Rail,2025-07-25,Delayed,7.24
52804,12804,Air,2025-09-11,Delivered,41.33
52805,12805,Air,2025-04-06,Delivered,40.83
52806,12806,Rail,2025-06-11,Delayed,46.02
52807,12807,Air,2025-08-12,Delivered,41.83
52808,12808,Road,2025-06-12,Delivered,41.07
52809,12809,Road,2025-05-22,Delivered,21.81
52810,12810,Road,2025-03-14,Delayed,20.93
52811,12811,Rail,2025-05-17,Delayed,39.02
52812,12812,Road,2025-04-29,Delivered,42.14
52813,12813,Rail,2025-04-19,Delivered,46.03
52814,12814,Air,2025-07-15,Delivered,29.62
52815,12815,Air,2025-06-19,Delivered,24.15
52816,12816,Rail,2025-07-20,Delayed,20.4
52817,12817,Road,2025-05-11,Delivered,19.57
52818,12818,Rail,2025-05-09,Delivered,40.53
52819,12819,Road,2025-02-24,Delivered,10.6
52820,12820,Rail,2025-11-04,Delivered,38.82
52821,12821,Road,2025-06-25,Delivered,6.14
52822,12822,Rail,2025-12-06,Delivered,48.11
52823,12823,Rail,2026-01-02,Delivered,11.84
52824,12824,Road,2025-04-08,Delivered,16.53
52825,12825,Air,2025-01-21,Delivered,26.15
52826,12826,Road,2025-02-21,Delivered,36.16
52827,12827,Road,2025-01-31,Delivered,48.55
52828,12828,Road,2025-12-27,Delivered,45.56
52829,12829,Rail,2025-05-02,Delivered,47.69
52830,12830,Air,2025-10-12,Delivered,49.97
52831,12831,Rail,2025-02-25,Delivered,34.58
52832,12832,Rail,2025-10-28,Delivered,32.82
52833,12833,Road,2025-03-02,Delivered,38.25
52834,12834,Rail,2025-11-11,Delivered,37.61
52835,12835,Air,2025-11-03,Delivered,11.83
52836,12836,Road,2025-09-03,Delivered,42.38
52837,12837,Air,2025-10-10,Delivered,29.51
52838,12838,Road,2025-08-02,Delayed,41.63
52839,12839,Air,2025-06-22,Delivered,32.78
52840,12840,Air,2025-01-28,Delivered,45.15
52841,12841,Rail,2025-06-17,Delayed,23.34
52842,12842,Air,2025-10-11,Delivered,27.56
52843,12843,Road,2025-08-26,Delivered,27.46
52844,12844,Road,2025-08-31,Delivered,49.31
52845,12845,Road,2025-03-07,Delivered,10.86
52846,12846,Rail,2025-05-14,Delivered,38.46
52847,12847,Road,2025-11-23,Delivered,7.11
52848,12848,Road,2025-04-19,Delayed,20.32
52849,12849,Rail,2025-12-29,Delivered,6.35
52850,12850,Rail,2025-11-12,Delivered,43.58
52851,12851,Air,2025-08-22,Delivered,24.56
52852,12852,Rail,2025-10-31,Delivered,12.51
52853,12853,Rail,2025-06-05,Delivered,37.39
52854,12854,Rail,2025-06-02,Delivered,30.89
52855,12855,Road,2025-02-06,Delivered,7.29
52856,12856,Road,2025-08-15,Delivered,26.26
52857,12857,Rail,2025-09-24,Delayed,13.42
52858,12858,Air,2025-11-18,Delivered,49.84
52859,12859,Air,2025-07-28,Delivered,22.45
52860,12860,Road,2025-09-24,Delivered,18.84
52861,12861,Rail,2025-07-08,Delivered,34.22
52862,12862,Air,2025-01-19,Delayed,43.99
52863,12863,Air,2025-07-11,Delivered,13.35
52864,12864,Road,2025-12-23,Delivered,43.51
52865,12865,Rail,2025-12-21,Delivered,17.7
52866,12866,Air,2025-05-07,Delivered,45.41
52867,12867,Rail,2025-06-04,Delivered,47.95
52868,12868,Road,2025-07-08,Delivered,41.95
52869,12869,Air,2025-06-19,Delivered,37.46
52870,12870,Air,2025-08-23,Delivered,31.33
52871,12871,Air,2025-05-26,Delivered,16.73
52872,12872,Road,2025-10-07,Delivered,37.04
52873,12873,Road,2025-03-09,Delivered,30.54
52874,12874,Air,2025-06-03,Delayed,26.26
52875,12875,Road,2025-11-02,Delivered,20.01
52876,12876,Air,2025-04-11,Delivered,9.17
52877,12877,Road,2025-08-04,Delivered,5.15
52878,12878,Rail,2025-07-24,Delivered,21.68
52879,12879,Road,2025-10-29,Delivered,48.08
52880,12880,Rail,2025-06-18,Delivered,16.67
52881,12881,Road,2025-01-11,Delayed,45.02
52882,12882,Road,2025-12-13,Delivered,49.89
52883,12883,Road,2025-04-06,Delivered,42.73
52884,12884,Road,2025-02-13,Delivered,24.93
52885,12885,Rail,2025-03-11,Delivered,34.1
52886,12886,Rail,2025-10-30,Delayed,26.74
52887,12887,Air,2025-03-19,Delivered,34.53
52888,12888,Rail,2025-08-04,Delivered,7.86
52889,12889,Rail,2025-11-14,Delayed,25.89
52890,12890,Road,2025-01-20,Delivered,11.04
52891,12891,Road,2025-06-07,Delivered,35.41
52892,12892,Rail,2025-12-12,Delivered,26.42
52893,12893,Air,2025-06-29,Delivered,5.6
52894,12894,Rail,2025-12-13,Delivered,46.98
52895,12895,Road,2025-08-11,Delivered,32.79
52896,12896,Road,2025-12-25,Delayed,28.55
52897,12897,Road,2025-12-24,Delivered,41.93
52898,12898,Road,2025-08-14,Delivered,27.71
52899,12899,Rail,2025-06-01,Delivered,46.98
52900,12900,Road,2025-01-29,Delayed,37.13
52901,12901,Rail,2026-01-01,Delivered,29.78
52902,12902,Road,2025-09-27,Delivered,35.94
52903,12903,Air,2025-12-24,Delivered,39.17
52904,12904,Rail,2025-08-17,Delivered,22.27
52905,12905,Road,2025-05-21,Delayed,27.87
52906,12906,Rail,2025-05-08,Delivered,45.93
52907,12907,Road,2025-08-16,Delivered,26.68
52908,12908,Air,2025-09-23,Delivered,43.19
52909,12909,Air,2025-07-19,Delayed,48.48
52910,12910,Rail,2025-03-18,Delivered,45.39
52911,12911,Rail,2025-04-15,Delivered,25.72
52912,12912,Road,2025-02-17,Delivered,25.79
52913,12913,Road,2025-11-15,Delivered,40.68
52914,12914,Air,2025-10-27,Delivered,37.08
52915,12915,Road,2025-03-04,Delivered,49.32
52916,12916,Air,2025-12-24,Delivered,32.36
52917,12917,Air,2025-07-11,Delivered,9.4
52918,12918,Air,2025-08-16,Delivered,6.49
52919,12919,Road,2025-01-19,Delivered,9.8
52920,12920,Rail,2025-11-29,Delayed,49.17
52921,12921,Rail,2025-04-09,Delivered,11.51
52922,12922,Rail,2025-05-03,Delivered,12.83
52923,12923,Road,2025-06-18,Delivered,41.43
52924,12924,Rail,2025-10-07,Delayed,14.64
52925,12925,Rail,2025-09-26,Delayed,29.67
52926,12926,Road,2025-01-27,Delivered,40.65
52927,12927,Rail,2025-09-04,Delivered,31.49
52928,12928,Road,2025-11-19,Delivered,42.05
52929,12929,Air,2025-02-22,Delivered,30.47
52930,12930,Air,2025-10-08,Delivered,9.02
52931,12931,Air,2025-05-10,Delivered,34.39
52932,12932,Rail,2025-09-14,Delivered,12.31
52933,12933,Road,2025-01-18,Delivered,16.26
52934,12934,Road,2025-01-20,Delivered,27.84
52935,12935,Rail,2025-03-09,Delivered,34.39
52936,12936,Road,2025-08-20,Delivered,33.19
52937,12937,Road,2025-05-04,Delivered,22.53
52938,12938,Road,2025-08-12,Delivered,11.31
52939,12939,Air,2025-08-30,Delivered,49.75
52940,12940,Road,2025-12-05,Delivered,31.95
52941,12941,Road,2025-02-26,Delivered,33.84
52942,12942,Air,2025-09-07,Delayed,30.17
52943,12943,Road,2025-10-17,Delivered,42.15
52944,12944,Rail,2025-07-23,Delivered,37.4
52945,12945,Air,2025-08-02,Delivered,9.67
52946,12946,Air,2025-03-17,Delivered,39.36
52947,12947,Road,2025-07-14,Delivered,33.43
52948,12948,Air,2025-10-15,Delivered,47.75
52949,12949,Road,2025-06-26,Delivered,23.57
52950,12950,Road,2025-01-31,Delayed,15.05
52951,12951,Road,2025-08-18,Delivered,42.95
52952,12952,Air,2025-03-26,Delivered,17.14
52953,12953,Rail,2025-12-05,Delivered,42.27
52954,12954,Rail,2025-03-01,Delivered,6.76
52955,12955,Rail,2025-11-24,Delivered,21.39
52956,12956,Road,2025-09-27,Delivered,10.11
52957,12957,Road,2025-03-13,Delayed,39.29
52958,12958,Rail,2025-09-13,Delivered,13.85
52959,12959,Rail,2025-06-06,Delivered,17.87
52960,12960,Road,2025-03-10,Delivered,22.99
52961,12961,Air,2025-03-26,Delivered,37.54
52962,12962,Air,2025-06-19,Delivered,28.83
52963,12963,Road,2025-10-07,Delivered,22.16
52964,12964,Air,2025-06-19,Delivered,49.89
52965,12965,Road,2025-06-28,Delivered,49.61
52966,12966,Road,2025-11-13,Delayed,37.73
52967,12967,Rail,2025-12-05,Delivered,29.54
52968,12968,Rail,2025-09-28,Delayed,25.03
52969,12969,Air,2025-07-02,Delivered,42.21
52970,12970,Rail,2025-05-21,Delayed,41.67
52971,12971,Rail,2025-07-18,Delivered,32.81
52972,12972,Road,2025-01-30,Delayed,13.95
52973,12973,Rail,2025-10-10,Delivered,6.54
52974,12974,Road,2025-01-08,Delayed,34.76
52975,12975,Road,2025-07-08,Delayed,17.57
52976,12976,Rail,2025-06-06,Delivered,22.82
52977,12977,Road,2025-03-13,Delayed,14.1
52978,12978,Air,2025-12-18,Delayed,42.57
52979,12979,Air,2025-10-12,Delivered,44.9
52980,12980,Rail,2025-04-01,Delivered,12.04
52981,12981,Rail,2025-02-26,Delivered,39.91
52982,12982,Air,2025-12-16,Delivered,8.07
52983,12983,Air,2025-06-17,Delivered,19.94
52984,12984,Road,2025-09-23,Delivered,46.34
52985,12985,Rail,2025-08-11,Delivered,11.73
52986,12986,Rail,2025-02-06,Delivered,23.71
52987,12987,Rail,2025-02-11,Delayed,26.92
52988,12988,Road,2025-03-22,Delivered,19.86
52989,12989,Air,2025-10-02,Delivered,30.15
52990,12990,Rail,2025-04-04,Delivered,31.88
52991,12991,Rail,2025-10-07,Delayed,25.88
52992,12992,Rail,2025-11-08,Delivered,45.31
52993,12993,Road,2025-03-11,Delayed,30.94
52994,12994,Road,2025-04-13,Delayed,46.08
52995,12995,Rail,2025-10-02,Delayed,13.15
52996,12996,Road,2025-08-30,Delivered,26.42
52997,12997,Road,2025-09-25,Delayed,32.01
52998,12998,Air,2025-06-22,Delayed,17.96
52999,12999,Rail,2025-10-30,Delivered,33.27
53000,13000,Rail,2025-05-02,Delivered,43.28
53001,13001,Road,2025-06-06,Delivered,10.76
53002,13002,Rail,2025-08-17,Delayed,44.18
53003,13003,Air,2025-10-13,Delivered,43.83
53004,13004,Road,2025-05-09,Delivered,48.31
53005,13005,Road,2025-11-16,Delivered,13.97
53006,13006,Road,2025-03-03,Delayed,43.75
53007,13007,Air,2025-04-27,Delayed,13.57
53008,13008,Rail,2025-01-23,Delivered,43.71
53009,13009,Air,2025-03-12,Delivered,25.16
53010,13010,Rail,2025-03-19,Delayed,25.64
53011,13011,Road,2025-09-30,Delivered,19.05
53012,13012,Rail,2025-09-06,Delivered,15.21
53013,13013,Air,2025-12-15,Delivered,49.99
53014,13014,Air,2025-04-27,Delivered,46.78
53015,13015,Air,2025-12-21,Delivered,21.84
53016,13016,Air,2025-05-02,Delivered,13.35
53017,13017,Rail,2025-09-03,Delivered,42.92
53018,13018,Road,2025-02-22,Delayed,29.66
53019,13019,Road,2025-05-25,Delivered,36.53
53020,13020,Air,2025-02-28,Delayed,25.11
53021,13021,Rail,2025-11-09,Delivered,19.7
53022,13022,Road,2025-09-10,Delayed,12.73
53023,13023,Road,2025-07-13,Delivered,12.95
53024,13024,Rail,2025-12-01,Delayed,13.06
53025,13025,Road,2025-09-02,Delivered,32.23
53026,13026,Air,2025-04-07,Delayed,25.85
53027,13027,Road,2025-02-10,Delivered,17.68
53028,13028,Rail,2025-11-12,Delivered,48.97
53029,13029,Rail,2025-11-16,Delivered,31.05
53030,13030,Road,2025-07-27,Delivered,36.06
53031,13031,Rail,2025-07-02,Delivered,41.75
53032,13032,Road,2025-05-14,Delivered,28.13
53033,13033,Rail,2025-11-10,Delivered,10.16
53034,13034,Rail,2025-01-08,Delivered,41.53
53035,13035,Air,2025-09-01,Delayed,6.95
53036,13036,Air,2025-04-05,Delivered,33.12
53037,13037,Air,2025-01-18,Delayed,10.04
53038,13038,Air,2025-07-18,Delivered,5.67
53039,13039,Road,2025-02-19,Delivered,42.99
53040,13040,Air,2025-12-31,Delivered,20.12
53041,13041,Air,2025-01-31,Delivered,14.64
53042,13042,Air,2025-10-29,Delivered,13.52
53043,13043,Road,2025-12-28,Delivered,18.37
53044,13044,Air,2025-10-21,Delivered,12.89
53045,13045,Road,2025-07-16,Delivered,12.3
53046,13046,Air,2025-02-21,Delivered,48.16
53047,13047,Rail,2025-12-27,Delivered,43.49
53048,13048,Air,2025-07-28,Delivered,29.0
53049,13049,Rail,2025-04-22,Delayed,17.84
53050,13050,Air,2025-12-12,Delivered,28.4
53051,13051,Rail,2025-05-17,Delivered,19.16
53052,13052,Rail,2025-12-27,Delayed,20.04
53053,13053,Air,2025-08-10,Delayed,16.67
53054,13054,Rail,2025-09-28,Delivered,32.46
53055,13055,Road,2025-09-06,Delivered,18.78
53056,13056,Road,2025-07-10,Delivered,14.28
53057,13057,Air,2025-05-12,Delivered,9.38
53058,13058,Air,2025-04-29,Delayed,35.24
53059,13059,Air,2025-10-30,Delivered,22.66
53060,13060,Air,2025-06-11,Delivered,20.22
53061,13061,Road,2025-11-02,Delivered,45.92
53062,13062,Rail,2025-10-16,Delivered,14.78
53063,13063,Air,2025-10-04,Delivered,38.06
53064,13064,Road,2025-02-26,Delivered,45.61
53065,13065,Road,2025-03-20,Delivered,13.68
53066,13066,Rail,2025-03-31,Delivered,48.72
53067,13067,Air,2025-12-24,Delivered,19.51
53068,13068,Road,2025-02-26,Delivered,19.26
53069,13069,Air,2025-09-20,Delivered,46.35
53070,13070,Road,2025-08-28,Delivered,38.56
53071,13071,Road,2025-06-02,Delivered,21.4
53072,13072,Road,2025-06-14,Delivered,43.46
53073,13073,Rail,2025-12-17,Delivered,38.54
53074,13074,Rail,2025-09-15,Delayed,17.3
53075,13075,Air,2025-09-12,Delayed,45.44
53076,13076,Rail,2025-04-17,Delayed,43.39
53077,13077,Air,2025-02-15,Delayed,7.7
53078,13078,Road,2025-10-14,Delivered,25.5
53079,13079,Rail,2025-02-09,Delivered,11.01
53080,13080,Air,2025-05-15,Delivered,21.01
53081,13081,Rail,2025-09-19,Delivered,43.64
53082,13082,Air,2025-08-28,Delayed,27.78
53083,13083,Road,2025-07-29,Delivered,26.13
53084,13084,Road,2025-07-02,Delayed,40.89
53085,13085,Rail,2025-09-23,Delivered,27.56
53086,13086,Rail,2025-05-01,Delayed,6.53
53087,13087,Road,2025-12-14,Delivered,16.32
53088,13088,Road,2025-08-29,Delivered,8.72
53089,13089,Road,2025-03-12,Delayed,22.84
53090,13090,Rail,2025-12-21,Delivered,47.5
53091,13091,Air,2025-07-25,Delivered,13.37
53092,13092,Road,2025-08-28,Delivered,21.29
53093,13093,Road,2025-12-01,Delivered,10.9
53094,13094,Air,2025-11-03,Delivered,34.97
53095,13095,Rail,2025-08-09,Delayed,9.51
53096,13096,Rail,2025-07-23,Delivered,22.92
53097,13097,Air,2025-11-08,Delivered,15.2
53098,13098,Air,2025-01-25,Delivered,8.82
53099,13099,Air,2025-08-06,Delivered,38.98
53100,13100,Air,2025-04-04,Delivered,9.42
53101,13101,Road,2025-08-10,Delivered,11.03
53102,13102,Road,2025-10-30,Delivered,49.0
53103,13103,Road,2025-09-13,Delayed,27.79
53104,13104,Rail,2025-04-12,Delivered,34.96
53105,13105,Air,2025-07-07,Delayed,15.2
53106,13106,Air,2025-01-29,Delivered,43.45
53107,13107,Road,2026-01-04,Delivered,34.13
53108,13108,Rail,2025-01-28,Delivered,41.99
53109,13109,Air,2025-03-17,Delayed,49.47
53110,13110,Rail,2025-12-18,Delayed,11.41
53111,13111,Road,2025-09-01,Delivered,17.66
53112,13112,Air,2025-11-08,Delivered,38.38
53113,13113,Rail,2025-05-11,Delivered,48.03
53114,13114,Rail,2025-04-23,Delayed,44.07
53115,13115,Air,2025-11-01,Delayed,33.76
53116,13116,Road,2025-07-18,Delivered,36.95
53117,13117,Road,2025-07-24,Delayed,6.2
53118,13118,Air,2025-10-02,Delivered,34.87
53119,13119,Rail,2025-06-10,Delivered,5.27
53120,13120,Road,2025-05-23,Delayed,7.01
53121,13121,Rail,2025-04-24,Delivered,34.95
53122,13122,Road,2025-11-02,Delayed,28.66
53123,13123,Road,2025-02-09,Delayed,44.81
53124,13124,Air,2025-06-29,Delivered,21.77
53125,13125,Rail,2025-03-25,Delivered,19.5
53126,13126,Rail,2025-12-17,Delivered,43.04
53127,13127,Rail,2025-01-19,Delivered,14.66
53128,13128,Road,2025-02-19,Delivered,42.61
53129,13129,Rail,2025-07-19,Delivered,6.0
53130,13130,Air,2025-08-11,Delivered,19.05
53131,13131,Air,2025-09-07,Delivered,40.82
53132,13132,Road,2025-09-09,Delivered,31.72
53133,13133,Road,2025-04-11,Delivered,15.24
53134,13134,Air,2025-11-15,Delivered,17.98
53135,13135,Road,2025-01-21,Delivered,29.88
53136,13136,Road,2025-04-30,Delivered,23.14
53137,13137,Road,2025-07-14,Delayed,43.34
53138,13138,Road,2025-07-16,Delayed,31.79
53139,13139,Road,2025-04-29,Delayed,13.64
53140,13140,Road,2025-08-18,Delivered,23.6
53141,13141,Rail,2025-08-26,Delivered,9.06
53142,13142,Air,2025-02-02,Delivered,44.37
53143,13143,Rail,2025-04-17,Delivered,44.25
53144,13144,Rail,2025-01-26,Delivered,49.31
53145,13145,Air,2025-07-02,Delivered,28.11
53146,13146,Air,2025-09-09,Delivered,31.46
53147,13147,Rail,2025-12-18,Delivered,36.4
53148,13148,Rail,2025-06-23,Delivered,16.35
53149,13149,Road,2025-08-27,Delayed,34.83
53150,13150,Air,2025-02-02,Delivered,6.53
53151,13151,Air,2025-02-02,Delayed,19.08
53152,13152,Rail,2025-10-21,Delivered,34.66
53153,13153,Road,2025-10-11,Delivered,45.22
53154,13154,Road,2025-10-12,Delivered,48.69
53155,13155,Air,2025-06-30,Delivered,46.95
53156,13156,Rail,2025-03-31,Delivered,8.99
53157,13157,Road,2025-02-28,Delivered,28.73
53158,13158,Road,2025-04-22,Delayed,47.0
53159,13159,Rail,2025-04-05,Delayed,12.83
53160,13160,Air,2025-03-17,Delivered,26.08
53161,13161,Road,2025-07-28,Delivered,46.38
53162,13162,Rail,2025-11-21,Delivered,12.43
53163,13163,Air,2025-03-28,Delivered,41.56
53164,13164,Air,2025-09-12,Delivered,29.19
53165,13165,Air,2025-09-18,Delivered,5.51
53166,13166,Road,2025-07-14,Delayed,26.21
53167,13167,Air,2025-09-26,Delivered,48.3
53168,13168,Rail,2025-10-05,Delivered,19.36
53169,13169,Air,2025-06-05,Delivered,38.69
53170,13170,Air,2025-07-02,Delivered,20.62
53171,13171,Rail,2025-07-22,Delayed,45.3
53172,13172,Road,2025-01-19,Delivered,35.97
53173,13173,Air,2025-02-24,Delivered,37.88
53174,13174,Rail,2025-02-27,Delivered,27.37
53175,13175,Air,2025-04-23,Delivered,37.8
53176,13176,Road,2025-06-01,Delivered,9.13
53177,13177,Air,2025-01-19,Delivered,6.01
53178,13178,Air,2025-08-01,Delivered,28.45
53179,13179,Air,2025-12-06,Delivered,11.79
53180,13180,Road,2025-03-18,Delivered,21.8
53181,13181,Air,2025-05-07,Delivered,12.63
53182,13182,Road,2025-05-08,Delayed,42.79
53183,13183,Air,2025-11-20,Delivered,27.29
53184,13184,Road,2025-12-23,Delayed,18.59
53185,13185,Air,2025-11-20,Delivered,42.91
53186,13186,Air,2025-12-30,Delivered,48.33
53187,13187,Road,2025-05-16,Delivered,34.89
53188,13188,Rail,2025-10-01,Delayed,28.13
53189,13189,Road,2025-04-23,Delayed,19.9
53190,13190,Rail,2025-08-25,Delayed,6.99
53191,13191,Road,2025-09-07,Delivered,26.15
53192,13192,Road,2025-05-01,Delivered,7.98
53193,13193,Road,2025-01-29,Delivered,33.15
53194,13194,Rail,2025-12-21,Delivered,26.51
53195,13195,Road,2025-03-19,Delayed,32.34
53196,13196,Rail,2025-08-15,Delivered,24.85
53197,13197,Air,2025-03-12,Delayed,25.04
53198,13198,Road,2025-11-02,Delivered,34.76
53199,13199,Rail,2025-11-10,Delayed,31.18
53200,13200,Air,2025-07-07,Delivered,20.12
53201,13201,Air,2025-05-02,Delivered,22.8
53202,13202,Road,2025-01-21,Delivered,22.06
53203,13203,Air,2025-04-25,Delivered,25.49
53204,13204,Air,2025-06-16,Delivered,34.86
53205,13205,Air,2025-03-01,Delivered,34.58
53206,13206,Air,2025-06-14,Delayed,11.95
53207,13207,Road,2025-04-08,Delivered,45.98
53208,13208,Air,2025-12-13,Delivered,19.36
53209,13209,Road,2025-05-21,Delivered,7.75
53210,13210,Road,2025-05-24,Delayed,21.03
53211,13211,Air,2025-11-04,Delayed,25.77
53212,13212,Rail,2025-08-31,Delivered,5.39
53213,13213,Air,2025-03-23,Delivered,6.21
53214,13214,Road,2025-03-11,Delivered,9.74
53215,13215,Road,2025-10-13,Delivered,28.78
53216,13216,Rail,2025-09-09,Delivered,40.99
53217,13217,Road,2025-04-06,Delivered,12.56
53218,13218,Road,2025-12-01,Delivered,14.87
53219,13219,Air,2025-10-03,Delivered,6.37
53220,13220,Air,2025-02-17,Delayed,9.56
53221,13221,Rail,2025-05-10,Delivered,43.46
53222,13222,Rail,2025-01-28,Delayed,10.69
53223,13223,Rail,2025-01-27,Delivered,31.06
53224,13224,Road,2025-04-25,Delayed,9.54
53225,13225,Rail,2025-04-19,Delivered,15.04
53226,13226,Rail,2025-09-09,Delivered,45.31
53227,13227,Road,2025-02-02,Delayed,20.68
53228,13228,Rail,2025-09-04,Delayed,32.24
53229,13229,Air,2025-07-24,Delivered,6.35
53230,13230,Air,2025-06-11,Delayed,23.86
53231,13231,Road,2025-12-17,Delivered,9.56
53232,13232,Air,2025-12-19,Delivered,49.46
53233,13233,Road,2025-07-31,Delivered,12.48
53234,13234,Road,2025-04-29,Delivered,34.93
53235,13235,Road,2025-12-01,Delayed,45.22
53236,13236,Road,2025-03-29,Delivered,16.9
53237,13237,Road,2025-10-09,Delayed,16.49
53238,13238,Rail,2025-05-01,Delivered,19.36
53239,13239,Rail,2025-05-04,Delivered,49.69
53240,13240,Air,2025-10-09,Delivered,40.55
53241,13241,Road,2025-08-19,Delayed,18.61
53242,13242,Road,2025-02-24,Delayed,39.56
53243,13243,Rail,2025-12-12,Delayed,38.56
53244,13244,Air,2025-07-03,Delivered,17.39
53245,13245,Rail,2025-11-04,Delayed,47.47
53246,13246,Road,2025-10-04,Delivered,22.34
53247,13247,Rail,2025-03-16,Delivered,34.96
53248,13248,Air,2025-04-02,Delivered,13.78
53249,13249,Air,2025-03-27,Delivered,34.57
53250,13250,Road,2025-01-25,Delivered,40.46
53251,13251,Air,2025-06-22,Delivered,43.68
53252,13252,Road,2025-06-29,Delivered,9.99
53253,13253,Rail,2025-07-18,Delivered,8.8
53254,13254,Rail,2025-11-10,Delivered,6.18
53255,13255,Rail,2025-03-23,Delivered,18.1
53256,13256,Air,2025-04-08,Delivered,21.49
53257,13257,Rail,2025-02-23,Delayed,11.61
53258,13258,Air,2025-04-11,Delivered,7.69
53259,13259,Rail,2025-02-08,Delivered,10.13
53260,13260,Rail,2025-11-19,Delayed,19.8
53261,13261,Road,2025-03-29,Delivered,30.08
53262,13262,Air,2025-10-25,Delayed,12.48
53263,13263,Rail,2025-04-03,Delivered,36.5
53264,13264,Air,2025-01-31,Delayed,18.46
53265,13265,Road,2025-11-17,Delivered,19.73
53266,13266,Air,2025-01-08,Delayed,22.15
53267,13267,Air,2025-12-20,Delivered,13.18
53268,13268,Road,2025-06-28,Delivered,11.92
53269,13269,Road,2025-11-08,Delivered,49.67
53270,13270,Road,2025-07-14,Delivered,31.28
53271,13271,Road,2025-09-11,Delivered,19.86
53272,13272,Road,2025-12-07,Delivered,21.82
53273,13273,Rail,2025-01-11,Delayed,12.7
53274,13274,Road,2025-02-05,Delayed,15.83
53275,13275,Road,2025-10-27,Delivered,11.15
53276,13276,Road,2025-12-15,Delivered,26.97
53277,13277,Air,2025-04-22,Delivered,30.26
53278,13278,Air,2025-05-11,Delivered,19.41
53279,13279,Road,2025-06-22,Delivered,14.16
53280,13280,Air,2025-01-31,Delivered,5.04
53281,13281,Road,2025-12-26,Delivered,31.86
53282,13282,Air,2025-11-23,Delivered,17.13
53283,13283,Rail,2025-08-21,Delayed,28.62
53284,13284,Rail,2025-07-11,Delayed,39.55
53285,13285,Road,2025-01-12,Delivered,38.15
53286,13286,Rail,2025-10-15,Delayed,12.97
53287,13287,Rail,2025-08-22,Delivered,6.93
53288,13288,Road,2025-07-04,Delayed,7.25
53289,13289,Air,2025-09-16,Delayed,6.63
53290,13290,Air,2025-10-09,Delivered,16.45
53291,13291,Air,2025-07-07,Delivered,44.81
53292,13292,Rail,2025-08-23,Delivered,13.19
53293,13293,Air,2025-10-20,Delivered,6.67
53294,13294,Air,2025-02-12,Delivered,31.89
53295,13295,Road,2025-01-28,Delivered,17.61
53296,13296,Road,2025-06-09,Delayed,15.48
53297,13297,Air,2025-04-19,Delivered,9.74
53298,13298,Road,2025-01-06,Delivered,6.14
53299,13299,Air,2025-08-20,Delivered,42.56
53300,13300,Rail,2025-07-19,Delayed,44.53
53301,13301,Road,2025-09-19,Delivered,32.77
53302,13302,Air,2025-03-29,Delivered,13.17
53303,13303,Rail,2025-12-11,Delayed,26.45
53304,13304,Rail,2025-01-24,Delayed,22.74
53305,13305,Air,2025-12-25,Delivered,19.58
53306,13306,Rail,2025-01-16,Delivered,36.22
53307,13307,Air,2025-12-08,Delivered,22.78
53308,13308,Air,2025-07-10,Delivered,25.03
53309,13309,Rail,2025-01-09,Delayed,37.61
53310,13310,Rail,2025-01-06,Delivered,45.24
53311,13311,Rail,2025-05-21,Delivered,35.56
53312,13312,Rail,2025-06-17,Delayed,30.44
53313,13313,Rail,2025-04-06,Delivered,9.35
53314,13314,Rail,2025-02-25,Delivered,46.33
53315,13315,Air,2025-10-19,Delayed,32.78
53316,13316,Road,2025-05-27,Delivered,44.09
53317,13317,Air,2025-12-09,Delayed,21.18
53318,13318,Air,2025-08-08,Delayed,36.68
53319,13319,Rail,2025-09-15,Delivered,5.44
53320,13320,Air,2025-09-22,Delayed,23.29
53321,13321,Rail,2025-08-31,Delivered,13.74
53322,13322,Road,2025-02-22,Delivered,43.02
53323,13323,Road,2025-06-05,Delayed,37.26
53324,13324,Rail,2025-07-07,Delivered,29.79
53325,13325,Rail,2025-05-28,Delayed,28.79
53326,13326,Road,2025-09-26,Delayed,25.28
53327,13327,Air,2025-02-12,Delivered,8.4
53328,13328,Rail,2025-03-11,Delivered,5.41
53329,13329,Air,2025-09-12,Delivered,19.52
53330,13330,Air,2025-08-19,Delayed,10.79
53331,13331,Road,2025-08-16,Delivered,45.27
53332,13332,Rail,2025-09-26,Delivered,11.32
53333,13333,Rail,2025-10-17,Delivered,17.52
53334,13334,Air,2025-04-10,Delayed,43.83
53335,13335,Road,2025-11-26,Delayed,28.42
53336,13336,Rail,2025-08-09,Delayed,20.6
53337,13337,Road,2025-11-25,Delivered,49.27
53338,13338,Road,2025-07-27,Delivered,9.89
53339,13339,Rail,2025-07-12,Delivered,20.13
53340,13340,Rail,2025-04-12,Delivered,32.96
53341,13341,Road,2025-03-12,Delivered,34.39
53342,13342,Air,2025-06-09,Delivered,35.64
53343,13343,Road,2025-10-29,Delivered,28.86
53344,13344,Road,2025-01-11,Delivered,24.62
53345,13345,Air,2025-07-11,Delayed,18.83
53346,13346,Rail,2025-03-30,Delivered,32.01
53347,13347,Air,2025-12-27,Delivered,40.11
53348,13348,Rail,2025-11-28,Delivered,16.83
53349,13349,Air,2025-12-16,Delivered,16.92
53350,13350,Air,2025-03-23,Delayed,37.27
53351,13351,Rail,2025-01-16,Delayed,45.11
53352,13352,Road,2025-07-04,Delivered,5.46
53353,13353,Rail,2025-05-18,Delivered,20.7
53354,13354,Rail,2025-05-25,Delivered,28.44
53355,13355,Rail,2025-02-02,Delivered,32.56
53356,13356,Air,2025-08-30,Delivered,26.86
53357,13357,Rail,2025-04-21,Delayed,26.66
53358,13358,Road,2025-06-26,Delivered,31.68
53359,13359,Road,2025-04-30,Delivered,20.4
53360,13360,Air,2025-05-29,Delivered,25.73
53361,13361,Road,2025-07-19,Delivered,47.86
53362,13362,Rail,2025-12-23,Delivered,33.72
53363,13363,Rail,2025-09-07,Delivered,5.73
53364,13364,Road,2025-01-20,Delivered,20.81
53365,13365,Air,2025-03-25,Delivered,39.47
53366,13366,Road,2025-01-17,Delivered,18.33
53367,13367,Road,2025-10-25,Delivered,20.79
53368,13368,Air,2025-07-08,Delivered,46.99
53369,13369,Air,2025-09-24,Delayed,31.94
53370,13370,Road,2025-07-08,Delivered,35.38
53371,13371,Air,2025-02-05,Delayed,42.98
53372,13372,Air,2025-04-24,Delivered,21.01
53373,13373,Rail,2025-11-02,Delayed,21.64
53374,13374,Rail,2025-05-23,Delivered,25.53
53375,13375,Road,2025-09-17,Delivered,33.85
53376,13376,Road,2025-03-02,Delivered,49.05
53377,13377,Road,2025-11-27,Delivered,5.14
53378,13378,Road,2025-09-15,Delivered,43.01
53379,13379,Road,2025-04-02,Delivered,42.99
53380,13380,Rail,2025-12-28,Delivered,33.95
53381,13381,Road,2025-02-19,Delivered,34.68
53382,13382,Road,2025-03-24,Delivered,7.02
53383,13383,Air,2025-05-10,Delayed,15.85
53384,13384,Road,2025-12-21,Delivered,14.46
53385,13385,Road,2025-11-18,Delivered,43.17
53386,13386,Road,2025-08-21,Delayed,32.82
53387,13387,Road,2025-06-01,Delivered,8.73
53388,13388,Road,2025-03-16,Delivered,42.87
53389,13389,Rail,2025-02-22,Delayed,46.5
53390,13390,Road,2025-09-12,Delivered,43.16
53391,13391,Rail,2025-07-08,Delivered,43.99
53392,13392,Air,2025-04-07,Delayed,44.4
53393,13393,Rail,2025-11-16,Delivered,45.62
53394,13394,Air,2025-05-30,Delayed,8.28
53395,13395,Air,2025-05-20,Delivered,6.12
53396,13396,Road,2025-05-20,Delivered,37.66
53397,13397,Air,2025-12-23,Delivered,6.29
53398,13398,Air,2025-08-09,Delivered,15.73
53399,13399,Rail,2025-03-01,Delivered,45.55
53400,13400,Rail,2025-11-28,Delivered,7.68
53401,13401,Air,2025-01-08,Delayed,11.62
53402,13402,Air,2025-10-03,Delayed,42.1
53403,13403,Road,2025-08-06,Delivered,32.76
53404,13404,Rail,2025-06-05,Delayed,7.39
53405,13405,Road,2025-03-01,Delivered,46.2
53406,13406,Air,2025-03-08,Delayed,44.97
53407,13407,Rail,2025-03-14,Delivered,32.55
53408,13408,Road,2025-12-24,Delivered,14.19
53409,13409,Road,2025-03-10,Delivered,15.67
53410,13410,Air,2025-02-01,Delivered,40.04
53411,13411,Road,2025-05-13,Delivered,19.12
53412,13412,Rail,2025-12-04,Delivered,13.43
53413,13413,Air,2025-12-01,Delayed,30.03
53414,13414,Rail,2026-01-06,Delivered,20.22
53415,13415,Air,2025-03-17,Delivered,32.79
53416,13416,Air,2025-11-13,Delayed,10.11
53417,13417,Road,2025-12-13,Delivered,21.99
53418,13418,Road,2025-09-19,Delayed,44.99
53419,13419,Air,2025-12-05,Delivered,9.13
53420,13420,Road,2025-01-08,Delivered,8.07
53421,13421,Rail,2025-10-03,Delayed,38.89
53422,13422,Air,2025-02-15,Delivered,27.45
53423,13423,Air,2025-06-10,Delivered,15.83
53424,13424,Air,2025-07-26,Delivered,35.19
53425,13425,Road,2025-05-17,Delivered,49.13
53426,13426,Road,2025-08-31,Delivered,21.71
53427,13427,Rail,2025-10-10,Delivered,48.13
53428,13428,Rail,2025-12-07,Delivered,37.26
53429,13429,Air,2025-07-23,Delayed,26.68
53430,13430,Rail,2025-07-23,Delivered,26.9
53431,13431,Road,2025-04-07,Delivered,26.92
53432,13432,Rail,2025-07-13,Delivered,38.2
53433,13433,Air,2025-10-31,Delivered,26.38
53434,13434,Road,2025-10-25,Delivered,29.83
53435,13435,Rail,2025-03-14,Delivered,14.21
53436,13436,Rail,2025-04-07,Delayed,15.78
53437,13437,Rail,2025-05-07,Delivered,49.41
53438,13438,Air,2025-05-23,Delivered,41.87
53439,13439,Road,2025-02-06,Delivered,20.59
53440,13440,Rail,2025-02-07,Delivered,21.42
53441,13441,Air,2025-12-26,Delivered,9.5
53442,13442,Road,2025-11-08,Delivered,26.65
53443,13443,Road,2025-10-22,Delivered,47.48
53444,13444,Road,2025-05-23,Delivered,48.52
53445,13445,Air,2025-10-17,Delayed,10.12
53446,13446,Road,2025-07-01,Delayed,30.53
53447,13447,Rail,2025-11-13,Delivered,33.74
53448,13448,Road,2025-08-06,Delivered,30.07
53449,13449,Rail,2025-04-20,Delivered,23.49
53450,13450,Rail,2025-05-26,Delayed,24.65
53451,13451,Rail,2025-03-21,Delivered,35.91
53452,13452,Air,2025-07-10,Delayed,39.54
53453,13453,Road,2025-03-29,Delivered,33.5
53454,13454,Rail,2025-08-06,Delayed,33.27
53455,13455,Rail,2025-10-05,Delivered,36.64
53456,13456,Air,2025-05-25,Delivered,28.18
53457,13457,Rail,2025-08-23,Delayed,23.98
53458,13458,Road,2025-01-14,Delivered,42.96
53459,13459,Rail,2025-10-17,Delayed,8.43
53460,13460,Road,2025-10-01,Delivered,24.35
53461,13461,Road,2025-12-18,Delivered,13.14
53462,13462,Rail,2025-10-25,Delayed,33.84
53463,13463,Rail,2025-06-24,Delivered,19.38
53464,13464,Rail,2025-02-21,Delayed,35.88
53465,13465,Air,2025-01-16,Delivered,37.72
53466,13466,Air,2025-04-21,Delayed,10.45
53467,13467,Road,2025-07-22,Delivered,43.68
53468,13468,Road,2025-08-27,Delayed,39.64
53469,13469,Air,2025-09-22,Delayed,48.11
53470,13470,Road,2025-05-03,Delayed,12.64
53471,13471,Rail,2025-12-07,Delivered,48.22
53472,13472,Road,2025-08-03,Delivered,42.82
53473,13473,Rail,2025-07-27,Delivered,15.56
53474,13474,Rail,2025-03-01,Delivered,32.86
53475,13475,Road,2025-07-28,Delivered,39.55
53476,13476,Air,2025-02-27,Delivered,13.57
53477,13477,Air,2025-04-01,Delivered,40.29
53478,13478,Air,2025-05-17,Delivered,31.39
53479,13479,Air,2025-05-02,Delivered,25.48
53480,13480,Road,2025-11-16,Delivered,42.96
53481,13481,Rail,2025-06-26,Delivered,13.88
53482,13482,Air,2025-11-10,Delayed,29.81
53483,13483,Air,2025-05-05,Delayed,20.55
53484,13484,Air,2025-07-17,Delayed,37.75
53485,13485,Road,2025-08-27,Delivered,25.19
53486,13486,Road,2025-11-16,Delivered,37.56
53487,13487,Road,2025-01-12,Delivered,49.76
53488,13488,Road,2025-09-22,Delivered,38.9
53489,13489,Rail,2025-10-27,Delivered,21.11
53490,13490,Air,2025-10-03,Delivered,26.24
53491,13491,Air,2025-12-22,Delivered,43.54
53492,13492,Air,2025-03-09,Delivered,35.02
53493,13493,Rail,2025-02-10,Delayed,21.28
53494,13494,Rail,2025-12-12,Delivered,45.56
53495,13495,Rail,2025-08-04,Delivered,32.56
53496,13496,Rail,2025-03-04,Delivered,26.11
53497,13497,Road,2025-07-14,Delayed,28.05
53498,13498,Rail,2025-05-22,Delivered,14.54
53499,13499,Rail,2025-08-01,Delivered,5.58
53500,13500,Air,2025-01-14,Delivered,30.52
53501,13501,Rail,2025-05-01,Delivered,37.86
53502,13502,Air,2025-08-29,Delivered,14.31
53503,13503,Road,2025-05-02,Delivered,29.77
53504,13504,Air,2025-04-24,Delivered,33.01
53505,13505,Road,2025-12-21,Delivered,37.85
53506,13506,Road,2025-01-25,Delivered,42.59
53507,13507,Air,2025-10-27,Delayed,26.34
53508,13508,Road,2025-02-18,Delivered,44.07
53509,13509,Air,2025-01-25,Delivered,15.44
53510,13510,Air,2025-10-16,Delivered,42.34
53511,13511,Air,2025-01-28,Delivered,19.7
53512,13512,Rail,2026-01-05,Delivered,13.86
53513,13513,Rail,2025-08-30,Delivered,40.09
53514,13514,Air,2025-03-10,Delivered,8.61
53515,13515,Road,2025-09-21,Delivered,16.0
53516,13516,Air,2025-11-02,Delivered,18.17
53517,13517,Rail,2025-03-25,Delivered,27.96
53518,13518,Air,2025-05-09,Delivered,17.85
53519,13519,Road,2025-03-17,Delivered,28.45
53520,13520,Air,2025-01-10,Delivered,46.65
53521,13521,Air,2025-11-11,Delivered,27.54
53522,13522,Rail,2025-08-16,Delayed,7.46
53523,13523,Rail,2025-03-07,Delayed,24.3
53524,13524,Air,2025-02-02,Delayed,29.92
53525,13525,Rail,2025-11-11,Delivered,5.11
53526,13526,Rail,2025-08-13,Delivered,5.68
53527,13527,Rail,2025-12-29,Delivered,27.44
53528,13528,Rail,2025-10-18,Delivered,19.97
53529,13529,Air,2025-09-12,Delayed,8.36
53530,13530,Road,2025-03-31,Delivered,5.43
53531,13531,Road,2025-12-16,Delivered,43.69
53532,13532,Rail,2025-02-16,Delayed,31.1
53533,13533,Rail,2025-05-19,Delivered,31.81
53534,13534,Rail,2025-07-21,Delivered,32.12
53535,13535,Air,2025-11-08,Delayed,8.54
53536,13536,Rail,2025-10-24,Delayed,6.82
53537,13537,Rail,2025-11-19,Delayed,40.73
53538,13538,Road,2025-04-06,Delivered,5.23
53539,13539,Rail,2025-05-06,Delivered,9.57
53540,13540,Road,2025-11-06,Delivered,34.57
53541,13541,Air,2025-08-08,Delayed,15.01
53542,13542,Rail,2025-08-08,Delayed,15.95
53543,13543,Air,2025-10-14,Delivered,14.14
53544,13544,Road,2025-10-21,Delivered,30.45
53545,13545,Rail,2025-04-26,Delivered,21.04
53546,13546,Road,2025-02-11,Delivered,12.57
53547,13547,Air,2025-10-24,Delayed,34.64
53548,13548,Road,2025-09-12,Delivered,10.36
53549,13549,Air,2025-11-03,Delivered,48.27
53550,13550,Air,2025-01-09,Delivered,22.89
53551,13551,Rail,2025-03-26,Delayed,12.97
53552,13552,Road,2025-08-02,Delivered,23.31
53553,13553,Rail,2025-07-23,Delivered,42.7
53554,13554,Rail,2025-05-30,Delivered,40.06
53555,13555,Rail,2025-11-03,Delivered,32.13
53556,13556,Road,2025-07-22,Delivered,49.13
53557,13557,Air,2025-09-19,Delivered,39.32
53558,13558,Air,2025-06-14,Delivered,21.14
53559,13559,Road,2025-01-23,Delivered,5.39
53560,13560,Rail,2025-05-24,Delivered,36.63
53561,13561,Road,2025-08-14,Delayed,47.6
53562,13562,Road,2025-10-01,Delivered,46.0
53563,13563,Air,2025-11-11,Delivered,8.43
53564,13564,Rail,2025-09-16,Delivered,47.32
53565,13565,Rail,2025-07-08,Delivered,43.05
53566,13566,Road,2025-06-06,Delivered,15.27
53567,13567,Rail,2025-07-15,Delivered,42.45
53568,13568,Air,2025-06-18,Delivered,27.53
53569,13569,Rail,2025-05-10,Delivered,9.28
53570,13570,Road,2025-12-16,Delayed,7.46
53571,13571,Rail,2025-09-21,Delivered,49.31
53572,13572,Air,2025-02-24,Delivered,32.29
53573,13573,Road,2025-08-29,Delivered,45.5
53574,13574,Air,2025-01-12,Delivered,35.91
53575,13575,Rail,2025-09-21,Delivered,45.45
53576,13576,Road,2025-02-19,Delivered,23.46
53577,13577,Air,2025-12-18,Delivered,26.07
53578,13578,Air,2025-04-25,Delayed,33.34
53579,13579,Rail,2025-04-13,Delivered,12.0
53580,13580,Road,2025-10-17,Delivered,34.0
53581,13581,Road,2025-11-02,Delayed,42.8
53582,13582,Rail,2025-06-03,Delayed,13.65
53583,13583,Road,2025-11-22,Delayed,6.75
53584,13584,Air,2025-01-15,Delayed,46.03
53585,13585,Rail,2025-08-23,Delivered,30.78
53586,13586,Road,2025-08-22,Delivered,26.78
53587,13587,Road,2025-12-10,Delivered,41.75
53588,13588,Air,2025-12-11,Delivered,40.51
53589,13589,Road,2025-04-08,Delayed,46.64
53590,13590,Rail,2025-09-11,Delivered,47.42
53591,13591,Air,2025-11-07,Delivered,22.56
53592,13592,Rail,2025-11-16,Delivered,28.23
53593,13593,Air,2025-08-19,Delivered,20.22
53594,13594,Rail,2025-03-02,Delivered,9.02
53595,13595,Rail,2025-02-06,Delivered,38.85
53596,13596,Air,2025-05-21,Delivered,43.96
53597,13597,Rail,2025-04-03,Delivered,48.03
53598,13598,Road,2025-12-10,Delivered,7.17
53599,13599,Air,2025-04-30,Delivered,17.1
53600,13600,Air,2025-03-12,Delivered,6.84
53601,13601,Air,2025-04-13,Delivered,27.4
53602,13602,Road,2025-04-17,Delivered,45.54
53603,13603,Air,2025-05-03,Delayed,36.33
53604,13604,Air,2025-11-24,Delivered,46.94
53605,13605,Air,2025-11-16,Delivered,26.3
53606,13606,Road,2025-08-27,Delayed,49.01
53607,13607,Rail,2025-08-09,Delivered,16.12
53608,13608,Air,2025-09-16,Delivered,27.12
53609,13609,Rail,2025-10-07,Delivered,25.04
53610,13610,Air,2025-07-06,Delivered,14.76
53611,13611,Air,2025-10-25,Delivered,9.29
53612,13612,Rail,2025-05-25,Delayed,34.65
53613,13613,Rail,2025-09-14,Delivered,6.58
53614,13614,Road,2025-02-21,Delivered,31.24
53615,13615,Rail,2025-10-03,Delivered,30.4
53616,13616,Air,2025-12-17,Delayed,14.11
53617,13617,Air,2025-04-15,Delivered,27.68
53618,13618,Rail,2025-08-30,Delayed,40.7
53619,13619,Air,2025-02-24,Delivered,9.36
53620,13620,Road,2025-04-30,Delivered,27.59
53621,13621,Road,2025-04-11,Delivered,29.9
53622,13622,Rail,2025-07-02,Delivered,32.17
53623,13623,Air,2025-02-26,Delivered,14.5
53624,13624,Air,2025-10-18,Delivered,7.85
53625,13625,Rail,2025-10-01,Delivered,12.46
53626,13626,Road,2025-11-17,Delayed,35.36
53627,13627,Road,2025-12-05,Delivered,23.48
53628,13628,Air,2025-04-02,Delayed,16.49
53629,13629,Road,2025-06-25,Delivered,25.33
53630,13630,Rail,2025-08-07,Delivered,7.66
53631,13631,Air,2025-10-21,Delivered,40.2
53632,13632,Air,2025-09-04,Delivered,26.4
53633,13633,Rail,2025-03-08,Delivered,39.97
53634,13634,Road,2025-04-25,Delivered,36.76
53635,13635,Rail,2025-01-27,Delayed,24.34
53636,13636,Rail,2025-01-21,Delivered,5.32
53637,13637,Road,2025-07-30,Delivered,47.45
53638,13638,Air,2025-11-28,Delivered,20.37
53639,13639,Road,2025-05-06,Delayed,17.88
53640,13640,Road,2025-06-25,Delivered,6.59
53641,13641,Air,2025-12-07,Delivered,31.22
53642,13642,Road,2025-02-15,Delayed,6.17
53643,13643,Air,2025-03-25,Delayed,47.57
53644,13644,Rail,2025-08-14,Delayed,9.61
53645,13645,Road,2025-04-08,Delivered,45.46
53646,13646,Rail,2025-09-05,Delivered,41.42
53647,13647,Rail,2025-12-25,Delivered,44.98
53648,13648,Air,2025-03-08,Delivered,27.77
53649,13649,Rail,2025-10-17,Delivered,39.38
53650,13650,Rail,2025-12-10,Delivered,20.44
53651,13651,Air,2025-10-13,Delivered,49.55
53652,13652,Air,2025-11-28,Delivered,29.56
53653,13653,Rail,2025-08-22,Delivered,27.44
53654,13654,Air,2025-04-28,Delivered,39.91
53655,13655,Rail,2025-07-29,Delivered,22.46
53656,13656,Road,2025-10-12,Delivered,24.17
53657,13657,Rail,2025-08-23,Delivered,48.74
53658,13658,Road,2025-02-21,Delayed,42.83
53659,13659,Road,2025-09-14,Delayed,49.71
53660,13660,Air,2025-11-04,Delivered,30.92
53661,13661,Air,2025-02-18,Delivered,5.66
53662,13662,Air,2025-06-16,Delivered,24.79
53663,13663,Road,2025-12-03,Delivered,26.77
53664,13664,Rail,2025-10-14,Delivered,39.76
53665,13665,Road,2025-01-18,Delivered,37.42
53666,13666,Rail,2025-02-02,Delivered,27.57
53667,13667,Rail,2025-12-09,Delivered,7.47
53668,13668,Rail,2025-11-20,Delivered,36.39
53669,13669,Air,2025-07-03,Delivered,27.45
53670,13670,Rail,2025-07-13,Delivered,26.62
53671,13671,Air,2025-07-08,Delivered,49.87
53672,13672,Rail,2025-09-16,Delayed,20.78
53673,13673,Air,2025-09-25,Delayed,11.44
53674,13674,Air,2025-05-28,Delivered,19.48
53675,13675,Road,2025-09-21,Delivered,41.85
53676,13676,Road,2025-02-12,Delivered,19.14
53677,13677,Air,2025-01-18,Delivered,48.78
53678,13678,Air,2025-03-26,Delayed,28.36
53679,13679,Road,2025-01-12,Delivered,41.17
53680,13680,Air,2025-05-31,Delayed,18.46
53681,13681,Air,2025-09-18,Delivered,11.93
53682,13682,Road,2025-09-02,Delivered,18.69
53683,13683,Road,2025-05-02,Delivered,26.4
53684,13684,Air,2025-10-17,Delivered,49.01
53685,13685,Rail,2025-04-25,Delayed,28.79
53686,13686,Rail,2025-07-05,Delayed,9.62
53687,13687,Road,2025-03-23,Delivered,40.7
53688,13688,Air,2025-06-23,Delivered,23.05
53689,13689,Rail,2025-06-12,Delivered,27.63
53690,13690,Air,2026-01-02,Delivered,26.85
53691,13691,Rail,2025-09-06,Delayed,49.08
53692,13692,Road,2025-04-29,Delivered,32.38
53693,13693,Air,2025-05-23,Delayed,43.0
53694,13694,Air,2025-10-08,Delivered,18.6
53695,13695,Road,2025-04-02,Delivered,20.44
53696,13696,Air,2025-08-08,Delivered,21.48
53697,13697,Air,2025-11-12,Delivered,8.45
53698,13698,Rail,2025-11-28,Delivered,47.8
53699,13699,Rail,2025-08-24,Delivered,46.3
53700,13700,Road,2025-03-24,Delivered,32.63
53701,13701,Air,2025-07-13,Delivered,6.52
53702,13702,Air,2025-01-19,Delivered,18.73
53703,13703,Road,2025-12-02,Delivered,38.65
53704,13704,Rail,2025-07-16,Delivered,48.44
53705,13705,Road,2025-06-02,Delivered,36.31
53706,13706,Air,2025-09-26,Delivered,28.37
53707,13707,Road,2025-07-26,Delivered,35.89
53708,13708,Air,2025-04-06,Delayed,35.22
53709,13709,Rail,2025-02-01,Delivered,49.04
53710,13710,Road,2025-04-04,Delayed,35.13
53711,13711,Air,2025-12-09,Delivered,38.55
53712,13712,Rail,2025-10-21,Delayed,40.44
53713,13713,Air,2025-02-16,Delivered,10.62
53714,13714,Road,2025-08-06,Delivered,13.06
53715,13715,Rail,2025-11-13,Delivered,35.73
53716,13716,Rail,2025-02-22,Delivered,38.48
53717,13717,Air,2025-06-25,Delivered,17.51
53718,13718,Air,2025-10-09,Delivered,25.39
53719,13719,Road,2025-02-02,Delivered,13.89
53720,13720,Road,2025-07-16,Delayed,43.81
53721,13721,Road,2025-02-03,Delivered,6.88
53722,13722,Air,2025-03-27,Delivered,7.74
53723,13723,Rail,2025-05-17,Delivered,13.94
53724,13724,Road,2025-08-06,Delivered,5.9
53725,13725,Air,2025-04-22,Delivered,36.05
53726,13726,Air,2025-04-22,Delivered,27.4
53727,13727,Air,2025-04-26,Delivered,46.32
53728,13728,Rail,2025-01-16,Delivered,18.7
53729,13729,Rail,2025-10-01,Delivered,32.08
53730,13730,Road,2025-04-21,Delivered,14.05
53731,13731,Road,2025-08-19,Delivered,46.07
53732,13732,Road,2025-08-13,Delivered,8.63
53733,13733,Air,2025-08-14,Delayed,33.1
53734,13734,Road,2025-12-26,Delayed,49.73
53735,13735,Road,2025-06-05,Delivered,35.26
53736,13736,Air,2025-01-22,Delayed,14.36
53737,13737,Rail,2025-08-02,Delivered,46.91
53738,13738,Road,2025-05-02,Delivered,19.11
53739,13739,Rail,2025-04-15,Delayed,19.27
53740,13740,Rail,2025-05-11,Delivered,6.56
53741,13741,Road,2025-02-27,Delayed,40.56
53742,13742,Air,2025-05-05,Delayed,14.0
53743,13743,Air,2025-03-29,Delayed,41.55
53744,13744,Road,2025-07-16,Delivered,29.13
53745,13745,Air,2025-03-28,Delayed,8.63
53746,13746,Road,2025-09-04,Delivered,46.75
53747,13747,Air,2025-06-02,Delivered,26.58
53748,13748,Air,2025-07-07,Delayed,14.7
53749,13749,Rail,2025-02-16,Delivered,6.57
53750,13750,Rail,2025-03-30,Delivered,5.24
53751,13751,Air,2025-09-10,Delivered,37.69
53752,13752,Air,2025-05-22,Delivered,29.6
53753,13753,Air,2025-08-17,Delivered,5.23
53754,13754,Rail,2025-08-25,Delivered,34.71
53755,13755,Road,2025-02-24,Delayed,39.45
53756,13756,Air,2025-06-27,Delivered,42.23
53757,13757,Rail,2025-02-05,Delayed,24.66
53758,13758,Road,2025-03-23,Delivered,35.6
53759,13759,Road,2025-11-22,Delivered,33.58
53760,13760,Road,2025-12-26,Delivered,19.55
53761,13761,Air,2025-10-30,Delivered,23.42
53762,13762,Air,2025-04-07,Delivered,49.21
53763,13763,Rail,2026-01-01,Delivered,45.63
53764,13764,Rail,2025-02-25,Delayed,19.76
53765,13765,Air,2025-08-29,Delivered,13.7
53766,13766,Rail,2025-10-31,Delivered,29.47
53767,13767,Road,2025-05-21,Delayed,23.1
53768,13768,Air,2025-06-06,Delivered,12.04
53769,13769,Road,2025-03-28,Delivered,20.69
53770,13770,Road,2025-07-26,Delayed,9.57
53771,13771,Rail,2025-03-11,Delivered,9.2
53772,13772,Rail,2025-02-10,Delivered,34.89
53773,13773,Rail,2025-10-02,Delayed,16.56
53774,13774,Rail,2025-09-25,Delivered,39.13
53775,13775,Air,2025-12-20,Delivered,14.54
53776,13776,Air,2025-05-24,Delayed,45.08
53777,13777,Air,2025-08-11,Delayed,5.6
53778,13778,Rail,2025-01-21,Delivered,19.52
53779,13779,Air,2025-02-13,Delivered,16.64
53780,13780,Air,2025-12-16,Delayed,28.97
53781,13781,Road,2025-12-11,Delivered,49.59
53782,13782,Rail,2025-02-23,Delayed,36.25
53783,13783,Air,2025-06-01,Delayed,43.54
53784,13784,Rail,2025-02-14,Delivered,23.75
53785,13785,Road,2025-04-19,Delayed,30.41
53786,13786,Road,2025-06-09,Delivered,40.66
53787,13787,Air,2025-04-25,Delivered,8.06
53788,13788,Road,2025-03-30,Delayed,32.32
53789,13789,Air,2025-03-11,Delivered,35.58
53790,13790,Road,2025-07-16,Delayed,26.78
53791,13791,Air,2025-10-23,Delivered,33.23
53792,13792,Air,2025-04-20,Delayed,17.21
53793,13793,Air,2025-06-02,Delayed,19.59
53794,13794,Road,2025-04-22,Delivered,38.35
53795,13795,Rail,2025-12-08,Delivered,29.32
53796,13796,Road,2025-08-26,Delayed,47.83
53797,13797,Rail,2025-06-20,Delivered,35.49
53798,13798,Rail,2026-01-02,Delivered,12.58
53799,13799,Air,2025-09-01,Delayed,14.63
53800,13800,Rail,2025-11-27,Delivered,39.98
53801,13801,Air,2025-09-16,Delayed,42.71
53802,13802,Air,2025-11-15,Delivered,31.75
53803,13803,Air,2025-08-12,Delayed,6.72
53804,13804,Rail,2025-12-30,Delayed,26.27
53805,13805,Air,2025-12-03,Delivered,13.83
53806,13806,Air,2025-02-01,Delivered,18.32
53807,13807,Road,2025-06-25,Delivered,42.93
53808,13808,Road,2025-07-30,Delivered,41.01
53809,13809,Road,2025-01-26,Delivered,34.28
53810,13810,Rail,2025-02-15,Delivered,15.34
53811,13811,Air,2025-03-10,Delivered,49.52
53812,13812,Rail,2025-08-02,Delayed,15.1
53813,13813,Rail,2025-03-17,Delivered,9.61
53814,13814,Air,2025-10-17,Delayed,35.76
53815,13815,Road,2025-01-09,Delivered,28.77
53816,13816,Road,2025-10-13,Delayed,37.9
53817,13817,Road,2025-12-27,Delivered,28.79
53818,13818,Rail,2025-06-20,Delayed,27.03
53819,13819,Rail,2025-06-18,Delayed,11.7
53820,13820,Road,2025-10-19,Delayed,47.26
53821,13821,Rail,2025-12-21,Delivered,49.92
53822,13822,Rail,2025-03-25,Delivered,17.13
53823,13823,Air,2025-11-11,Delivered,33.97
53824,13824,Road,2025-09-20,Delayed,36.09
53825,13825,Road,2025-05-19,Delivered,48.06
53826,13826,Air,2025-06-30,Delivered,41.2
53827,13827,Road,2025-01-11,Delivered,24.64
53828,13828,Rail,2025-08-09,Delayed,45.13
53829,13829,Rail,2025-09-12,Delayed,10.54
53830,13830,Rail,2025-04-26,Delivered,17.18
53831,13831,Air,2025-07-18,Delivered,42.29
53832,13832,Rail,2025-09-02,Delivered,8.84
53833,13833,Air,2025-06-16,Delayed,30.25
53834,13834,Road,2025-06-18,Delivered,29.93
53835,13835,Air,2025-06-18,Delayed,30.33
53836,13836,Rail,2025-11-26,Delivered,47.34
53837,13837,Rail,2025-04-23,Delivered,36.65
53838,13838,Rail,2025-11-02,Delivered,35.93
53839,13839,Rail,2025-01-31,Delayed,37.63
53840,13840,Rail,2025-04-14,Delivered,45.32
53841,13841,Air,2025-10-26,Delayed,26.17
53842,13842,Air,2025-03-20,Delayed,10.63
53843,13843,Air,2025-01-21,Delayed,9.36
53844,13844,Air,2025-03-23,Delayed,21.57
53845,13845,Air,2025-04-17,Delivered,20.49
53846,13846,Air,2025-05-16,Delivered,24.8
53847,13847,Air,2025-04-03,Delayed,7.06
53848,13848,Rail,2025-10-31,Delayed,39.73
53849,13849,Air,2025-04-13,Delayed,17.24
53850,13850,Rail,2025-08-25,Delivered,36.16
53851,13851,Road,2025-12-04,Delivered,33.85
53852,13852,Road,2026-01-01,Delivered,26.89
53853,13853,Air,2025-07-16,Delivered,39.49
53854,13854,Rail,2025-05-24,Delivered,24.17
53855,13855,Rail,2025-01-07,Delayed,40.3
53856,13856,Rail,2025-12-21,Delivered,46.6
53857,13857,Road,2026-01-07,Delivered,43.61
53858,13858,Air,2025-12-19,Delivered,25.92
53859,13859,Air,2025-12-30,Delayed,23.89
53860,13860,Road,2025-06-12,Delivered,31.86
53861,13861,Rail,2025-07-11,Delivered,43.04
53862,13862,Road,2025-04-19,Delivered,47.96
53863,13863,Rail,2025-02-20,Delivered,5.8
53864,13864,Road,2025-09-04,Delayed,17.21
53865,13865,Rail,2025-01-10,Delayed,32.87
53866,13866,Air,2025-05-28,Delivered,13.11
53867,13867,Road,2025-02-26,Delivered,39.84
53868,13868,Road,2025-05-23,Delivered,46.54
53869,13869,Air,2025-04-11,Delivered,46.47
53870,13870,Rail,2025-09-18,Delivered,17.05
53871,13871,Air,2025-10-17,Delivered,30.08
53872,13872,Air,2025-06-14,Delivered,41.58
53873,13873,Road,2025-02-21,Delayed,44.79
53874,13874,Air,2025-11-29,Delivered,23.11
53875,13875,Road,2025-01-28,Delivered,45.64
53876,13876,Rail,2025-07-02,Delivered,24.45
53877,13877,Air,2025-09-27,Delivered,8.94
53878,13878,Air,2025-01-11,Delivered,31.55
53879,13879,Rail,2025-11-09,Delivered,42.49
53880,13880,Rail,2025-09-16,Delivered,28.2
53881,13881,Rail,2025-01-03,Delivered,39.74
53882,13882,Road,2025-01-16,Delivered,8.19
53883,13883,Air,2025-07-01,Delayed,37.31
53884,13884,Rail,2025-10-26,Delivered,27.31
53885,13885,Road,2025-07-16,Delayed,18.48
53886,13886,Road,2025-08-20,Delivered,44.14
53887,13887,Air,2025-05-25,Delivered,7.47
53888,13888,Road,2025-08-31,Delivered,17.6
53889,13889,Air,2025-10-19,Delivered,26.85
53890,13890,Air,2025-10-08,Delivered,38.12
53891,13891,Road,2025-12-21,Delayed,21.01
53892,13892,Road,2025-09-30,Delivered,10.55
53893,13893,Road,2025-06-03,Delivered,30.16
53894,13894,Air,2025-04-10,Delivered,34.99
53895,13895,Rail,2025-09-04,Delivered,6.67
53896,13896,Rail,2025-07-15,Delivered,31.69
53897,13897,Road,2025-01-10,Delivered,43.16
53898,13898,Road,2025-11-01,Delivered,49.84
53899,13899,Air,2025-10-31,Delivered,35.54
53900,13900,Rail,2025-01-05,Delayed,48.69
53901,13901,Rail,2025-03-11,Delivered,40.37
53902,13902,Road,2025-07-14,Delivered,27.76
53903,13903,Rail,2025-09-03,Delayed,27.79
53904,13904,Rail,2025-12-29,Delivered,10.58
53905,13905,Rail,2025-06-19,Delivered,47.98
53906,13906,Rail,2025-04-17,Delivered,7.55
53907,13907,Air,2025-12-28,Delivered,7.36
53908,13908,Road,2025-07-27,Delivered,14.16
53909,13909,Rail,2025-04-14,Delivered,19.88
53910,13910,Rail,2025-10-15,Delivered,19.08
53911,13911,Road,2025-07-17,Delivered,5.74
53912,13912,Rail,2025-11-09,Delivered,44.39
53913,13913,Air,2025-01-11,Delivered,30.64
53914,13914,Air,2025-02-27,Delayed,22.94
53915,13915,Road,2025-09-05,Delivered,15.31
53916,13916,Road,2025-09-28,Delivered,19.66
53917,13917,Rail,2025-08-24,Delayed,43.52
53918,13918,Road,2025-06-03,Delayed,41.44
53919,13919,Rail,2025-11-09,Delivered,30.59
53920,13920,Rail,2025-01-23,Delivered,10.21
53921,13921,Rail,2025-05-03,Delivered,32.39
53922,13922,Rail,2025-04-08,Delivered,47.12
53923,13923,Rail,2025-02-05,Delivered,18.68
53924,13924,Air,2025-01-20,Delivered,30.6
53925,13925,Road,2025-10-16,Delivered,21.01
53926,13926,Rail,2025-12-20,Delayed,16.69
53927,13927,Rail,2025-07-01,Delayed,47.66
53928,13928,Rail,2025-02-14,Delivered,26.15
53929,13929,Road,2025-01-12,Delivered,10.37
53930,13930,Rail,2025-10-05,Delivered,45.5
53931,13931,Road,2025-03-16,Delivered,10.48
53932,13932,Rail,2025-05-02,Delivered,28.08
53933,13933,Air,2025-04-21,Delayed,42.17
53934,13934,Road,2025-06-26,Delivered,31.04
53935,13935,Road,2025-04-07,Delivered,31.29
53936,13936,Road,2025-11-04,Delayed,27.55
53937,13937,Rail,2025-08-11,Delayed,41.59
53938,13938,Rail,2025-02-28,Delivered,6.59
53939,13939,Rail,2025-07-31,Delivered,28.1
53940,13940,Road,2025-08-16,Delivered,46.79
53941,13941,Rail,2025-08-14,Delayed,29.02
53942,13942,Road,2025-11-10,Delivered,8.22
53943,13943,Air,2025-12-03,Delivered,41.34
53944,13944,Air,2025-04-01,Delivered,15.13
53945,13945,Rail,2025-11-24,Delayed,15.34
53946,13946,Air,2025-05-16,Delayed,32.96
53947,13947,Road,2025-03-16,Delivered,41.35
53948,13948,Rail,2025-01-23,Delivered,42.91
53949,13949,Rail,2025-04-07,Delivered,14.8
53950,13950,Road,2025-04-16,Delivered,16.16
53951,13951,Rail,2025-03-16,Delivered,9.58
53952,13952,Air,2025-11-04,Delivered,33.26
53953,13953,Air,2025-04-28,Delivered,25.99
53954,13954,Air,2025-09-06,Delivered,36.28
53955,13955,Road,2026-01-06,Delivered,15.5
53956,13956,Air,2025-04-15,Delayed,47.3
53957,13957,Rail,2025-07-08,Delivered,32.3
53958,13958,Air,2025-01-18,Delivered,5.67
53959,13959,Air,2025-10-23,Delivered,42.58
53960,13960,Road,2025-08-24,Delivered,9.2
53961,13961,Road,2025-04-16,Delivered,22.02
53962,13962,Rail,2025-11-09,Delayed,36.33
53963,13963,Rail,2025-11-22,Delivered,21.1
53964,13964,Rail,2025-04-20,Delivered,40.88
53965,13965,Air,2025-06-10,Delivered,12.36
53966,13966,Road,2025-04-25,Delivered,24.32
53967,13967,Air,2025-09-14,Delivered,27.31
53968,13968,Road,2025-10-24,Delivered,39.31
53969,13969,Air,2025-04-18,Delivered,38.68
53970,13970,Rail,2025-04-28,Delivered,32.52
53971,13971,Road,2026-01-06,Delayed,35.19
53972,13972,Rail,2025-11-27,Delayed,7.97
53973,13973,Road,2025-02-13,Delivered,12.69
53974,13974,Air,2025-12-16,Delivered,10.7
53975,13975,Rail,2025-08-08,Delivered,46.76
53976,13976,Air,2025-03-24,Delayed,6.55
53977,13977,Road,2025-06-22,Delayed,40.5
53978,13978,Rail,2025-08-24,Delivered,43.4
53979,13979,Road,2026-01-01,Delivered,8.89
53980,13980,Air,2025-04-05,Delayed,9.28
53981,13981,Rail,2025-07-11,Delivered,35.35
53982,13982,Road,2025-07-21,Delivered,26.21
53983,13983,Road,2025-04-21,Delivered,26.35
53984,13984,Road,2025-05-18,Delayed,5.61
53985,13985,Road,2025-04-03,Delivered,25.69
53986,13986,Road,2025-09-21,Delivered,26.74
53987,13987,Road,2025-01-11,Delayed,41.61
53988,13988,Air,2025-11-17,Delayed,29.37
53989,13989,Road,2025-02-11,Delayed,31.24
53990,13990,Air,2025-07-18,Delivered,12.18
53991,13991,Air,2025-06-04,Delivered,41.97
53992,13992,Air,2025-08-27,Delivered,43.57
53993,13993,Air,2025-05-18,Delayed,19.1
53994,13994,Rail,2025-06-28,Delivered,37.3
53995,13995,Rail,2025-09-03,Delivered,43.82
53996,13996,Rail,2025-06-17,Delayed,37.07
53997,13997,Road,2025-08-19,Delivered,36.86
53998,13998,Air,2025-10-17,Delayed,16.45
53999,13999,Road,2025-09-08,Delivered,39.41
54000,14000,Rail,2025-04-01,Delivered,48.59
54001,14001,Rail,2025-07-10,Delivered,36.54
54002,14002,Air,2025-07-02,Delayed,35.42
54003,14003,Rail,2025-04-29,Delayed,39.59
54004,14004,Rail,2025-06-04,Delivered,44.86
54005,14005,Air,2025-03-06,Delivered,31.08
54006,14006,Air,2025-07-27,Delivered,45.4
54007,14007,Road,2025-07-23,Delivered,25.98
54008,14008,Air,2025-02-05,Delivered,44.52
54009,14009,Rail,2025-05-30,Delivered,10.07
54010,14010,Air,2025-01-30,Delivered,32.46
54011,14011,Air,2025-12-23,Delivered,25.67
54012,14012,Road,2025-02-01,Delivered,45.93
54013,14013,Road,2025-12-24,Delivered,16.97
54014,14014,Air,2025-09-14,Delivered,15.93
54015,14015,Road,2025-11-23,Delivered,28.2
54016,14016,Road,2025-02-17,Delayed,27.25
54017,14017,Rail,2025-01-31,Delivered,11.89
54018,14018,Air,2025-08-22,Delayed,39.28
54019,14019,Road,2025-12-04,Delivered,6.99
54020,14020,Rail,2025-09-09,Delayed,39.75
54021,14021,Air,2025-10-17,Delivered,12.02
54022,14022,Air,2025-08-08,Delivered,14.21
54023,14023,Rail,2025-07-29,Delivered,7.77
54024,14024,Road,2025-01-06,Delayed,21.56
54025,14025,Road,2025-06-08,Delayed,10.82
54026,14026,Road,2025-03-08,Delivered,17.48
54027,14027,Air,2025-10-02,Delivered,30.02
54028,14028,Road,2025-08-28,Delayed,40.8
54029,14029,Rail,2025-11-11,Delivered,35.03
54030,14030,Air,2025-03-18,Delivered,13.5
54031,14031,Rail,2025-01-31,Delayed,43.01
54032,14032,Road,2025-02-07,Delivered,5.32
54033,14033,Rail,2025-07-24,Delayed,15.54
54034,14034,Air,2025-05-29,Delivered,46.24
54035,14035,Rail,2025-06-03,Delivered,28.01
54036,14036,Road,2025-12-23,Delivered,13.72
54037,14037,Road,2025-06-02,Delayed,29.7
54038,14038,Air,2025-06-23,Delivered,16.46
54039,14039,Rail,2025-12-18,Delivered,6.44
54040,14040,Rail,2025-05-03,Delivered,13.06
54041,14041,Rail,2025-03-28,Delivered,33.07
54042,14042,Rail,2025-09-02,Delivered,25.89
54043,14043,Road,2025-06-16,Delivered,43.91
54044,14044,Air,2025-12-21,Delivered,10.14
54045,14045,Road,2025-02-05,Delivered,27.61
54046,14046,Rail,2025-05-23,Delivered,25.41
54047,14047,Air,2025-11-17,Delivered,36.97
54048,14048,Road,2025-11-19,Delivered,25.21
54049,14049,Road,2025-08-10,Delivered,5.77
54050,14050,Air,2025-02-09,Delivered,35.23
54051,14051,Rail,2025-11-10,Delivered,23.65
54052,14052,Rail,2025-08-01,Delayed,29.06
54053,14053,Road,2025-06-13,Delivered,30.4
54054,14054,Rail,2025-07-30,Delayed,22.52
54055,14055,Rail,2025-09-30,Delivered,23.11
54056,14056,Rail,2025-02-01,Delivered,32.16
54057,14057,Air,2025-02-21,Delivered,21.43
54058,14058,Rail,2025-06-27,Delayed,38.88
54059,14059,Road,2025-08-13,Delayed,14.03
54060,14060,Road,2025-12-13,Delivered,5.49
54061,14061,Air,2025-04-05,Delivered,40.58
54062,14062,Road,2025-10-30,Delivered,14.25
54063,14063,Road,2025-10-06,Delivered,18.43
54064,14064,Rail,2025-03-08,Delivered,34.64
54065,14065,Rail,2025-12-20,Delayed,49.97
54066,14066,Road,2025-11-28,Delayed,39.07
54067,14067,Air,2025-05-23,Delayed,48.85
54068,14068,Air,2025-08-16,Delivered,46.31
54069,14069,Road,2025-06-12,Delivered,7.51
54070,14070,Rail,2025-03-26,Delivered,5.33
54071,14071,Rail,2025-10-12,Delivered,17.85
54072,14072,Air,2025-01-28,Delivered,38.07
54073,14073,Air,2025-12-05,Delivered,31.87
54074,14074,Rail,2025-04-10,Delivered,38.02
54075,14075,Air,2025-11-18,Delivered,37.21
54076,14076,Road,2025-07-09,Delayed,16.52
54077,14077,Rail,2025-07-30,Delivered,44.61
54078,14078,Rail,2025-01-14,Delivered,36.71
54079,14079,Air,2025-09-24,Delivered,44.46
54080,14080,Air,2025-03-03,Delayed,7.47
54081,14081,Rail,2025-06-21,Delayed,39.7
54082,14082,Rail,2025-03-28,Delivered,30.18
54083,14083,Air,2025-03-12,Delivered,17.65
54084,14084,Road,2025-05-17,Delayed,29.59
54085,14085,Air,2025-09-08,Delayed,11.61
54086,14086,Rail,2025-08-18,Delivered,31.71
54087,14087,Rail,2025-01-20,Delivered,31.77
54088,14088,Road,2025-06-21,Delivered,44.03
54089,14089,Air,2025-01-13,Delivered,12.52
54090,14090,Air,2025-01-22,Delivered,23.81
54091,14091,Rail,2025-10-16,Delivered,19.11
54092,14092,Rail,2025-03-29,Delayed,24.71
54093,14093,Road,2025-05-27,Delivered,45.09
54094,14094,Road,2025-10-05,Delivered,37.23
54095,14095,Road,2025-04-03,Delivered,11.28
54096,14096,Rail,2025-09-11,Delayed,24.96
54097,14097,Air,2025-08-26,Delivered,31.88
54098,14098,Air,2025-09-17,Delayed,23.42
54099,14099,Road,2025-04-16,Delayed,43.8
54100,14100,Rail,2025-12-22,Delivered,27.88
54101,14101,Rail,2025-01-15,Delayed,16.06
54102,14102,Road,2025-02-19,Delayed,46.65
54103,14103,Road,2025-06-18,Delivered,22.01
54104,14104,Road,2025-03-30,Delivered,21.58
54105,14105,Road,2025-10-03,Delivered,20.5
54106,14106,Road,2025-07-19,Delivered,32.97
54107,14107,Air,2025-08-13,Delayed,37.9
54108,14108,Road,2025-07-04,Delivered,10.67
54109,14109,Rail,2025-09-05,Delivered,43.83
54110,14110,Road,2025-03-30,Delayed,28.01
54111,14111,Road,2025-03-26,Delivered,40.45
54112,14112,Rail,2025-04-18,Delivered,15.73
54113,14113,Air,2025-05-21,Delayed,19.83
54114,14114,Rail,2025-02-24,Delayed,38.9
54115,14115,Air,2025-04-17,Delayed,31.85
54116,14116,Rail,2025-06-07,Delivered,33.12
54117,14117,Road,2025-12-03,Delivered,23.12
54118,14118,Air,2025-07-29,Delivered,21.41
54119,14119,Rail,2025-09-14,Delivered,39.16
54120,14120,Road,2025-08-04,Delivered,32.31
54121,14121,Air,2025-04-11,Delivered,5.0
54122,14122,Rail,2025-11-12,Delayed,9.4
54123,14123,Road,2025-08-26,Delivered,5.3
54124,14124,Air,2025-01-16,Delayed,11.13
54125,14125,Rail,2025-02-21,Delivered,32.27
54126,14126,Air,2025-01-26,Delayed,15.36
54127,14127,Rail,2025-08-18,Delivered,21.3
54128,14128,Air,2025-08-18,Delivered,11.58
54129,14129,Air,2025-07-16,Delivered,19.71
54130,14130,Rail,2025-08-11,Delivered,12.81
54131,14131,Road,2025-10-20,Delivered,33.76
54132,14132,Road,2025-02-18,Delivered,33.2
54133,14133,Rail,2025-04-29,Delivered,5.16
54134,14134,Rail,2025-11-21,Delivered,34.13
54135,14135,Air,2025-04-13,Delivered,14.59
54136,14136,Rail,2025-02-05,Delivered,11.33
54137,14137,Air,2025-10-05,Delayed,41.19
54138,14138,Road,2025-12-02,Delayed,35.12
54139,14139,Rail,2025-02-16,Delayed,16.06
54140,14140,Air,2025-04-03,Delayed,26.6
54141,14141,Air,2026-01-02,Delivered,46.75
54142,14142,Air,2025-04-25,Delivered,30.93
54143,14143,Air,2025-02-03,Delayed,27.66
54144,14144,Air,2025-10-07,Delivered,32.07
54145,14145,Road,2025-09-02,Delivered,39.86
54146,14146,Air,2025-08-27,Delivered,32.52
54147,14147,Air,2025-09-11,Delivered,46.53
54148,14148,Rail,2025-02-11,Delivered,8.87
54149,14149,Rail,2025-09-18,Delivered,46.01
54150,14150,Air,2025-04-22,Delayed,30.92
54151,14151,Air,2025-07-08,Delivered,33.45
54152,14152,Road,2025-12-12,Delivered,45.18
54153,14153,Rail,2025-08-05,Delivered,38.03
54154,14154,Rail,2025-08-09,Delayed,16.89
54155,14155,Rail,2025-01-10,Delivered,21.87
54156,14156,Rail,2025-05-09,Delayed,42.35
54157,14157,Road,2025-11-19,Delivered,29.46
54158,14158,Rail,2025-09-17,Delivered,8.44
54159,14159,Road,2025-04-06,Delivered,42.22
54160,14160,Rail,2025-12-28,Delivered,35.93
54161,14161,Road,2025-07-06,Delivered,37.16
54162,14162,Rail,2025-05-24,Delayed,24.19
54163,14163,Road,2025-06-22,Delivered,36.19
54164,14164,Road,2025-06-06,Delivered,44.01
54165,14165,Rail,2025-08-11,Delayed,39.08
54166,14166,Rail,2025-11-02,Delivered,22.64
54167,14167,Rail,2025-08-11,Delivered,10.28
54168,14168,Rail,2025-02-18,Delivered,16.87
54169,14169,Rail,2025-09-29,Delivered,48.06
54170,14170,Rail,2025-05-12,Delayed,6.08
54171,14171,Air,2025-01-27,Delayed,22.39
54172,14172,Road,2025-11-13,Delivered,43.69
54173,14173,Air,2025-03-27,Delivered,7.37
54174,14174,Air,2025-09-21,Delivered,40.48
54175,14175,Rail,2025-10-29,Delivered,47.28
54176,14176,Road,2025-03-02,Delivered,5.19
54177,14177,Rail,2025-07-05,Delivered,28.68
54178,14178,Road,2025-09-13,Delivered,18.99
54179,14179,Rail,2025-12-01,Delivered,20.26
54180,14180,Air,2025-01-31,Delayed,8.95
54181,14181,Air,2025-06-05,Delivered,40.47
54182,14182,Rail,2025-07-19,Delivered,15.6
54183,14183,Air,2025-05-17,Delivered,32.47
54184,14184,Rail,2025-09-20,Delivered,5.18
54185,14185,Air,2025-07-20,Delivered,44.97
54186,14186,Air,2025-03-05,Delivered,19.93
54187,14187,Rail,2025-06-27,Delivered,7.87
54188,14188,Road,2025-09-27,Delayed,45.28
54189,14189,Air,2025-07-10,Delivered,18.36
54190,14190,Rail,2025-02-18,Delayed,27.87
54191,14191,Rail,2025-03-19,Delivered,9.65
54192,14192,Rail,2025-11-24,Delivered,34.86
54193,14193,Air,2025-08-14,Delayed,25.47
54194,14194,Road,2025-04-26,Delivered,20.49
54195,14195,Rail,2025-02-10,Delivered,19.34
54196,14196,Rail,2025-04-10,Delivered,44.28
54197,14197,Air,2025-04-28,Delivered,47.3
54198,14198,Rail,2025-04-10,Delivered,30.06
54199,14199,Rail,2025-06-22,Delivered,36.0
54200,14200,Road,2025-02-05,Delayed,19.22
54201,14201,Air,2025-06-21,Delivered,18.17
54202,14202,Rail,2025-04-06,Delivered,44.96
54203,14203,Air,2025-05-13,Delivered,18.21
54204,14204,Air,2025-09-18,Delivered,46.85
54205,14205,Rail,2025-02-07,Delivered,47.66
54206,14206,Rail,2025-03-20,Delivered,5.9
54207,14207,Rail,2025-08-15,Delivered,30.32
54208,14208,Road,2025-09-19,Delayed,43.04
54209,14209,Air,2025-04-17,Delivered,17.48
54210,14210,Air,2026-01-05,Delayed,14.31
54211,14211,Air,2025-11-21,Delivered,41.37
54212,14212,Air,2025-03-06,Delivered,5.81
54213,14213,Road,2025-07-20,Delayed,13.57
54214,14214,Road,2025-05-10,Delivered,21.61
54215,14215,Road,2025-07-08,Delayed,41.0
54216,14216,Rail,2025-11-21,Delivered,30.81
54217,14217,Road,2025-04-06,Delivered,41.22
54218,14218,Road,2025-07-26,Delivered,36.05
54219,14219,Rail,2025-06-06,Delayed,9.88
54220,14220,Rail,2025-08-17,Delayed,47.03
54221,14221,Rail,2025-11-02,Delivered,15.18
54222,14222,Air,2025-06-24,Delivered,12.41
54223,14223,Rail,2025-04-15,Delivered,39.34
54224,14224,Air,2025-11-27,Delayed,15.87
54225,14225,Road,2025-07-27,Delayed,24.68
54226,14226,Air,2025-01-21,Delivered,35.33
54227,14227,Air,2025-03-29,Delivered,15.81
54228,14228,Road,2025-07-13,Delayed,43.59
54229,14229,Air,2025-05-17,Delivered,8.46
54230,14230,Road,2025-01-21,Delivered,38.35
54231,14231,Road,2025-04-18,Delivered,25.31
54232,14232,Rail,2025-02-08,Delivered,41.37
54233,14233,Rail,2025-09-12,Delayed,17.34
54234,14234,Road,2025-02-10,Delivered,24.58
54235,14235,Road,2025-08-13,Delivered,44.78
54236,14236,Rail,2025-05-22,Delivered,28.94
54237,14237,Air,2025-05-19,Delivered,20.26
54238,14238,Air,2025-11-10,Delivered,30.62
54239,14239,Road,2025-12-03,Delayed,17.7
54240,14240,Road,2025-05-09,Delayed,29.74
54241,14241,Air,2025-06-25,Delivered,39.16
54242,14242,Rail,2025-07-18,Delivered,14.71
54243,14243,Air,2025-10-03,Delivered,44.38
54244,14244,Rail,2025-04-19,Delivered,21.35
54245,14245,Air,2025-12-08,Delayed,36.9
54246,14246,Air,2025-06-02,Delivered,10.5
54247,14247,Road,2025-01-25,Delivered,13.28
54248,14248,Air,2025-08-25,Delayed,16.57
54249,14249,Air,2025-05-24,Delivered,21.04
54250,14250,Road,2025-02-23,Delivered,42.49
54251,14251,Air,2025-12-23,Delivered,28.79
54252,14252,Road,2025-11-13,Delivered,34.14
54253,14253,Air,2025-10-15,Delivered,46.48
54254,14254,Air,2025-10-15,Delivered,6.25
54255,14255,Rail,2025-06-27,Delivered,37.47
54256,14256,Rail,2025-04-22,Delivered,28.2
54257,14257,Air,2025-08-30,Delivered,9.33
54258,14258,Road,2025-08-26,Delivered,42.67
54259,14259,Rail,2025-10-17,Delivered,26.66
54260,14260,Air,2025-01-09,Delivered,46.06
54261,14261,Road,2025-02-15,Delivered,31.12
54262,14262,Rail,2025-12-24,Delivered,46.8
54263,14263,Air,2025-04-20,Delayed,40.32
54264,14264,Road,2025-06-19,Delivered,28.17
54265,14265,Road,2025-11-20,Delivered,30.28
54266,14266,Road,2025-08-17,Delivered,16.68
54267,14267,Road,2025-06-23,Delivered,23.61
54268,14268,Road,2025-04-16,Delivered,21.2
54269,14269,Road,2025-04-02,Delivered,6.41
54270,14270,Air,2025-10-18,Delivered,7.98
54271,14271,Air,2025-03-15,Delivered,32.38
54272,14272,Rail,2025-09-08,Delivered,27.3
54273,14273,Rail,2025-02-21,Delayed,49.59
54274,14274,Air,2025-04-26,Delivered,18.05
54275,14275,Air,2025-04-17,Delivered,42.48
54276,14276,Air,2025-11-06,Delayed,29.33
54277,14277,Air,2025-01-06,Delivered,15.53
54278,14278,Rail,2025-03-18,Delayed,37.19
54279,14279,Road,2025-04-18,Delivered,19.95
54280,14280,Road,2025-08-14,Delivered,23.84
54281,14281,Road,2025-10-07,Delivered,39.07
54282,14282,Road,2025-06-25,Delivered,17.84
54283,14283,Air,2025-03-03,Delivered,43.38
54284,14284,Rail,2025-08-10,Delayed,12.77
54285,14285,Rail,2025-01-20,Delayed,22.4
54286,14286,Road,2025-12-28,Delivered,23.2
54287,14287,Road,2025-06-21,Delivered,8.78
54288,14288,Rail,2025-08-15,Delivered,15.34
54289,14289,Air,2025-05-02,Delivered,29.08
54290,14290,Road,2025-05-13,Delivered,34.52
54291,14291,Road,2025-05-22,Delivered,39.17
54292,14292,Road,2025-11-13,Delivered,48.77
54293,14293,Road,2026-01-05,Delivered,44.06
54294,14294,Road,2025-02-03,Delayed,9.99
54295,14295,Road,2025-11-05,Delayed,26.68
54296,14296,Rail,2025-03-19,Delivered,16.61
54297,14297,Road,2025-09-02,Delivered,45.28
54298,14298,Rail,2025-10-27,Delayed,14.42
54299,14299,Rail,2025-08-10,Delayed,19.89
54300,14300,Road,2025-10-18,Delivered,39.13
54301,14301,Air,2025-08-24,Delivered,46.56
54302,14302,Rail,2025-06-04,Delivered,37.42
54303,14303,Air,2025-04-25,Delayed,42.25
54304,14304,Air,2025-09-15,Delivered,29.93
54305,14305,Road,2025-02-19,Delayed,11.28
54306,14306,Rail,2025-01-24,Delayed,6.26
54307,14307,Rail,2025-09-13,Delayed,26.19
54308,14308,Road,2025-01-30,Delivered,10.94
54309,14309,Road,2025-04-19,Delivered,6.72
54310,14310,Air,2025-08-11,Delivered,7.18
54311,14311,Rail,2025-09-29,Delivered,41.8
54312,14312,Rail,2025-12-06,Delivered,35.77
54313,14313,Air,2025-09-27,Delivered,23.04
54314,14314,Rail,2025-11-29,Delayed,41.03
54315,14315,Road,2025-04-02,Delivered,25.98
54316,14316,Air,2025-07-13,Delivered,18.05
54317,14317,Road,2025-01-23,Delivered,8.01
54318,14318,Rail,2025-02-16,Delivered,30.14
54319,14319,Road,2025-10-03,Delivered,26.44
54320,14320,Air,2025-10-06,Delivered,5.65
54321,14321,Rail,2025-04-10,Delivered,47.43
54322,14322,Air,2025-06-21,Delayed,24.17
54323,14323,Air,2025-04-18,Delivered,40.8
54324,14324,Air,2025-10-20,Delivered,27.67
54325,14325,Rail,2025-04-19,Delayed,20.82
54326,14326,Air,2025-10-16,Delivered,41.33
54327,14327,Rail,2025-10-05,Delayed,11.55
54328,14328,Rail,2025-03-09,Delivered,38.28
54329,14329,Road,2025-11-04,Delivered,49.29
54330,14330,Air,2025-02-01,Delivered,14.65
54331,14331,Air,2025-10-11,Delivered,39.98
54332,14332,Rail,2025-01-26,Delivered,38.24
54333,14333,Rail,2026-01-02,Delivered,27.98
54334,14334,Air,2025-12-26,Delivered,29.74
54335,14335,Road,2025-04-07,Delivered,43.53
54336,14336,Air,2025-10-14,Delayed,42.24
54337,14337,Rail,2025-07-13,Delivered,20.91
54338,14338,Road,2025-04-17,Delivered,43.88
54339,14339,Road,2025-02-19,Delivered,16.31
54340,14340,Road,2025-10-13,Delayed,43.72
54341,14341,Air,2025-07-04,Delayed,9.48
54342,14342,Road,2025-03-31,Delayed,37.85
54343,14343,Road,2025-12-23,Delivered,27.79
54344,14344,Road,2025-04-24,Delayed,36.82
54345,14345,Rail,2025-06-06,Delivered,10.08
54346,14346,Air,2025-01-19,Delivered,46.56
54347,14347,Rail,2025-08-19,Delivered,24.99
54348,14348,Rail,2025-01-24,Delivered,43.01
54349,14349,Rail,2025-04-25,Delayed,29.3
54350,14350,Rail,2025-09-09,Delivered,19.14
54351,14351,Air,2025-08-30,Delivered,45.07
54352,14352,Rail,2025-11-11,Delivered,19.7
54353,14353,Road,2025-10-15,Delivered,48.58
54354,14354,Air,2025-10-10,Delivered,46.98
54355,14355,Rail,2025-08-07,Delivered,30.7
54356,14356,Road,2025-06-16,Delivered,37.57
54357,14357,Rail,2025-08-07,Delayed,15.66
54358,14358,Air,2025-03-24,Delivered,20.48
54359,14359,Road,2025-09-24,Delivered,44.88
54360,14360,Road,2025-09-13,Delayed,28.86
54361,14361,Road,2025-04-11,Delivered,48.7
54362,14362,Rail,2025-11-09,Delayed,25.66
54363,14363,Rail,2025-08-28,Delivered,36.68
54364,14364,Air,2025-03-29,Delayed,5.69
54365,14365,Air,2025-04-07,Delivered,15.7
54366,14366,Road,2025-03-30,Delivered,37.54
54367,14367,Rail,2025-05-24,Delayed,29.79
54368,14368,Rail,2025-08-19,Delivered,45.31
54369,14369,Rail,2025-07-16,Delivered,19.9
54370,14370,Air,2025-03-05,Delivered,22.63
54371,14371,Road,2025-12-29,Delivered,35.68
54372,14372,Air,2025-07-05,Delivered,7.35
54373,14373,Air,2025-09-11,Delayed,44.34
54374,14374,Air,2025-06-20,Delayed,13.77
54375,14375,Road,2025-06-09,Delivered,19.22
54376,14376,Rail,2025-09-15,Delayed,45.54
54377,14377,Air,2025-10-13,Delivered,21.94
54378,14378,Rail,2025-01-14,Delivered,36.7
54379,14379,Road,2025-02-13,Delivered,26.76
54380,14380,Road,2025-10-30,Delayed,5.46
54381,14381,Air,2025-02-15,Delivered,30.19
54382,14382,Rail,2025-10-14,Delivered,38.31
54383,14383,Rail,2025-05-15,Delivered,14.44
54384,14384,Rail,2025-09-06,Delivered,21.05
54385,14385,Road,2025-05-21,Delivered,13.56
54386,14386,Rail,2025-09-25,Delivered,26.67
54387,14387,Air,2025-12-21,Delayed,17.27
54388,14388,Rail,2025-01-12,Delivered,44.48
54389,14389,Rail,2025-07-16,Delivered,31.31
54390,14390,Air,2025-06-25,Delivered,40.8
54391,14391,Air,2025-02-11,Delivered,23.05
54392,14392,Road,2025-11-21,Delivered,43.66
54393,14393,Road,2025-08-12,Delivered,40.55
54394,14394,Air,2025-11-02,Delayed,47.76
54395,14395,Road,2025-09-05,Delivered,46.24
54396,14396,Rail,2025-07-15,Delayed,25.01
54397,14397,Rail,2025-01-26,Delivered,22.19
54398,14398,Road,2025-09-12,Delivered,36.44
54399,14399,Rail,2025-01-06,Delivered,29.42
54400,14400,Air,2025-05-10,Delayed,5.0
54401,14401,Road,2025-10-30,Delayed,6.3
54402,14402,Air,2025-09-18,Delivered,48.08
54403,14403,Rail,2025-04-05,Delivered,34.53
54404,14404,Rail,2025-03-05,Delivered,29.05
54405,14405,Road,2025-09-10,Delivered,6.54
54406,14406,Rail,2025-04-14,Delivered,34.49
54407,14407,Rail,2025-10-26,Delivered,42.55
54408,14408,Air,2025-08-30,Delivered,12.16
54409,14409,Rail,2025-09-01,Delivered,37.41
54410,14410,Air,2025-12-02,Delivered,47.37
54411,14411,Rail,2025-02-08,Delivered,24.68
54412,14412,Air,2025-01-24,Delivered,32.34
54413,14413,Rail,2025-01-15,Delivered,49.78
54414,14414,Rail,2025-12-29,Delivered,34.98
54415,14415,Air,2025-12-21,Delivered,43.77
54416,14416,Rail,2025-05-14,Delivered,17.44
54417,14417,Air,2026-01-06,Delivered,46.2
54418,14418,Road,2025-08-31,Delivered,47.59
54419,14419,Road,2025-11-12,Delivered,9.22
54420,14420,Air,2025-08-06,Delayed,15.23
54421,14421,Rail,2025-05-14,Delivered,38.28
54422,14422,Rail,2025-06-11,Delayed,5.9
54423,14423,Rail,2025-04-16,Delivered,34.58
54424,14424,Road,2025-09-24,Delivered,32.59
54425,14425,Rail,2025-01-27,Delivered,13.69
54426,14426,Rail,2025-06-21,Delivered,14.98
54427,14427,Air,2025-05-23,Delivered,25.43
54428,14428,Road,2025-12-19,Delivered,28.1
54429,14429,Air,2025-06-28,Delivered,32.66
54430,14430,Road,2025-11-16,Delivered,25.66
54431,14431,Air,2025-07-15,Delivered,20.35
54432,14432,Road,2025-07-18,Delivered,23.02
54433,14433,Rail,2025-10-03,Delayed,18.63
54434,14434,Air,2025-07-13,Delivered,19.49
54435,14435,Road,2025-06-05,Delivered,25.39
54436,14436,Air,2025-12-12,Delivered,33.14
54437,14437,Road,2025-10-03,Delivered,49.79
54438,14438,Air,2025-05-29,Delivered,11.06
54439,14439,Road,2025-02-18,Delivered,26.56
54440,14440,Air,2025-10-31,Delivered,12.38
54441,14441,Road,2025-07-21,Delivered,8.48
54442,14442,Rail,2025-09-08,Delivered,29.91
54443,14443,Road,2025-02-10,Delivered,29.18
54444,14444,Road,2025-02-17,Delivered,18.02
54445,14445,Road,2025-09-07,Delivered,37.56
54446,14446,Road,2025-08-20,Delayed,40.23
54447,14447,Rail,2025-08-09,Delivered,14.58
54448,14448,Air,2025-11-11,Delivered,47.21
54449,14449,Road,2025-03-10,Delayed,23.62
54450,14450,Air,2025-09-23,Delivered,44.09
54451,14451,Rail,2025-02-05,Delayed,16.26
54452,14452,Road,2025-07-06,Delivered,22.57
54453,14453,Air,2025-04-22,Delivered,20.15
54454,14454,Road,2025-12-22,Delivered,29.63
54455,14455,Rail,2025-06-14,Delayed,35.01
54456,14456,Road,2025-01-28,Delivered,9.08
54457,14457,Air,2025-03-27,Delivered,42.38
54458,14458,Rail,2025-05-20,Delivered,28.31
54459,14459,Road,2025-01-11,Delayed,22.88
54460,14460,Rail,2025-04-16,Delayed,31.57
54461,14461,Road,2025-11-22,Delayed,49.79
54462,14462,Rail,2025-11-29,Delivered,7.86
54463,14463,Rail,2025-09-06,Delivered,24.71
54464,14464,Rail,2025-05-04,Delivered,21.73
54465,14465,Rail,2025-07-22,Delivered,47.23
54466,14466,Rail,2025-05-26,Delayed,6.86
54467,14467,Rail,2025-12-17,Delayed,14.57
54468,14468,Air,2025-12-13,Delivered,48.87
54469,14469,Road,2025-02-07,Delayed,37.02
54470,14470,Road,2025-06-24,Delayed,11.15
54471,14471,Rail,2026-01-05,Delivered,7.86
54472,14472,Road,2025-08-09,Delivered,19.24
54473,14473,Road,2025-10-23,Delivered,18.6
54474,14474,Road,2025-10-19,Delivered,18.66
54475,14475,Rail,2025-04-14,Delivered,27.71
54476,14476,Road,2025-04-14,Delivered,14.43
54477,14477,Road,2025-03-26,Delayed,48.62
54478,14478,Road,2025-04-23,Delayed,17.84
54479,14479,Rail,2025-08-03,Delivered,14.02
54480,14480,Road,2025-03-17,Delivered,44.14
54481,14481,Rail,2025-12-22,Delayed,29.03
54482,14482,Rail,2025-04-01,Delivered,19.7
54483,14483,Air,2025-02-20,Delivered,12.31
54484,14484,Rail,2025-12-23,Delivered,14.29
54485,14485,Air,2025-09-03,Delivered,34.36
54486,14486,Air,2025-06-17,Delayed,47.04
54487,14487,Air,2025-04-27,Delivered,23.95
54488,14488,Rail,2025-01-12,Delivered,13.4
54489,14489,Road,2025-07-17,Delivered,6.82
54490,14490,Rail,2025-03-08,Delivered,37.15
54491,14491,Air,2025-03-01,Delayed,15.98
54492,14492,Road,2025-11-10,Delayed,31.85
54493,14493,Road,2025-09-16,Delivered,41.21
54494,14494,Rail,2025-02-27,Delivered,5.11
54495,14495,Air,2025-08-11,Delayed,26.59
54496,14496,Road,2026-01-02,Delivered,39.31
54497,14497,Rail,2025-08-09,Delivered,38.27
54498,14498,Rail,2025-06-24,Delivered,49.61
54499,14499,Rail,2025-02-12,Delivered,31.6
54500,14500,Road,2025-06-02,Delivered,11.1
54501,14501,Road,2025-03-31,Delivered,23.71
54502,14502,Air,2025-04-15,Delivered,45.26
54503,14503,Road,2025-07-14,Delivered,17.41
54504,14504,Road,2025-11-25,Delivered,24.71
54505,14505,Road,2025-01-16,Delayed,10.5
54506,14506,Rail,2025-10-26,Delayed,48.61
54507,14507,Road,2025-12-29,Delivered,10.75
54508,14508,Road,2025-06-02,Delivered,43.96
54509,14509,Rail,2025-12-16,Delivered,17.46
54510,14510,Air,2025-04-29,Delivered,32.51
54511,14511,Road,2025-01-13,Delayed,13.25
54512,14512,Air,2025-10-02,Delayed,26.43
54513,14513,Rail,2025-07-09,Delivered,29.42
54514,14514,Rail,2025-09-06,Delivered,6.86
54515,14515,Rail,2025-05-21,Delivered,27.18
54516,14516,Air,2025-01-27,Delayed,37.34
54517,14517,Road,2025-09-25,Delivered,25.31
54518,14518,Rail,2025-09-05,Delivered,42.93
54519,14519,Rail,2025-04-26,Delayed,28.09
54520,14520,Air,2025-06-27,Delivered,37.06
54521,14521,Air,2025-10-03,Delivered,29.3
54522,14522,Rail,2025-12-17,Delivered,21.02
54523,14523,Rail,2025-08-19,Delivered,26.99
54524,14524,Air,2025-03-18,Delivered,18.67
54525,14525,Air,2025-07-18,Delayed,11.39
54526,14526,Rail,2025-05-07,Delivered,45.7
54527,14527,Air,2025-04-09,Delivered,40.5
54528,14528,Rail,2025-05-12,Delivered,8.77
54529,14529,Road,2025-09-14,Delivered,35.05
54530,14530,Road,2025-09-06,Delayed,22.68
54531,14531,Air,2025-01-10,Delayed,15.46
54532,14532,Air,2025-03-10,Delayed,47.69
54533,14533,Road,2025-12-26,Delayed,14.56
54534,14534,Road,2025-08-15,Delayed,22.55
54535,14535,Road,2025-07-31,Delivered,8.05
54536,14536,Air,2025-03-29,Delivered,8.71
54537,14537,Air,2025-12-23,Delayed,42.97
54538,14538,Rail,2025-11-07,Delayed,28.79
54539,14539,Air,2025-07-31,Delivered,10.62
54540,14540,Air,2025-01-24,Delivered,11.57
54541,14541,Rail,2025-04-14,Delivered,17.11
54542,14542,Air,2025-03-26,Delivered,31.9
54543,14543,Road,2025-09-19,Delivered,24.28
54544,14544,Rail,2026-01-05,Delivered,13.29
54545,14545,Air,2025-05-16,Delayed,47.65
54546,14546,Road,2025-09-17,Delayed,44.29
54547,14547,Road,2025-12-12,Delivered,32.92
54548,14548,Road,2025-05-23,Delivered,5.82
54549,14549,Road,2025-03-19,Delayed,12.57
54550,14550,Air,2025-09-09,Delivered,7.02
54551,14551,Road,2025-10-24,Delivered,5.74
54552,14552,Air,2025-12-05,Delayed,27.11
54553,14553,Air,2025-01-13,Delayed,40.22
54554,14554,Rail,2026-01-05,Delivered,20.19
54555,14555,Rail,2025-05-23,Delayed,43.1
54556,14556,Rail,2025-04-01,Delayed,9.96
54557,14557,Rail,2025-11-13,Delayed,28.05
54558,14558,Road,2025-06-19,Delivered,19.16
54559,14559,Road,2025-08-09,Delivered,26.56
54560,14560,Air,2025-11-18,Delivered,20.63
54561,14561,Rail,2025-02-07,Delayed,13.4
54562,14562,Rail,2025-11-18,Delivered,36.7
54563,14563,Rail,2025-10-28,Delayed,16.57
54564,14564,Road,2025-05-14,Delivered,45.37
54565,14565,Rail,2025-12-12,Delivered,7.69
54566,14566,Road,2025-02-26,Delayed,43.38
54567,14567,Rail,2025-06-21,Delivered,36.32
54568,14568,Air,2025-06-11,Delivered,41.3
54569,14569,Rail,2025-03-31,Delivered,42.98
54570,14570,Road,2025-07-20,Delivered,8.52
54571,14571,Air,2025-10-09,Delivered,35.97
54572,14572,Rail,2025-04-29,Delivered,21.06
54573,14573,Air,2025-06-19,Delivered,37.35
54574,14574,Road,2025-05-12,Delayed,17.1
54575,14575,Road,2025-08-02,Delivered,42.41
54576,14576,Air,2025-07-14,Delayed,30.59
54577,14577,Air,2025-01-10,Delivered,20.35
54578,14578,Road,2025-06-11,Delivered,8.66
54579,14579,Rail,2025-10-10,Delivered,21.39
54580,14580,Air,2025-11-24,Delivered,47.83
54581,14581,Air,2025-12-28,Delivered,14.32
54582,14582,Rail,2025-12-24,Delayed,21.09
54583,14583,Road,2025-08-06,Delivered,46.21
54584,14584,Air,2025-06-26,Delivered,32.91
54585,14585,Air,2025-05-02,Delivered,30.47
54586,14586,Air,2025-08-27,Delivered,46.95
54587,14587,Rail,2025-07-03,Delivered,13.92
54588,14588,Rail,2025-05-13,Delayed,10.48
54589,14589,Rail,2025-11-03,Delivered,40.87
54590,14590,Road,2025-07-28,Delivered,15.49
54591,14591,Rail,2025-01-14,Delivered,6.6
54592,14592,Rail,2025-02-27,Delayed,8.78
54593,14593,Rail,2025-01-15,Delivered,44.09
54594,14594,Rail,2025-11-14,Delayed,16.62
54595,14595,Air,2025-02-09,Delayed,12.14
54596,14596,Road,2025-01-09,Delayed,42.39
54597,14597,Air,2025-05-02,Delivered,17.62
54598,14598,Rail,2025-08-10,Delivered,8.43
54599,14599,Air,2025-02-05,Delivered,8.52
54600,14600,Road,2025-04-22,Delivered,47.23
54601,14601,Air,2025-02-19,Delivered,7.73
54602,14602,Rail,2025-08-01,Delivered,49.01
54603,14603,Rail,2025-06-03,Delivered,35.16
54604,14604,Rail,2025-01-23,Delivered,31.45
54605,14605,Rail,2025-06-03,Delayed,15.76
54606,14606,Road,2025-05-26,Delivered,42.98
54607,14607,Air,2025-10-29,Delivered,7.42
54608,14608,Rail,2025-02-26,Delivered,25.91
54609,14609,Road,2025-03-27,Delivered,23.46
54610,14610,Road,2025-05-13,Delayed,12.01
54611,14611,Road,2025-10-23,Delivered,29.76
54612,14612,Rail,2025-03-01,Delivered,31.37
54613,14613,Rail,2025-05-12,Delivered,43.56
54614,14614,Rail,2025-06-02,Delivered,39.13
54615,14615,Air,2025-10-18,Delayed,7.25
54616,14616,Air,2025-09-19,Delivered,39.79
54617,14617,Rail,2025-07-23,Delayed,35.1
54618,14618,Road,2025-06-01,Delivered,41.04
54619,14619,Air,2025-12-16,Delivered,37.76
54620,14620,Air,2025-09-21,Delayed,17.81
54621,14621,Rail,2025-12-07,Delayed,24.02
54622,14622,Road,2025-06-17,Delayed,19.88
54623,14623,Road,2025-08-29,Delivered,26.36
54624,14624,Rail,2025-07-07,Delivered,16.52
54625,14625,Road,2025-10-04,Delivered,21.11
54626,14626,Rail,2025-04-22,Delivered,36.56
54627,14627,Road,2025-01-18,Delivered,10.03
54628,14628,Air,2025-03-31,Delivered,36.8
54629,14629,Rail,2025-03-13,Delivered,24.25
54630,14630,Rail,2025-12-28,Delivered,42.32
54631,14631,Rail,2025-08-06,Delayed,26.59
54632,14632,Rail,2025-06-16,Delivered,27.22
54633,14633,Road,2025-06-21,Delivered,36.79
54634,14634,Rail,2025-08-11,Delivered,5.95
54635,14635,Air,2025-05-09,Delivered,17.66
54636,14636,Road,2025-10-19,Delivered,38.05
54637,14637,Air,2025-03-04,Delayed,6.91
54638,14638,Air,2025-12-22,Delayed,13.76
54639,14639,Rail,2025-10-13,Delivered,34.81
54640,14640,Road,2025-03-23,Delivered,25.73
54641,14641,Air,2025-06-28,Delayed,38.56
54642,14642,Rail,2026-01-01,Delivered,32.33
54643,14643,Rail,2025-12-15,Delivered,19.01
54644,14644,Air,2025-03-06,Delivered,12.39
54645,14645,Rail,2025-10-05,Delayed,18.37
54646,14646,Road,2025-02-28,Delivered,28.1
54647,14647,Air,2025-10-11,Delivered,9.28
54648,14648,Air,2025-09-13,Delivered,37.69
54649,14649,Rail,2025-10-21,Delivered,45.38
54650,14650,Rail,2025-01-12,Delivered,36.91
54651,14651,Rail,2025-05-07,Delivered,9.97
54652,14652,Road,2025-07-04,Delivered,28.11
54653,14653,Road,2025-11-19,Delivered,11.86
54654,14654,Road,2025-07-02,Delivered,29.35
54655,14655,Road,2026-01-02,Delivered,9.69
54656,14656,Air,2025-01-16,Delivered,7.08
54657,14657,Rail,2025-01-14,Delivered,11.03
54658,14658,Rail,2025-09-17,Delivered,14.89
54659,14659,Road,2025-07-01,Delivered,25.04
54660,14660,Air,2025-06-13,Delivered,37.52
54661,14661,Rail,2025-08-03,Delivered,28.24
54662,14662,Air,2025-08-21,Delayed,26.16
54663,14663,Air,2025-01-07,Delayed,34.45
54664,14664,Air,2025-06-16,Delivered,35.56
54665,14665,Air,2025-04-10,Delivered,46.56
54666,14666,Road,2025-10-23,Delayed,32.38
54667,14667,Air,2025-01-13,Delivered,37.69
54668,14668,Air,2025-08-28,Delivered,32.85
54669,14669,Rail,2025-04-25,Delivered,46.41
54670,14670,Rail,2025-08-25,Delayed,17.2
54671,14671,Road,2025-12-23,Delivered,21.62
54672,14672,Air,2025-07-22,Delivered,41.17
54673,14673,Road,2025-08-04,Delayed,27.5
54674,14674,Road,2025-06-05,Delivered,15.18
54675,14675,Road,2025-10-26,Delayed,34.58
54676,14676,Air,2025-08-10,Delayed,41.16
54677,14677,Rail,2025-09-02,Delivered,29.15
54678,14678,Rail,2025-08-15,Delivered,10.22
54679,14679,Air,2025-03-28,Delivered,22.97
54680,14680,Rail,2025-05-10,Delayed,16.89
54681,14681,Rail,2025-09-25,Delivered,5.82
54682,14682,Road,2025-11-06,Delivered,37.15
54683,14683,Road,2025-11-24,Delivered,28.45
54684,14684,Road,2025-04-09,Delayed,19.44
54685,14685,Air,2025-03-15,Delivered,46.39
54686,14686,Air,2025-02-02,Delayed,38.83
54687,14687,Air,2025-02-27,Delivered,19.87
54688,14688,Air,2025-03-18,Delivered,23.05
54689,14689,Air,2025-06-18,Delivered,39.13
54690,14690,Rail,2025-04-23,Delivered,21.39
54691,14691,Air,2025-05-24,Delivered,24.98
54692,14692,Air,2025-07-03,Delivered,10.18
54693,14693,Road,2025-09-11,Delivered,19.14
54694,14694,Road,2025-06-30,Delivered,8.13
54695,14695,Road,2025-07-22,Delivered,45.36
54696,14696,Road,2025-08-29,Delivered,5.21
54697,14697,Air,2025-04-06,Delivered,19.97
54698,14698,Rail,2025-04-20,Delivered,41.12
54699,14699,Rail,2025-06-15,Delivered,36.69
54700,14700,Road,2025-05-01,Delivered,12.35
54701,14701,Air,2025-08-13,Delivered,8.44
54702,14702,Road,2025-12-07,Delayed,13.28
54703,14703,Air,2025-02-10,Delivered,28.58
54704,14704,Road,2025-10-14,Delivered,22.3
54705,14705,Rail,2025-06-23,Delivered,19.61
54706,14706,Air,2026-01-02,Delivered,12.49
54707,14707,Road,2025-12-09,Delivered,41.55
54708,14708,Rail,2025-09-29,Delayed,9.04
54709,14709,Road,2025-03-04,Delivered,29.9
54710,14710,Road,2025-04-06,Delivered,25.89
54711,14711,Air,2025-11-12,Delivered,25.77
54712,14712,Air,2025-11-17,Delivered,35.76
54713,14713,Road,2025-12-17,Delayed,36.84
54714,14714,Air,2025-01-18,Delivered,21.92
54715,14715,Rail,2025-08-10,Delayed,20.01
54716,14716,Road,2025-07-24,Delivered,46.75
54717,14717,Rail,2025-11-12,Delayed,43.49
54718,14718,Road,2025-06-29,Delivered,38.4
54719,14719,Road,2025-09-24,Delivered,39.01
54720,14720,Air,2025-11-24,Delivered,37.43
54721,14721,Rail,2025-04-09,Delivered,9.07
54722,14722,Road,2025-02-05,Delivered,7.41
54723,14723,Rail,2025-11-03,Delivered,35.19
54724,14724,Road,2025-07-13,Delivered,18.76
54725,14725,Rail,2025-08-01,Delayed,8.05
54726,14726,Air,2025-08-08,Delivered,44.04
54727,14727,Rail,2025-06-14,Delivered,15.59
54728,14728,Rail,2025-01-22,Delayed,42.8
54729,14729,Road,2025-03-17,Delivered,37.63
54730,14730,Road,2025-05-03,Delayed,16.26
54731,14731,Rail,2025-09-14,Delivered,5.05
54732,14732,Air,2025-11-26,Delivered,49.13
54733,14733,Rail,2025-09-15,Delivered,46.03
54734,14734,Rail,2025-03-20,Delivered,39.0
54735,14735,Rail,2025-02-25,Delivered,43.35
54736,14736,Air,2025-07-01,Delayed,27.56
54737,14737,Rail,2025-10-12,Delivered,37.22
54738,14738,Air,2025-09-14,Delivered,15.57
54739,14739,Rail,2025-08-26,Delivered,48.48
54740,14740,Rail,2025-03-31,Delivered,18.04
54741,14741,Rail,2025-04-13,Delivered,49.33
54742,14742,Air,2025-10-29,Delayed,40.24
54743,14743,Rail,2025-05-02,Delayed,11.54
54744,14744,Rail,2025-02-09,Delivered,45.76
54745,14745,Air,2025-01-21,Delayed,22.1
54746,14746,Rail,2025-06-28,Delivered,36.73
54747,14747,Road,2025-09-02,Delivered,49.17
54748,14748,Road,2025-04-26,Delayed,25.19
54749,14749,Road,2025-11-21,Delivered,16.5
54750,14750,Rail,2025-07-29,Delayed,13.66
54751,14751,Road,2025-03-19,Delivered,18.82
54752,14752,Road,2025-11-10,Delivered,18.93
54753,14753,Road,2025-07-27,Delivered,19.36
54754,14754,Road,2025-12-19,Delivered,25.42
54755,14755,Rail,2025-08-24,Delivered,20.37
54756,14756,Rail,2025-12-23,Delivered,24.99
54757,14757,Air,2025-05-09,Delayed,18.96
54758,14758,Road,2025-06-02,Delivered,11.35
54759,14759,Air,2025-06-23,Delivered,5.69
54760,14760,Road,2025-12-22,Delivered,25.95
54761,14761,Road,2025-03-31,Delivered,37.69
54762,14762,Rail,2025-09-23,Delayed,8.44
54763,14763,Rail,2025-11-06,Delivered,12.56
54764,14764,Air,2025-06-09,Delayed,47.12
54765,14765,Road,2025-03-24,Delivered,7.19
54766,14766,Air,2025-12-29,Delivered,9.61
54767,14767,Air,2025-09-13,Delivered,42.89
54768,14768,Air,2025-06-28,Delivered,25.8
54769,14769,Rail,2025-01-06,Delivered,9.85
54770,14770,Rail,2025-01-20,Delayed,46.34
54771,14771,Rail,2025-12-29,Delivered,24.13
54772,14772,Road,2025-03-19,Delivered,44.43
54773,14773,Rail,2025-06-20,Delayed,39.63
54774,14774,Rail,2025-05-22,Delivered,10.28
54775,14775,Air,2025-09-25,Delayed,5.83
54776,14776,Air,2025-06-05,Delayed,6.41
54777,14777,Road,2025-10-23,Delivered,48.52
54778,14778,Air,2025-07-25,Delivered,10.14
54779,14779,Rail,2026-01-02,Delivered,43.05
54780,14780,Air,2025-11-17,Delivered,22.56
54781,14781,Rail,2025-07-12,Delivered,38.11
54782,14782,Air,2025-01-12,Delayed,32.13
54783,14783,Air,2025-04-16,Delayed,16.71
54784,14784,Road,2025-01-23,Delivered,7.73
54785,14785,Rail,2025-08-14,Delivered,38.27
54786,14786,Air,2025-07-10,Delayed,40.79
54787,14787,Rail,2025-11-15,Delivered,41.47
54788,14788,Air,2025-04-23,Delivered,19.62
54789,14789,Road,2025-03-22,Delayed,44.35
54790,14790,Air,2025-11-30,Delayed,14.83
54791,14791,Air,2025-10-09,Delayed,36.58
54792,14792,Rail,2025-08-15,Delivered,5.09
54793,14793,Rail,2025-04-16,Delayed,28.53
54794,14794,Rail,2025-04-27,Delivered,49.95
54795,14795,Road,2025-02-17,Delivered,13.68
54796,14796,Road,2025-12-04,Delivered,45.02
54797,14797,Air,2025-09-20,Delivered,44.38
54798,14798,Air,2025-09-14,Delayed,13.88
54799,14799,Rail,2025-12-28,Delivered,38.77
54800,14800,Road,2025-07-24,Delivered,23.85
54801,14801,Air,2025-10-30,Delivered,30.22
54802,14802,Road,2025-02-12,Delivered,34.86
54803,14803,Road,2025-01-12,Delayed,19.37
54804,14804,Road,2025-03-05,Delivered,38.22
54805,14805,Rail,2025-07-30,Delivered,48.51
54806,14806,Air,2025-09-02,Delivered,26.14
54807,14807,Road,2025-11-24,Delivered,42.48
54808,14808,Air,2025-06-18,Delivered,5.66
54809,14809,Air,2025-02-03,Delivered,31.68
54810,14810,Air,2025-06-10,Delivered,14.0
54811,14811,Air,2025-07-24,Delivered,37.52
54812,14812,Air,2025-11-28,Delayed,40.48
54813,14813,Air,2025-12-13,Delayed,5.22
54814,14814,Rail,2025-05-01,Delivered,10.74
54815,14815,Road,2025-10-18,Delivered,36.52
54816,14816,Air,2025-11-02,Delayed,40.92
54817,14817,Road,2025-06-04,Delivered,23.0
54818,14818,Air,2025-07-09,Delivered,47.42
54819,14819,Road,2025-12-28,Delivered,32.81
54820,14820,Air,2025-06-12,Delayed,38.6
54821,14821,Air,2025-09-08,Delayed,36.96
54822,14822,Air,2025-12-07,Delivered,33.8
54823,14823,Air,2025-10-16,Delivered,23.8
54824,14824,Rail,2025-06-14,Delivered,47.45
54825,14825,Road,2025-10-20,Delivered,12.95
54826,14826,Road,2025-04-14,Delayed,12.17
54827,14827,Rail,2025-12-23,Delivered,12.85
54828,14828,Rail,2025-01-19,Delivered,16.77
54829,14829,Air,2025-12-18,Delayed,7.03
54830,14830,Air,2025-02-21,Delivered,31.05
54831,14831,Air,2025-03-20,Delivered,37.15
54832,14832,Road,2025-04-29,Delivered,16.12
54833,14833,Rail,2025-03-31,Delivered,26.18
54834,14834,Road,2025-12-03,Delayed,28.82
54835,14835,Road,2025-10-17,Delayed,33.6
54836,14836,Rail,2025-10-17,Delivered,18.32
54837,14837,Rail,2025-07-06,Delayed,48.39
54838,14838,Rail,2025-08-15,Delivered,22.91
54839,14839,Road,2025-10-28,Delivered,29.25
54840,14840,Road,2025-09-19,Delivered,12.65
54841,14841,Road,2025-11-26,Delivered,6.56
54842,14842,Road,2025-12-17,Delivered,40.01
54843,14843,Rail,2025-10-19,Delivered,39.03
54844,14844,Air,2025-06-23,Delivered,43.05
54845,14845,Rail,2025-09-13,Delivered,49.54
54846,14846,Rail,2025-09-29,Delivered,22.34
54847,14847,Air,2025-05-07,Delivered,20.65
54848,14848,Road,2025-11-28,Delivered,15.76
54849,14849,Road,2025-09-21,Delivered,31.74
54850,14850,Air,2025-06-19,Delivered,49.95
54851,14851,Rail,2025-01-28,Delayed,43.14
54852,14852,Road,2025-10-12,Delayed,24.72
54853,14853,Air,2025-04-06,Delivered,43.96
54854,14854,Rail,2025-10-19,Delivered,43.41
54855,14855,Road,2025-06-02,Delivered,49.12
54856,14856,Road,2025-03-10,Delivered,6.5
54857,14857,Road,2025-06-14,Delivered,35.95
54858,14858,Road,2025-08-10,Delayed,35.15
54859,14859,Air,2025-08-25,Delivered,29.16
54860,14860,Air,2025-07-19,Delayed,15.8
54861,14861,Air,2025-08-05,Delivered,14.27
54862,14862,Air,2025-05-31,Delayed,28.6
54863,14863,Road,2025-11-19,Delivered,5.55
54864,14864,Rail,2025-07-23,Delivered,9.41
54865,14865,Rail,2025-07-01,Delivered,9.59
54866,14866,Air,2025-10-03,Delayed,19.19
54867,14867,Rail,2025-03-15,Delivered,13.51
54868,14868,Air,2025-03-23,Delivered,49.15
54869,14869,Air,2025-09-05,Delivered,42.87
54870,14870,Rail,2025-12-22,Delivered,42.2
54871,14871,Road,2025-05-07,Delayed,20.98
54872,14872,Road,2025-05-30,Delivered,33.88
54873,14873,Air,2025-06-25,Delivered,21.63
54874,14874,Air,2025-11-22,Delivered,35.3
54875,14875,Road,2025-04-14,Delivered,41.86
54876,14876,Road,2025-10-15,Delivered,31.64
54877,14877,Rail,2025-03-09,Delivered,35.14
54878,14878,Rail,2025-05-22,Delivered,38.46
54879,14879,Road,2025-05-22,Delivered,14.45
54880,14880,Rail,2025-07-18,Delivered,42.47
54881,14881,Rail,2025-11-19,Delivered,22.48
54882,14882,Air,2025-03-31,Delivered,28.69
54883,14883,Road,2025-07-04,Delayed,31.85
54884,14884,Road,2025-11-15,Delivered,15.03
54885,14885,Rail,2025-01-28,Delivered,11.83
54886,14886,Rail,2025-02-06,Delivered,5.19
54887,14887,Air,2025-08-25,Delivered,25.67
54888,14888,Road,2025-10-17,Delivered,43.07
54889,14889,Air,2025-09-05,Delayed,46.98
54890,14890,Rail,2025-07-16,Delayed,43.62
54891,14891,Road,2025-05-03,Delivered,49.75
54892,14892,Road,2025-06-19,Delivered,20.32
54893,14893,Air,2025-10-10,Delayed,26.77
54894,14894,Rail,2025-04-17,Delivered,32.73
54895,14895,Road,2025-03-14,Delivered,39.88
54896,14896,Air,2025-08-25,Delayed,26.56
54897,14897,Rail,2025-09-16,Delivered,19.68
54898,14898,Road,2025-08-23,Delivered,46.3
54899,14899,Rail,2025-07-15,Delivered,13.72
54900,14900,Air,2025-01-12,Delivered,31.05
54901,14901,Rail,2025-01-22,Delivered,22.79
54902,14902,Rail,2025-03-07,Delayed,9.24
54903,14903,Rail,2025-01-30,Delivered,32.36
54904,14904,Air,2025-06-06,Delivered,20.31
54905,14905,Road,2025-09-06,Delayed,37.48
54906,14906,Road,2025-09-05,Delivered,31.73
54907,14907,Air,2025-09-09,Delivered,46.89
54908,14908,Air,2025-04-14,Delivered,21.52
54909,14909,Air,2025-08-15,Delayed,34.55
54910,14910,Road,2025-02-06,Delivered,26.95
54911,14911,Rail,2025-11-19,Delivered,7.38
54912,14912,Road,2025-05-08,Delivered,25.5
54913,14913,Road,2025-01-22,Delayed,11.2
54914,14914,Road,2025-08-24,Delivered,21.14
54915,14915,Air,2025-12-12,Delayed,49.23
54916,14916,Road,2025-05-10,Delivered,49.06
54917,14917,Rail,2025-10-07,Delivered,6.73
54918,14918,Air,2025-10-05,Delayed,44.64
54919,14919,Road,2025-07-24,Delivered,36.82
54920,14920,Road,2025-06-19,Delivered,39.69
54921,14921,Rail,2025-10-10,Delivered,35.59
54922,14922,Air,2025-10-12,Delivered,19.03
54923,14923,Air,2025-01-14,Delayed,44.61
54924,14924,Road,2025-09-12,Delivered,29.3
54925,14925,Air,2025-08-31,Delivered,26.2
54926,14926,Rail,2025-11-26,Delayed,39.66
54927,14927,Air,2025-10-22,Delivered,38.25
54928,14928,Rail,2025-08-16,Delivered,21.44
54929,14929,Rail,2025-02-14,Delivered,20.28
54930,14930,Air,2025-09-13,Delivered,12.86
54931,14931,Road,2025-11-16,Delivered,20.97
54932,14932,Road,2025-10-12,Delivered,10.45
54933,14933,Road,2025-02-04,Delivered,42.93
54934,14934,Rail,2025-12-01,Delivered,6.48
54935,14935,Air,2025-10-02,Delayed,8.13
54936,14936,Road,2025-11-04,Delivered,43.22
54937,14937,Air,2025-09-13,Delayed,6.11
54938,14938,Rail,2025-04-28,Delivered,40.56
54939,14939,Rail,2025-06-23,Delivered,29.79
54940,14940,Rail,2025-02-26,Delayed,14.63
54941,14941,Road,2025-02-27,Delivered,41.33
54942,14942,Road,2025-10-12,Delayed,30.75
54943,14943,Rail,2025-11-03,Delayed,24.0
54944,14944,Rail,2025-08-15,Delivered,10.34
54945,14945,Rail,2025-09-03,Delivered,5.21
54946,14946,Road,2025-09-05,Delivered,22.02
54947,14947,Air,2025-08-26,Delivered,25.99
54948,14948,Air,2025-07-26,Delivered,19.37
54949,14949,Air,2025-04-24,Delivered,47.08
54950,14950,Road,2025-01-20,Delivered,7.74
54951,14951,Rail,2026-01-01,Delivered,28.93
54952,14952,Road,2025-12-24,Delayed,47.76
54953,14953,Road,2025-03-18,Delayed,36.61
54954,14954,Rail,2025-07-05,Delivered,29.8
54955,14955,Air,2025-07-18,Delayed,12.1
54956,14956,Rail,2025-09-15,Delivered,24.38
54957,14957,Air,2025-09-28,Delivered,35.55
54958,14958,Road,2025-02-09,Delayed,21.41
54959,14959,Road,2025-02-16,Delivered,26.32
54960,14960,Air,2025-03-25,Delivered,18.67
54961,14961,Air,2025-12-23,Delivered,46.9
54962,14962,Rail,2025-11-11,Delivered,28.69
54963,14963,Air,2025-10-29,Delayed,42.56
54964,14964,Rail,2025-01-29,Delivered,19.53
54965,14965,Air,2025-02-06,Delivered,47.77
54966,14966,Road,2025-10-12,Delivered,30.28
54967,14967,Road,2025-02-22,Delivered,24.5
54968,14968,Air,2025-09-25,Delivered,23.03
54969,14969,Rail,2025-12-21,Delayed,34.57
54970,14970,Rail,2025-03-29,Delivered,14.52
54971,14971,Rail,2025-08-20,Delayed,6.2
54972,14972,Rail,2025-07-18,Delayed,14.97
54973,14973,Rail,2025-07-20,Delayed,24.62
54974,14974,Rail,2025-05-29,Delayed,45.28
54975,14975,Rail,2025-12-23,Delivered,45.96
54976,14976,Air,2025-09-21,Delayed,16.04
54977,14977,Air,2025-03-13,Delivered,44.91
54978,14978,Air,2025-11-21,Delayed,36.08
54979,14979,Road,2025-10-19,Delivered,30.78
54980,14980,Air,2025-07-14,Delayed,25.65
54981,14981,Road,2025-10-26,Delivered,37.44
54982,14982,Rail,2025-10-28,Delivered,9.37
54983,14983,Rail,2025-03-04,Delivered,16.63
54984,14984,Air,2025-01-31,Delivered,7.13
54985,14985,Road,2025-09-12,Delivered,26.55
54986,14986,Road,2025-07-19,Delivered,8.61
54987,14987,Rail,2025-08-09,Delayed,22.83
54988,14988,Rail,2025-10-18,Delivered,46.92
54989,14989,Air,2025-06-18,Delivered,14.83
54990,14990,Rail,2025-01-19,Delivered,18.12
54991,14991,Road,2025-05-12,Delivered,49.08
54992,14992,Air,2025-05-23,Delivered,26.27
54993,14993,Road,2025-08-20,Delivered,5.84
54994,14994,Road,2025-08-17,Delivered,43.07
54995,14995,Rail,2025-05-16,Delivered,14.25
54996,14996,Air,2025-07-28,Delivered,44.76
54997,14997,Road,2025-04-06,Delivered,7.24
54998,14998,Road,2025-11-30,Delivered,13.97
54999,14999,Road,2025-01-13,Delivered,45.52
55000,15000,Air,2025-03-15,Delivered,16.77
55001,15001,Air,2025-04-08,Delivered,28.14
55002,15002,Road,2025-10-20,Delivered,23.0
55003,15003,Air,2025-02-05,Delivered,34.52
55004,15004,Air,2025-02-08,Delayed,22.71
55005,15005,Rail,2025-11-09,Delayed,37.78
55006,15006,Rail,2025-10-20,Delayed,16.16
55007,15007,Air,2025-06-21,Delivered,47.58
55008,15008,Road,2025-07-12,Delivered,25.5
55009,15009,Rail,2025-07-11,Delivered,31.56
55010,15010,Road,2025-03-05,Delayed,19.33
55011,15011,Rail,2025-12-30,Delivered,8.07
55012,15012,Road,2025-11-06,Delivered,10.77
55013,15013,Rail,2025-02-18,Delayed,15.83
55014,15014,Road,2025-12-10,Delivered,25.7
55015,15015,Road,2025-12-20,Delivered,19.59
55016,15016,Road,2025-10-13,Delayed,49.22
55017,15017,Rail,2025-06-29,Delivered,9.25
55018,15018,Air,2025-12-27,Delivered,47.18
55019,15019,Air,2025-09-15,Delayed,39.56
55020,15020,Rail,2025-09-29,Delivered,24.34
55021,15021,Rail,2025-12-24,Delivered,44.91
55022,15022,Air,2025-10-21,Delivered,15.05
55023,15023,Air,2025-01-14,Delivered,24.97
55024,15024,Road,2025-10-28,Delivered,47.16
55025,15025,Road,2025-04-17,Delayed,28.72
55026,15026,Road,2025-11-10,Delivered,11.65
55027,15027,Road,2025-08-31,Delayed,11.91
55028,15028,Road,2025-01-30,Delivered,43.18
55029,15029,Air,2025-04-10,Delivered,46.67
55030,15030,Air,2025-06-14,Delivered,14.36
55031,15031,Road,2025-05-16,Delivered,13.27
55032,15032,Road,2025-01-29,Delivered,23.65
55033,15033,Road,2025-09-02,Delayed,43.88
55034,15034,Road,2025-03-20,Delivered,39.03
55035,15035,Air,2025-10-06,Delivered,45.58
55036,15036,Rail,2025-11-27,Delivered,9.41
55037,15037,Air,2025-05-24,Delayed,25.86
55038,15038,Road,2025-02-27,Delayed,42.34
55039,15039,Rail,2025-02-18,Delivered,19.69
55040,15040,Air,2025-03-02,Delayed,9.69
55041,15041,Air,2025-02-27,Delivered,31.61
55042,15042,Air,2025-02-14,Delivered,32.86
55043,15043,Rail,2025-05-28,Delivered,20.67
55044,15044,Rail,2025-11-15,Delivered,22.98
55045,15045,Rail,2025-02-26,Delayed,44.88
55046,15046,Air,2025-01-09,Delivered,15.2
55047,15047,Rail,2025-10-06,Delivered,23.3
55048,15048,Air,2025-04-03,Delivered,15.45
55049,15049,Rail,2025-10-04,Delivered,34.72
55050,15050,Road,2025-05-24,Delayed,25.85
55051,15051,Road,2025-03-03,Delivered,25.22
55052,15052,Road,2025-09-04,Delivered,33.2
55053,15053,Rail,2025-06-16,Delivered,38.46
55054,15054,Air,2025-06-26,Delayed,38.05
55055,15055,Air,2025-12-04,Delayed,15.29
55056,15056,Air,2025-01-22,Delivered,17.5
55057,15057,Road,2025-06-19,Delayed,38.09
55058,15058,Rail,2025-03-29,Delayed,22.74
55059,15059,Rail,2025-07-12,Delivered,8.12
55060,15060,Air,2025-03-16,Delivered,30.46
55061,15061,Rail,2025-12-16,Delivered,42.43
55062,15062,Air,2025-08-20,Delivered,9.4
55063,15063,Rail,2025-07-12,Delivered,9.4
55064,15064,Air,2025-11-21,Delivered,46.37
55065,15065,Rail,2025-12-25,Delivered,30.24
55066,15066,Rail,2025-11-13,Delayed,21.98
55067,15067,Air,2025-12-19,Delayed,35.52
55068,15068,Road,2025-06-01,Delivered,25.86
55069,15069,Road,2025-05-19,Delivered,38.75
55070,15070,Road,2025-06-16,Delivered,24.52
55071,15071,Air,2025-09-24,Delivered,22.09
55072,15072,Road,2025-04-13,Delivered,12.2
55073,15073,Road,2025-12-01,Delivered,23.76
55074,15074,Road,2025-03-29,Delivered,6.26
55075,15075,Road,2025-01-13,Delivered,22.18
55076,15076,Rail,2025-02-02,Delivered,33.05
55077,15077,Rail,2025-01-26,Delayed,10.19
55078,15078,Road,2025-05-30,Delayed,10.75
55079,15079,Road,2025-05-10,Delayed,31.91
55080,15080,Road,2025-01-25,Delivered,23.92
55081,15081,Air,2025-06-04,Delivered,9.15
55082,15082,Road,2025-11-30,Delivered,47.52
55083,15083,Road,2025-02-16,Delivered,6.45
55084,15084,Rail,2025-02-24,Delivered,19.19
55085,15085,Road,2025-02-15,Delivered,8.19
55086,15086,Road,2025-10-20,Delayed,33.48
55087,15087,Road,2025-12-01,Delivered,8.47
55088,15088,Air,2025-11-11,Delivered,20.19
55089,15089,Air,2025-01-30,Delayed,22.42
55090,15090,Road,2025-06-29,Delivered,13.64
55091,15091,Air,2025-08-19,Delayed,35.99
55092,15092,Rail,2025-07-24,Delayed,43.95
55093,15093,Rail,2025-07-11,Delayed,37.54
55094,15094,Road,2025-02-17,Delivered,18.71
55095,15095,Rail,2025-07-18,Delivered,19.4
55096,15096,Road,2025-12-20,Delivered,29.06
55097,15097,Rail,2025-11-23,Delivered,25.08
55098,15098,Air,2025-06-10,Delayed,5.95
55099,15099,Rail,2025-06-26,Delivered,22.25
55100,15100,Air,2025-10-07,Delivered,47.23
55101,15101,Road,2025-05-24,Delivered,21.64
55102,15102,Road,2025-01-29,Delivered,36.64
55103,15103,Rail,2025-03-20,Delayed,14.98
55104,15104,Rail,2025-06-05,Delivered,5.26
55105,15105,Road,2025-08-23,Delivered,5.02
55106,15106,Road,2025-07-02,Delivered,17.9
55107,15107,Rail,2025-05-23,Delivered,26.83
55108,15108,Rail,2025-12-25,Delivered,28.56
55109,15109,Rail,2025-06-30,Delayed,13.97
55110,15110,Air,2025-08-08,Delivered,7.61
55111,15111,Road,2025-04-02,Delivered,17.19
55112,15112,Rail,2025-02-10,Delivered,49.22
55113,15113,Rail,2025-10-14,Delayed,41.99
55114,15114,Air,2025-05-15,Delivered,19.04
55115,15115,Road,2025-03-28,Delivered,42.05
55116,15116,Road,2025-12-29,Delivered,21.65
55117,15117,Rail,2025-02-01,Delivered,34.49
55118,15118,Rail,2026-01-01,Delivered,47.93
55119,15119,Air,2025-12-03,Delayed,29.1
55120,15120,Air,2025-12-26,Delivered,15.07
55121,15121,Rail,2025-04-03,Delayed,20.08
55122,15122,Air,2025-09-19,Delayed,20.07
55123,15123,Road,2025-10-30,Delayed,47.17
55124,15124,Air,2025-11-01,Delayed,46.4
55125,15125,Road,2025-06-05,Delivered,34.66
55126,15126,Air,2025-06-24,Delivered,38.05
55127,15127,Road,2025-09-26,Delayed,41.11
55128,15128,Rail,2025-10-07,Delivered,9.24
55129,15129,Rail,2026-01-05,Delivered,33.89
55130,15130,Road,2025-08-31,Delayed,46.28
55131,15131,Air,2025-02-08,Delivered,19.32
55132,15132,Road,2025-12-28,Delivered,23.61
55133,15133,Road,2025-10-03,Delivered,8.07
55134,15134,Rail,2025-01-10,Delivered,11.78
55135,15135,Rail,2025-05-23,Delayed,24.49
55136,15136,Rail,2025-02-08,Delayed,39.49
55137,15137,Road,2025-03-08,Delayed,20.25
55138,15138,Road,2025-07-11,Delivered,16.28
55139,15139,Rail,2025-06-17,Delivered,17.5
55140,15140,Air,2025-05-23,Delivered,24.31
55141,15141,Road,2025-11-27,Delivered,14.35
55142,15142,Road,2025-11-01,Delivered,12.2
55143,15143,Rail,2025-09-30,Delivered,29.08
55144,15144,Air,2025-01-29,Delivered,9.61
55145,15145,Air,2025-09-17,Delayed,46.38
55146,15146,Rail,2025-06-11,Delivered,27.4
55147,15147,Road,2025-08-31,Delivered,40.2
55148,15148,Road,2025-02-20,Delivered,29.02
55149,15149,Road,2025-05-03,Delivered,24.59
55150,15150,Rail,2025-04-30,Delivered,47.28
55151,15151,Road,2025-03-22,Delivered,41.45
55152,15152,Air,2025-05-10,Delivered,43.88
55153,15153,Air,2025-09-03,Delivered,38.56
55154,15154,Road,2025-07-01,Delayed,19.81
55155,15155,Road,2025-07-21,Delivered,27.35
55156,15156,Road,2025-11-19,Delivered,14.89
55157,15157,Rail,2025-12-01,Delivered,23.52
55158,15158,Air,2025-09-16,Delayed,21.64
55159,15159,Rail,2025-04-04,Delivered,26.86
55160,15160,Air,2025-03-29,Delayed,31.82
55161,15161,Road,2025-10-24,Delayed,29.1
55162,15162,Air,2025-05-20,Delivered,42.2
55163,15163,Air,2025-01-27,Delivered,37.88
55164,15164,Rail,2025-12-30,Delivered,21.84
55165,15165,Road,2025-10-14,Delayed,43.34
55166,15166,Road,2025-05-11,Delivered,34.16
55167,15167,Road,2025-12-06,Delivered,28.06
55168,15168,Air,2026-01-02,Delivered,18.24
55169,15169,Rail,2025-04-19,Delivered,8.6
55170,15170,Rail,2025-02-05,Delivered,18.24
55171,15171,Rail,2025-06-11,Delivered,10.25
55172,15172,Rail,2026-01-01,Delayed,9.41
55173,15173,Rail,2025-10-10,Delayed,8.81
55174,15174,Air,2025-03-07,Delivered,21.27
55175,15175,Rail,2025-04-15,Delayed,33.27
55176,15176,Air,2025-02-11,Delivered,33.71
55177,15177,Rail,2025-11-22,Delivered,7.73
55178,15178,Road,2025-08-21,Delayed,45.7
55179,15179,Road,2025-04-09,Delivered,39.22
55180,15180,Road,2025-07-08,Delayed,27.42
55181,15181,Air,2025-06-01,Delivered,21.1
55182,15182,Rail,2025-07-29,Delayed,32.07
55183,15183,Road,2025-07-24,Delivered,33.2
55184,15184,Rail,2025-08-10,Delivered,39.34
55185,15185,Road,2025-09-08,Delivered,34.39
55186,15186,Rail,2025-10-20,Delivered,49.32
55187,15187,Rail,2025-02-07,Delivered,6.55
55188,15188,Rail,2025-09-29,Delivered,22.28
55189,15189,Air,2025-12-24,Delivered,10.26
55190,15190,Road,2025-11-12,Delivered,39.31
55191,15191,Rail,2025-03-18,Delayed,24.84
55192,15192,Air,2025-03-22,Delivered,9.43
55193,15193,Air,2025-11-24,Delayed,16.83
55194,15194,Road,2025-07-16,Delivered,24.3
55195,15195,Rail,2025-01-29,Delayed,17.51
55196,15196,Rail,2025-01-06,Delayed,34.25
55197,15197,Road,2025-10-16,Delivered,17.82
55198,15198,Air,2025-09-15,Delivered,17.42
55199,15199,Rail,2025-03-15,Delivered,23.43
55200,15200,Rail,2025-06-27,Delayed,26.74
55201,15201,Road,2025-05-07,Delivered,48.43
55202,15202,Air,2025-03-07,Delayed,7.68
55203,15203,Rail,2025-10-11,Delivered,14.46
55204,15204,Rail,2025-11-03,Delivered,6.79
55205,15205,Rail,2025-12-04,Delivered,11.77
55206,15206,Road,2025-07-15,Delivered,24.38
55207,15207,Road,2025-08-31,Delivered,14.56
55208,15208,Rail,2025-01-14,Delivered,47.83
55209,15209,Rail,2025-07-14,Delivered,9.01
55210,15210,Air,2025-03-01,Delivered,17.21
55211,15211,Rail,2025-01-13,Delayed,6.39
55212,15212,Road,2025-10-08,Delivered,5.5
55213,15213,Road,2025-08-29,Delayed,28.84
55214,15214,Rail,2025-03-10,Delivered,12.56
55215,15215,Air,2025-12-11,Delivered,30.83
55216,15216,Air,2025-01-06,Delivered,28.23
55217,15217,Air,2025-08-15,Delivered,26.55
55218,15218,Air,2025-06-28,Delivered,21.75
55219,15219,Air,2025-03-07,Delivered,48.2
55220,15220,Air,2025-04-24,Delivered,34.84
55221,15221,Air,2025-02-22,Delivered,29.32
55222,15222,Rail,2025-07-08,Delivered,47.99
55223,15223,Rail,2025-01-30,Delayed,30.31
55224,15224,Road,2025-04-17,Delivered,24.96
55225,15225,Rail,2025-03-07,Delivered,25.33
55226,15226,Air,2025-08-01,Delayed,23.02
55227,15227,Road,2025-12-24,Delivered,7.29
55228,15228,Road,2025-02-02,Delivered,37.85
55229,15229,Air,2025-05-22,Delivered,49.7
55230,15230,Rail,2025-01-25,Delivered,20.34
55231,15231,Air,2025-11-29,Delivered,9.78
55232,15232,Road,2025-10-02,Delivered,10.27
55233,15233,Air,2025-08-26,Delivered,30.11
55234,15234,Air,2025-03-20,Delayed,31.75
55235,15235,Road,2025-03-29,Delivered,17.4
55236,15236,Air,2025-03-22,Delayed,48.95
55237,15237,Air,2025-02-15,Delivered,36.44
55238,15238,Rail,2025-09-27,Delivered,30.1
55239,15239,Rail,2025-06-13,Delayed,19.43
55240,15240,Road,2025-02-21,Delivered,5.23
55241,15241,Road,2025-08-22,Delivered,29.27
55242,15242,Road,2025-08-18,Delivered,25.56
55243,15243,Air,2025-08-31,Delivered,8.32
55244,15244,Rail,2025-07-06,Delivered,41.66
55245,15245,Air,2025-10-17,Delivered,9.23
55246,15246,Road,2025-07-16,Delivered,35.51
55247,15247,Rail,2025-10-31,Delivered,35.35
55248,15248,Air,2025-04-14,Delivered,37.78
55249,15249,Rail,2025-06-22,Delayed,37.66
55250,15250,Air,2025-09-11,Delivered,49.14
55251,15251,Rail,2025-06-12,Delayed,26.03
55252,15252,Road,2025-02-20,Delivered,22.26
55253,15253,Air,2025-08-04,Delivered,42.52
55254,15254,Air,2025-02-10,Delivered,26.83
55255,15255,Rail,2025-11-05,Delivered,5.31
55256,15256,Air,2025-03-10,Delivered,43.09
55257,15257,Air,2025-02-15,Delivered,19.75
55258,15258,Road,2025-12-27,Delivered,38.77
55259,15259,Air,2025-05-13,Delivered,30.89
55260,15260,Road,2025-01-28,Delayed,23.09
55261,15261,Air,2025-11-01,Delivered,46.29
55262,15262,Road,2025-10-03,Delayed,28.19
55263,15263,Road,2025-10-25,Delayed,34.7
55264,15264,Road,2025-11-28,Delayed,42.7
55265,15265,Air,2025-08-28,Delivered,7.97
55266,15266,Rail,2025-12-05,Delivered,34.57
55267,15267,Rail,2025-08-01,Delayed,46.56
55268,15268,Road,2025-08-05,Delivered,8.22
55269,15269,Air,2025-02-02,Delivered,15.52
55270,15270,Rail,2025-08-26,Delayed,41.44
55271,15271,Rail,2025-07-11,Delivered,22.44
55272,15272,Road,2025-09-05,Delayed,43.97
55273,15273,Road,2025-06-22,Delivered,23.7
55274,15274,Rail,2025-02-02,Delayed,11.73
55275,15275,Rail,2025-12-29,Delivered,5.77
55276,15276,Road,2025-12-06,Delivered,11.74
55277,15277,Rail,2025-03-23,Delivered,14.2
55278,15278,Air,2025-03-25,Delivered,9.03
55279,15279,Rail,2025-09-24,Delayed,7.48
55280,15280,Rail,2025-02-25,Delivered,6.61
55281,15281,Air,2025-01-26,Delivered,12.74
55282,15282,Road,2025-03-18,Delivered,6.76
55283,15283,Rail,2025-09-24,Delivered,24.36
55284,15284,Air,2025-07-26,Delayed,10.52
55285,15285,Rail,2025-12-12,Delivered,36.97
55286,15286,Air,2025-04-25,Delivered,28.6
55287,15287,Rail,2025-02-27,Delivered,7.45
55288,15288,Rail,2025-11-29,Delivered,38.12
55289,15289,Air,2025-03-05,Delayed,32.31
55290,15290,Rail,2025-07-02,Delivered,14.31
55291,15291,Road,2026-01-01,Delayed,34.59
55292,15292,Road,2025-09-04,Delivered,24.93
55293,15293,Rail,2025-05-08,Delayed,35.68
55294,15294,Air,2025-06-01,Delivered,14.57
55295,15295,Road,2025-03-31,Delivered,26.36
55296,15296,Rail,2025-10-23,Delivered,20.47
55297,15297,Air,2025-05-04,Delivered,17.66
55298,15298,Air,2025-10-22,Delivered,36.98
55299,15299,Air,2025-01-12,Delivered,23.55
55300,15300,Road,2025-03-04,Delivered,35.09
55301,15301,Road,2025-01-24,Delivered,24.31
55302,15302,Rail,2025-07-21,Delayed,6.22
55303,15303,Rail,2025-09-01,Delayed,34.46
55304,15304,Road,2025-10-29,Delayed,47.83
55305,15305,Road,2025-08-25,Delivered,32.93
55306,15306,Air,2025-11-28,Delayed,31.8
55307,15307,Road,2025-03-30,Delivered,25.78
55308,15308,Air,2025-05-20,Delivered,28.74
55309,15309,Road,2025-04-27,Delayed,45.71
55310,15310,Air,2025-10-06,Delivered,32.87
55311,15311,Road,2025-02-10,Delayed,30.23
55312,15312,Road,2025-08-21,Delivered,32.51
55313,15313,Rail,2025-09-27,Delayed,33.38
55314,15314,Air,2025-05-25,Delivered,45.55
55315,15315,Rail,2025-08-22,Delivered,37.65
55316,15316,Rail,2025-11-11,Delayed,45.47
55317,15317,Air,2025-10-07,Delivered,49.36
55318,15318,Rail,2025-10-03,Delivered,11.62
55319,15319,Rail,2025-07-05,Delivered,28.82
55320,15320,Rail,2025-08-18,Delivered,8.23
55321,15321,Road,2025-09-08,Delivered,18.55
55322,15322,Air,2025-06-14,Delivered,45.34
55323,15323,Air,2025-11-05,Delivered,43.18
55324,15324,Air,2025-04-12,Delivered,13.1
55325,15325,Road,2025-01-26,Delayed,41.28
55326,15326,Road,2025-07-09,Delayed,26.64
55327,15327,Rail,2025-05-01,Delayed,22.18
55328,15328,Rail,2025-10-14,Delivered,39.28
55329,15329,Air,2025-10-04,Delayed,32.11
55330,15330,Rail,2025-09-09,Delivered,22.45
55331,15331,Rail,2025-09-23,Delivered,23.45
55332,15332,Rail,2025-08-06,Delivered,32.51
55333,15333,Air,2025-09-08,Delivered,6.08
55334,15334,Rail,2025-12-22,Delayed,17.21
55335,15335,Road,2025-01-24,Delivered,22.65
55336,15336,Road,2025-12-05,Delivered,33.45
55337,15337,Road,2025-09-28,Delivered,22.0
55338,15338,Road,2025-10-25,Delivered,30.07
55339,15339,Air,2025-10-18,Delivered,33.33
55340,15340,Air,2025-09-27,Delayed,28.31
55341,15341,Rail,2025-07-07,Delivered,31.35
55342,15342,Air,2025-10-01,Delayed,22.99
55343,15343,Air,2025-10-14,Delivered,47.48
55344,15344,Road,2025-11-13,Delivered,22.01
55345,15345,Air,2025-09-09,Delivered,32.33
55346,15346,Air,2025-08-15,Delivered,11.84
55347,15347,Road,2025-11-18,Delivered,8.95
55348,15348,Rail,2025-10-14,Delayed,5.9
55349,15349,Air,2025-01-15,Delivered,17.55
55350,15350,Rail,2025-10-17,Delivered,40.96
55351,15351,Rail,2025-09-29,Delayed,7.44
55352,15352,Air,2025-01-22,Delayed,33.82
55353,15353,Rail,2025-02-12,Delivered,8.09
55354,15354,Air,2025-08-24,Delivered,32.6
55355,15355,Road,2025-03-05,Delayed,48.02
55356,15356,Road,2025-05-08,Delivered,39.91
55357,15357,Road,2025-03-10,Delayed,22.94
55358,15358,Air,2025-10-19,Delivered,30.29
55359,15359,Air,2025-06-04,Delivered,30.28
55360,15360,Rail,2025-12-20,Delivered,13.62
55361,15361,Air,2025-11-27,Delivered,8.95
55362,15362,Rail,2025-08-25,Delivered,34.51
55363,15363,Air,2025-07-03,Delivered,43.14
55364,15364,Rail,2025-12-25,Delivered,6.08
55365,15365,Road,2025-10-28,Delivered,23.56
55366,15366,Rail,2025-04-02,Delayed,20.71
55367,15367,Air,2025-11-14,Delivered,5.33
55368,15368,Road,2025-03-02,Delivered,41.54
55369,15369,Rail,2025-01-24,Delayed,38.94
55370,15370,Air,2025-05-08,Delivered,15.97
55371,15371,Air,2025-07-07,Delivered,19.87
55372,15372,Rail,2025-05-26,Delivered,46.78
55373,15373,Air,2025-04-07,Delivered,49.15
55374,15374,Air,2025-09-12,Delivered,5.38
55375,15375,Air,2025-01-10,Delayed,33.3
55376,15376,Rail,2025-01-26,Delivered,37.77
55377,15377,Air,2025-04-30,Delivered,5.31
55378,15378,Road,2025-11-18,Delivered,45.14
55379,15379,Air,2025-08-06,Delivered,7.01
55380,15380,Rail,2025-05-04,Delayed,30.82
55381,15381,Road,2025-08-30,Delayed,36.79
55382,15382,Rail,2025-12-28,Delayed,30.18
55383,15383,Road,2025-07-13,Delivered,24.57
55384,15384,Road,2025-03-26,Delivered,22.88
55385,15385,Air,2025-01-15,Delivered,16.57
55386,15386,Rail,2025-09-22,Delivered,7.82
55387,15387,Air,2025-03-18,Delivered,48.26
55388,15388,Rail,2025-02-24,Delivered,32.86
55389,15389,Air,2025-06-16,Delayed,24.49
55390,15390,Road,2025-06-11,Delivered,24.27
55391,15391,Road,2025-09-24,Delivered,38.43
55392,15392,Air,2025-08-22,Delivered,48.44
55393,15393,Air,2025-09-06,Delivered,44.28
55394,15394,Air,2025-10-10,Delivered,31.83
55395,15395,Air,2025-12-05,Delivered,49.33
55396,15396,Rail,2025-11-26,Delivered,41.3
55397,15397,Air,2025-08-25,Delivered,47.32
55398,15398,Rail,2025-12-18,Delivered,38.09
55399,15399,Air,2025-01-10,Delayed,43.85
55400,15400,Rail,2025-03-08,Delivered,9.64
55401,15401,Road,2025-03-11,Delivered,25.81
55402,15402,Road,2025-07-11,Delivered,39.5
55403,15403,Rail,2025-09-28,Delayed,12.76
55404,15404,Rail,2025-10-16,Delivered,34.59
55405,15405,Road,2025-04-07,Delayed,26.16
55406,15406,Rail,2025-03-08,Delivered,38.25
55407,15407,Rail,2025-05-04,Delivered,6.57
55408,15408,Rail,2025-01-15,Delivered,39.07
55409,15409,Rail,2025-02-08,Delivered,12.77
55410,15410,Air,2025-12-18,Delayed,48.13
55411,15411,Air,2025-07-01,Delayed,12.87
55412,15412,Rail,2025-05-19,Delivered,12.03
55413,15413,Rail,2025-10-11,Delayed,29.96
55414,15414,Air,2025-03-30,Delivered,7.43
55415,15415,Rail,2025-01-30,Delivered,14.11
55416,15416,Road,2026-01-03,Delivered,42.19
55417,15417,Road,2025-07-20,Delayed,6.97
55418,15418,Road,2025-02-14,Delivered,48.6
55419,15419,Air,2025-08-27,Delayed,5.82
55420,15420,Air,2025-02-26,Delivered,21.87
55421,15421,Road,2025-10-11,Delayed,46.79
55422,15422,Rail,2025-02-27,Delivered,28.39
55423,15423,Air,2025-07-02,Delivered,6.29
55424,15424,Air,2025-05-29,Delivered,13.76
55425,15425,Road,2025-12-28,Delivered,16.16
55426,15426,Air,2025-09-08,Delivered,38.52
55427,15427,Air,2025-05-04,Delayed,33.21
55428,15428,Road,2025-09-01,Delayed,41.54
55429,15429,Road,2025-10-22,Delayed,27.29
55430,15430,Road,2025-11-17,Delivered,5.36
55431,15431,Road,2025-12-12,Delivered,14.54
55432,15432,Air,2025-11-16,Delivered,13.08
55433,15433,Air,2025-10-23,Delivered,16.85
55434,15434,Road,2025-09-09,Delivered,33.71
55435,15435,Rail,2025-05-14,Delayed,34.52
55436,15436,Road,2025-10-24,Delivered,13.33
55437,15437,Air,2025-11-28,Delivered,41.73
55438,15438,Road,2025-07-12,Delivered,26.15
55439,15439,Air,2025-11-10,Delivered,31.76
55440,15440,Air,2025-10-20,Delivered,32.55
55441,15441,Rail,2025-12-23,Delivered,39.82
55442,15442,Road,2025-10-31,Delivered,40.82
55443,15443,Road,2025-03-17,Delivered,46.78
55444,15444,Air,2025-04-22,Delivered,8.35
55445,15445,Rail,2025-11-12,Delivered,7.51
55446,15446,Air,2025-01-28,Delivered,9.69
55447,15447,Road,2025-03-19,Delayed,9.53
55448,15448,Road,2025-06-14,Delivered,21.23
55449,15449,Road,2025-10-21,Delivered,46.9
55450,15450,Rail,2025-11-20,Delivered,12.76
55451,15451,Air,2025-06-19,Delivered,46.39
55452,15452,Rail,2025-07-08,Delivered,29.45
55453,15453,Road,2025-03-19,Delivered,26.11
55454,15454,Road,2025-07-06,Delayed,47.85
55455,15455,Road,2025-11-12,Delayed,26.38
55456,15456,Air,2025-01-18,Delivered,41.29
55457,15457,Road,2025-06-13,Delivered,38.01
55458,15458,Road,2025-11-16,Delivered,28.3
55459,15459,Rail,2025-07-24,Delivered,24.09
55460,15460,Rail,2025-10-17,Delivered,26.53
55461,15461,Rail,2025-01-19,Delivered,40.82
55462,15462,Air,2025-11-24,Delivered,10.23
55463,15463,Road,2025-06-29,Delivered,28.42
55464,15464,Road,2025-01-19,Delivered,21.26
55465,15465,Air,2025-12-25,Delivered,13.61
55466,15466,Road,2025-05-25,Delivered,40.52
55467,15467,Road,2025-09-22,Delayed,9.77
55468,15468,Air,2025-08-07,Delivered,34.21
55469,15469,Road,2025-12-17,Delivered,39.9
55470,15470,Air,2025-11-12,Delivered,19.6
55471,15471,Road,2025-05-18,Delivered,14.23
55472,15472,Rail,2025-02-27,Delivered,19.8
55473,15473,Road,2025-11-27,Delivered,26.77
55474,15474,Road,2025-09-11,Delayed,29.39
55475,15475,Rail,2025-10-12,Delivered,15.76
55476,15476,Road,2025-09-16,Delayed,9.89
55477,15477,Air,2025-06-10,Delivered,21.57
55478,15478,Air,2025-01-06,Delivered,13.18
55479,15479,Air,2025-12-31,Delivered,14.74
55480,15480,Air,2025-09-23,Delivered,46.34
55481,15481,Rail,2025-08-10,Delivered,19.84
55482,15482,Air,2025-04-18,Delayed,15.58
55483,15483,Air,2025-03-23,Delivered,19.39
55484,15484,Road,2025-05-01,Delivered,41.77
55485,15485,Rail,2025-01-13,Delayed,5.39
55486,15486,Air,2025-10-03,Delivered,24.18
55487,15487,Air,2025-05-05,Delivered,7.41
55488,15488,Road,2025-06-23,Delivered,5.68
55489,15489,Rail,2025-09-25,Delivered,18.52
55490,15490,Rail,2025-02-13,Delayed,24.55
55491,15491,Rail,2025-02-23,Delivered,11.68
55492,15492,Air,2025-05-26,Delivered,17.6
55493,15493,Air,2025-08-11,Delivered,36.65
55494,15494,Rail,2025-04-19,Delayed,27.0
55495,15495,Air,2025-10-05,Delivered,38.65
55496,15496,Rail,2025-10-26,Delivered,10.71
55497,15497,Rail,2025-04-11,Delivered,11.45
55498,15498,Rail,2025-12-03,Delivered,26.6
55499,15499,Road,2025-08-30,Delayed,41.18
55500,15500,Air,2025-03-20,Delayed,28.9
55501,15501,Road,2025-06-30,Delivered,47.97
55502,15502,Road,2025-10-11,Delivered,5.44
55503,15503,Air,2025-09-21,Delayed,12.09
55504,15504,Rail,2025-07-22,Delivered,41.9
55505,15505,Air,2025-01-11,Delivered,6.73
55506,15506,Rail,2025-08-12,Delivered,5.29
55507,15507,Road,2025-03-12,Delivered,10.63
55508,15508,Rail,2025-12-25,Delivered,14.35
55509,15509,Rail,2025-05-23,Delayed,33.19
55510,15510,Air,2025-04-08,Delivered,44.05
55511,15511,Air,2025-05-04,Delivered,39.66
55512,15512,Road,2025-02-23,Delivered,21.11
55513,15513,Rail,2025-04-05,Delivered,13.4
55514,15514,Road,2025-01-17,Delayed,39.94
55515,15515,Road,2025-05-09,Delayed,28.73
55516,15516,Road,2025-03-13,Delayed,22.82
55517,15517,Air,2025-11-06,Delivered,31.22
55518,15518,Rail,2025-05-14,Delivered,7.39
55519,15519,Rail,2025-11-06,Delayed,16.78
55520,15520,Road,2025-03-18,Delivered,27.84
55521,15521,Air,2025-06-06,Delayed,13.46
55522,15522,Road,2025-05-26,Delayed,32.6
55523,15523,Rail,2025-03-05,Delivered,27.86
55524,15524,Road,2025-10-21,Delivered,40.03
55525,15525,Road,2025-12-24,Delivered,35.55
55526,15526,Rail,2025-07-18,Delivered,29.76
55527,15527,Rail,2025-05-11,Delivered,29.18
55528,15528,Road,2025-02-05,Delivered,26.39
55529,15529,Air,2025-06-21,Delivered,46.35
55530,15530,Rail,2025-06-18,Delivered,34.75
55531,15531,Rail,2025-09-24,Delivered,46.12
55532,15532,Rail,2025-03-13,Delivered,14.6
55533,15533,Air,2025-11-05,Delivered,16.25
55534,15534,Air,2025-02-11,Delayed,40.74
55535,15535,Air,2025-04-02,Delivered,5.28
55536,15536,Road,2025-06-16,Delivered,11.37
55537,15537,Air,2025-12-20,Delivered,22.66
55538,15538,Rail,2025-07-22,Delayed,23.57
55539,15539,Rail,2025-05-20,Delivered,12.49
55540,15540,Air,2025-05-26,Delivered,44.49
55541,15541,Air,2025-09-21,Delivered,5.31
55542,15542,Rail,2025-02-12,Delivered,45.3
55543,15543,Road,2025-01-22,Delivered,36.69
55544,15544,Rail,2025-05-07,Delayed,20.43
55545,15545,Road,2025-03-23,Delivered,42.58
55546,15546,Road,2025-05-29,Delivered,41.26
55547,15547,Rail,2025-07-07,Delivered,48.13
55548,15548,Air,2025-07-16,Delivered,9.36
55549,15549,Rail,2025-02-19,Delayed,25.74
55550,15550,Rail,2025-10-24,Delayed,32.85
55551,15551,Road,2025-02-04,Delivered,42.15
55552,15552,Rail,2025-06-08,Delivered,10.95
55553,15553,Rail,2025-05-14,Delayed,17.63
55554,15554,Rail,2025-05-20,Delayed,39.04
55555,15555,Road,2025-02-06,Delivered,40.05
55556,15556,Road,2025-10-14,Delivered,21.08
55557,15557,Air,2025-10-04,Delivered,11.65
55558,15558,Road,2025-10-07,Delivered,43.81
55559,15559,Rail,2025-06-21,Delayed,14.17
55560,15560,Rail,2025-10-28,Delivered,47.36
55561,15561,Rail,2025-03-18,Delayed,19.99
55562,15562,Air,2025-05-14,Delivered,14.15
55563,15563,Road,2025-10-03,Delivered,45.64
55564,15564,Air,2025-04-08,Delivered,28.03
55565,15565,Rail,2025-05-18,Delivered,48.34
55566,15566,Air,2025-07-29,Delivered,8.29
55567,15567,Road,2025-10-15,Delivered,29.29
55568,15568,Air,2025-04-08,Delayed,25.46
55569,15569,Rail,2025-12-26,Delivered,39.96
55570,15570,Rail,2025-11-28,Delivered,5.79
55571,15571,Road,2025-03-04,Delivered,35.91
55572,15572,Road,2025-07-15,Delayed,40.14
55573,15573,Road,2025-05-30,Delivered,30.46
55574,15574,Road,2025-07-20,Delivered,22.04
55575,15575,Road,2025-09-09,Delivered,22.13
55576,15576,Rail,2025-11-20,Delivered,39.09
55577,15577,Rail,2025-01-16,Delivered,23.32
55578,15578,Rail,2025-05-29,Delivered,15.39
55579,15579,Air,2025-08-01,Delivered,46.31
55580,15580,Rail,2025-09-19,Delivered,22.69
55581,15581,Air,2025-01-24,Delayed,7.85
55582,15582,Air,2025-11-15,Delayed,48.81
55583,15583,Road,2025-05-01,Delivered,26.65
55584,15584,Air,2025-06-30,Delivered,24.57
55585,15585,Rail,2025-06-08,Delivered,38.38
55586,15586,Air,2025-08-03,Delivered,49.83
55587,15587,Rail,2025-02-28,Delivered,37.69
55588,15588,Air,2025-12-24,Delayed,47.49
55589,15589,Air,2025-09-18,Delivered,40.32
55590,15590,Air,2025-02-20,Delivered,14.08
55591,15591,Air,2025-08-22,Delayed,29.3
55592,15592,Air,2025-12-16,Delivered,12.9
55593,15593,Road,2025-03-26,Delivered,16.78
55594,15594,Air,2025-08-21,Delayed,19.31
55595,15595,Rail,2025-05-25,Delayed,45.5
55596,15596,Rail,2025-08-03,Delayed,17.83
55597,15597,Air,2025-08-05,Delayed,37.37
55598,15598,Air,2025-05-19,Delayed,33.91
55599,15599,Road,2025-08-18,Delivered,34.3
55600,15600,Rail,2025-12-26,Delivered,6.63
55601,15601,Road,2025-09-26,Delivered,22.29
55602,15602,Rail,2025-06-22,Delayed,13.07
55603,15603,Road,2025-06-09,Delivered,22.67
55604,15604,Road,2025-03-04,Delivered,31.86
55605,15605,Road,2025-08-22,Delivered,14.53
55606,15606,Air,2025-02-13,Delivered,28.12
55607,15607,Road,2025-06-08,Delivered,18.94
55608,15608,Road,2025-04-20,Delivered,19.32
55609,15609,Rail,2025-10-20,Delayed,40.41
55610,15610,Air,2025-02-09,Delivered,37.15
55611,15611,Rail,2025-06-29,Delivered,25.57
55612,15612,Air,2025-03-04,Delivered,11.45
55613,15613,Rail,2025-03-04,Delayed,29.69
55614,15614,Air,2025-02-25,Delayed,17.25
55615,15615,Air,2025-04-27,Delivered,43.97
55616,15616,Road,2025-03-13,Delivered,44.42
55617,15617,Air,2025-08-21,Delivered,26.6
55618,15618,Road,2025-04-04,Delivered,9.4
55619,15619,Road,2025-12-31,Delayed,11.86
55620,15620,Road,2025-02-28,Delivered,20.05
55621,15621,Rail,2025-03-12,Delivered,46.51
55622,15622,Road,2025-09-25,Delayed,39.13
55623,15623,Rail,2025-07-07,Delayed,14.9
55624,15624,Air,2025-12-02,Delivered,33.79
55625,15625,Road,2025-11-19,Delivered,10.39
55626,15626,Air,2025-12-21,Delayed,47.89
55627,15627,Road,2025-06-09,Delayed,11.62
55628,15628,Rail,2025-05-18,Delivered,27.6
55629,15629,Air,2025-03-07,Delivered,21.17
55630,15630,Road,2025-01-10,Delivered,23.71
55631,15631,Rail,2025-10-02,Delivered,42.44
55632,15632,Air,2025-12-07,Delivered,13.33
55633,15633,Road,2025-05-12,Delivered,7.29
55634,15634,Air,2025-05-27,Delivered,31.72
55635,15635,Road,2025-12-27,Delivered,32.84
55636,15636,Road,2025-11-25,Delivered,30.8
55637,15637,Air,2025-02-06,Delivered,7.7
55638,15638,Rail,2025-09-07,Delivered,27.79
55639,15639,Rail,2025-08-16,Delivered,11.71
55640,15640,Road,2025-09-16,Delivered,28.91
55641,15641,Road,2025-11-22,Delayed,16.74
55642,15642,Road,2025-03-23,Delayed,34.53
55643,15643,Rail,2025-02-14,Delayed,27.36
55644,15644,Rail,2025-02-26,Delivered,14.7
55645,15645,Road,2025-07-24,Delivered,28.34
55646,15646,Air,2025-07-19,Delivered,44.58
55647,15647,Air,2025-08-16,Delivered,40.47
55648,15648,Road,2025-10-05,Delayed,10.73
55649,15649,Rail,2025-02-08,Delivered,31.96
55650,15650,Rail,2025-05-27,Delivered,48.06
55651,15651,Rail,2025-07-10,Delivered,9.93
55652,15652,Air,2025-03-26,Delivered,16.52
55653,15653,Rail,2025-02-22,Delivered,41.4
55654,15654,Air,2025-11-16,Delayed,28.95
55655,15655,Road,2025-06-11,Delivered,25.98
55656,15656,Air,2025-10-11,Delivered,33.12
55657,15657,Rail,2025-12-13,Delivered,33.06
55658,15658,Rail,2025-08-20,Delivered,45.4
55659,15659,Air,2025-08-01,Delayed,16.93
55660,15660,Rail,2025-05-27,Delayed,21.74
55661,15661,Road,2025-10-10,Delivered,5.31
55662,15662,Rail,2025-11-17,Delivered,13.0
55663,15663,Rail,2025-06-18,Delivered,23.84
55664,15664,Rail,2025-05-27,Delivered,22.44
55665,15665,Rail,2025-06-16,Delivered,38.23
55666,15666,Rail,2025-08-22,Delivered,41.64
55667,15667,Air,2025-03-15,Delayed,37.41
55668,15668,Road,2025-07-14,Delivered,5.84
55669,15669,Rail,2025-12-22,Delivered,36.26
55670,15670,Road,2025-02-21,Delayed,22.74
55671,15671,Rail,2025-02-01,Delivered,17.27
55672,15672,Rail,2025-03-31,Delivered,21.74
55673,15673,Road,2025-04-06,Delivered,12.35
55674,15674,Road,2025-08-25,Delayed,27.08
55675,15675,Air,2025-07-19,Delivered,5.42
55676,15676,Air,2025-04-21,Delivered,28.36
55677,15677,Air,2025-07-23,Delayed,44.16
55678,15678,Rail,2025-01-10,Delivered,47.91
55679,15679,Road,2025-03-04,Delivered,33.34
55680,15680,Rail,2025-11-12,Delivered,34.17
55681,15681,Rail,2025-03-09,Delivered,44.37
55682,15682,Rail,2025-06-12,Delivered,30.5
55683,15683,Rail,2025-02-26,Delivered,33.5
55684,15684,Rail,2025-03-28,Delivered,5.55
55685,15685,Air,2025-03-09,Delayed,17.95
55686,15686,Road,2025-07-25,Delivered,42.06
55687,15687,Air,2025-02-18,Delivered,43.61
55688,15688,Rail,2025-03-08,Delivered,27.59
55689,15689,Road,2025-07-04,Delivered,30.64
55690,15690,Rail,2025-05-31,Delivered,21.06
55691,15691,Rail,2025-01-24,Delivered,42.4
55692,15692,Rail,2025-11-23,Delayed,44.25
55693,15693,Air,2025-04-21,Delivered,21.42
55694,15694,Air,2025-06-27,Delivered,48.17
55695,15695,Air,2025-11-22,Delivered,49.92
55696,15696,Rail,2025-09-10,Delivered,8.63
55697,15697,Rail,2025-06-07,Delivered,39.06
55698,15698,Road,2025-03-20,Delayed,27.28
55699,15699,Rail,2025-02-09,Delayed,21.37
55700,15700,Road,2025-02-03,Delayed,8.62
55701,15701,Road,2025-03-29,Delivered,23.41
55702,15702,Rail,2025-08-08,Delivered,47.41
55703,15703,Road,2025-03-16,Delayed,25.01
55704,15704,Road,2025-07-23,Delivered,5.87
55705,15705,Road,2025-08-24,Delivered,30.09
55706,15706,Rail,2025-05-17,Delivered,37.05
55707,15707,Rail,2025-11-22,Delayed,30.71
55708,15708,Air,2025-10-14,Delivered,5.46
55709,15709,Rail,2025-09-17,Delivered,29.05
55710,15710,Road,2025-01-15,Delivered,46.36
55711,15711,Road,2025-10-22,Delivered,32.82
55712,15712,Rail,2025-02-07,Delivered,5.52
55713,15713,Road,2025-08-09,Delivered,26.89
55714,15714,Road,2025-03-28,Delivered,40.29
55715,15715,Rail,2025-09-18,Delivered,33.36
55716,15716,Air,2026-01-02,Delivered,17.67
55717,15717,Rail,2025-09-10,Delivered,25.16
55718,15718,Rail,2025-05-23,Delivered,32.29
55719,15719,Road,2025-01-18,Delayed,8.45
55720,15720,Road,2025-04-30,Delivered,8.78
55721,15721,Rail,2025-12-25,Delivered,9.22
55722,15722,Air,2025-05-12,Delivered,26.63
55723,15723,Air,2025-06-04,Delivered,27.33
55724,15724,Road,2025-10-23,Delayed,23.12
55725,15725,Air,2025-11-30,Delivered,10.64
55726,15726,Rail,2025-08-05,Delivered,38.29
55727,15727,Rail,2025-02-28,Delivered,16.92
55728,15728,Air,2025-03-20,Delivered,22.98
55729,15729,Rail,2026-01-03,Delayed,47.95
55730,15730,Rail,2025-08-21,Delivered,6.57
55731,15731,Air,2025-12-12,Delayed,18.35
55732,15732,Rail,2025-06-17,Delivered,6.29
55733,15733,Rail,2025-10-25,Delivered,9.98
55734,15734,Air,2025-05-15,Delivered,7.9
55735,15735,Road,2025-02-17,Delivered,24.23
55736,15736,Air,2025-08-21,Delivered,27.03
55737,15737,Air,2025-02-04,Delivered,6.68
55738,15738,Rail,2025-04-14,Delivered,28.45
55739,15739,Road,2025-10-21,Delayed,7.08
55740,15740,Air,2025-09-03,Delivered,42.85
55741,15741,Road,2026-01-05,Delivered,44.84
55742,15742,Air,2025-07-18,Delivered,48.71
55743,15743,Road,2025-08-06,Delivered,37.26
55744,15744,Air,2025-04-19,Delivered,18.23
55745,15745,Road,2025-07-30,Delayed,18.07
55746,15746,Rail,2025-08-31,Delivered,41.87
55747,15747,Air,2025-03-31,Delivered,39.97
55748,15748,Road,2025-12-18,Delayed,22.66
55749,15749,Air,2025-07-23,Delivered,30.75
55750,15750,Road,2025-12-10,Delayed,14.27
55751,15751,Road,2025-06-02,Delivered,22.95
55752,15752,Air,2025-02-19,Delivered,11.21
55753,15753,Rail,2025-03-16,Delivered,7.51
55754,15754,Rail,2025-07-25,Delayed,7.02
55755,15755,Rail,2025-11-11,Delivered,17.53
55756,15756,Air,2025-01-16,Delivered,42.81
55757,15757,Air,2025-07-16,Delayed,16.67
55758,15758,Air,2025-10-03,Delivered,35.76
55759,15759,Road,2025-08-30,Delayed,8.1
55760,15760,Road,2025-09-11,Delivered,17.46
55761,15761,Road,2025-06-22,Delivered,48.08
55762,15762,Road,2025-04-09,Delayed,24.97
55763,15763,Road,2025-06-07,Delayed,30.63
55764,15764,Air,2025-03-27,Delivered,35.11
55765,15765,Air,2025-03-24,Delivered,38.22
55766,15766,Air,2025-09-27,Delivered,35.92
55767,15767,Air,2025-07-12,Delivered,48.7
55768,15768,Road,2025-09-05,Delayed,38.07
55769,15769,Rail,2025-05-16,Delayed,12.48
55770,15770,Road,2025-06-19,Delivered,5.67
55771,15771,Rail,2025-02-05,Delayed,6.87
55772,15772,Road,2025-12-03,Delivered,16.77
55773,15773,Air,2025-10-09,Delivered,16.24
55774,15774,Air,2025-03-13,Delivered,46.92
55775,15775,Rail,2025-11-20,Delivered,19.77
55776,15776,Air,2025-02-13,Delivered,10.55
55777,15777,Road,2025-05-26,Delivered,41.69
55778,15778,Air,2025-09-26,Delivered,29.8
55779,15779,Road,2025-12-31,Delivered,15.36
55780,15780,Road,2025-04-24,Delivered,6.75
55781,15781,Air,2025-03-31,Delayed,46.6
55782,15782,Road,2025-05-02,Delivered,34.66
55783,15783,Rail,2025-04-15,Delayed,46.53
55784,15784,Rail,2025-10-10,Delayed,24.83
55785,15785,Road,2025-09-22,Delivered,14.28
55786,15786,Air,2025-02-23,Delivered,10.83
55787,15787,Road,2025-06-29,Delivered,44.56
55788,15788,Road,2025-09-17,Delivered,28.65
55789,15789,Rail,2025-09-18,Delivered,9.25
55790,15790,Rail,2025-03-04,Delivered,47.05
55791,15791,Rail,2025-12-05,Delayed,16.86
55792,15792,Air,2025-06-03,Delivered,6.6
55793,15793,Air,2025-04-21,Delayed,38.6
55794,15794,Road,2025-02-22,Delayed,14.63
55795,15795,Air,2025-01-24,Delayed,29.6
55796,15796,Rail,2025-04-21,Delayed,37.61
55797,15797,Rail,2025-10-24,Delivered,37.0
55798,15798,Rail,2025-08-26,Delivered,12.38
55799,15799,Air,2025-12-06,Delivered,48.14
55800,15800,Rail,2025-06-15,Delivered,38.27
55801,15801,Rail,2025-02-01,Delivered,22.78
55802,15802,Road,2025-07-21,Delivered,23.55
55803,15803,Rail,2025-11-05,Delivered,33.33
55804,15804,Road,2025-08-24,Delivered,35.61
55805,15805,Air,2025-05-01,Delayed,28.73
55806,15806,Rail,2025-12-29,Delivered,16.44
55807,15807,Road,2025-09-30,Delivered,33.38
55808,15808,Rail,2025-09-28,Delayed,8.56
55809,15809,Road,2025-03-22,Delivered,46.63
55810,15810,Air,2025-07-16,Delayed,27.85
55811,15811,Road,2025-09-26,Delivered,28.89
55812,15812,Road,2025-03-15,Delivered,14.5
55813,15813,Air,2025-04-24,Delayed,37.24
55814,15814,Rail,2025-07-12,Delivered,36.09
55815,15815,Road,2025-05-22,Delivered,33.64
55816,15816,Rail,2025-05-09,Delivered,21.8
55817,15817,Air,2025-10-07,Delivered,33.47
55818,15818,Rail,2025-08-11,Delayed,39.95
55819,15819,Air,2025-04-11,Delivered,12.7
55820,15820,Air,2025-10-01,Delivered,44.9
55821,15821,Air,2025-04-23,Delivered,38.16
55822,15822,Rail,2025-09-09,Delivered,29.14
55823,15823,Air,2025-07-12,Delivered,19.41
55824,15824,Air,2025-10-20,Delivered,21.98
55825,15825,Road,2025-08-22,Delivered,21.96
55826,15826,Air,2025-06-02,Delivered,42.8
55827,15827,Air,2025-10-12,Delivered,34.3
55828,15828,Air,2025-04-02,Delivered,6.57
55829,15829,Air,2026-01-05,Delivered,5.33
55830,15830,Road,2025-02-19,Delayed,38.57
55831,15831,Road,2025-05-22,Delivered,26.89
55832,15832,Rail,2025-10-02,Delayed,49.81
55833,15833,Road,2025-10-19,Delivered,23.68
55834,15834,Air,2025-07-25,Delivered,38.28
55835,15835,Rail,2025-03-29,Delayed,14.13
55836,15836,Rail,2025-08-20,Delayed,23.1
55837,15837,Road,2025-06-23,Delivered,13.95
55838,15838,Air,2025-12-09,Delivered,32.0
55839,15839,Rail,2025-04-15,Delivered,5.12
55840,15840,Air,2025-10-05,Delivered,34.92
55841,15841,Rail,2025-10-20,Delivered,42.09
55842,15842,Road,2025-01-31,Delayed,18.14
55843,15843,Road,2025-10-17,Delivered,20.13
55844,15844,Air,2025-03-14,Delayed,15.92
55845,15845,Road,2025-08-20,Delivered,14.1
55846,15846,Road,2025-06-18,Delivered,17.53
55847,15847,Rail,2025-02-06,Delivered,24.21
55848,15848,Rail,2025-08-19,Delayed,34.2
55849,15849,Rail,2025-06-25,Delayed,41.27
55850,15850,Road,2025-03-04,Delivered,8.53
55851,15851,Road,2025-10-04,Delivered,45.8
55852,15852,Rail,2025-03-03,Delivered,40.87
55853,15853,Air,2025-07-29,Delivered,24.36
55854,15854,Road,2025-10-31,Delivered,19.86
55855,15855,Air,2025-10-22,Delivered,43.35
55856,15856,Air,2025-09-24,Delivered,37.25
55857,15857,Road,2025-06-06,Delayed,41.24
55858,15858,Air,2025-01-21,Delivered,32.51
55859,15859,Air,2025-05-28,Delivered,25.94
55860,15860,Rail,2025-02-23,Delivered,25.14
55861,15861,Road,2025-04-24,Delivered,19.1
55862,15862,Air,2025-09-21,Delivered,7.99
55863,15863,Air,2025-01-05,Delayed,35.09
55864,15864,Road,2025-11-16,Delayed,40.54
55865,15865,Rail,2025-08-06,Delayed,8.38
55866,15866,Air,2025-02-19,Delivered,44.93
55867,15867,Air,2025-10-05,Delayed,20.19
55868,15868,Road,2025-01-14,Delayed,29.02
55869,15869,Road,2025-04-12,Delayed,9.19
55870,15870,Air,2025-01-26,Delayed,24.41
55871,15871,Air,2025-04-28,Delivered,22.53
55872,15872,Road,2025-07-19,Delivered,12.42
55873,15873,Rail,2025-04-24,Delivered,16.5
55874,15874,Rail,2025-03-22,Delayed,7.43
55875,15875,Air,2025-09-06,Delivered,35.81
55876,15876,Air,2025-12-10,Delayed,5.26
55877,15877,Road,2025-06-12,Delivered,15.43
55878,15878,Rail,2025-04-05,Delivered,45.12
55879,15879,Road,2025-01-11,Delivered,33.28
55880,15880,Rail,2025-08-06,Delivered,45.05
55881,15881,Rail,2025-05-30,Delivered,14.6
55882,15882,Road,2025-10-20,Delayed,47.51
55883,15883,Air,2025-10-06,Delivered,7.92
55884,15884,Road,2025-11-12,Delivered,25.86
55885,15885,Road,2025-09-01,Delivered,28.2
55886,15886,Air,2025-02-06,Delivered,18.01
55887,15887,Air,2025-04-24,Delivered,30.78
55888,15888,Air,2025-11-04,Delivered,33.59
55889,15889,Air,2025-03-25,Delayed,43.21
55890,15890,Air,2025-11-30,Delivered,7.45
55891,15891,Air,2025-07-27,Delivered,34.49
55892,15892,Road,2025-08-31,Delivered,13.95
55893,15893,Rail,2025-12-29,Delivered,46.99
55894,15894,Road,2025-09-16,Delivered,28.86
55895,15895,Road,2025-06-11,Delivered,43.26
55896,15896,Rail,2025-11-14,Delivered,22.03
55897,15897,Road,2025-02-12,Delivered,48.09
55898,15898,Rail,2025-02-14,Delivered,23.24
55899,15899,Rail,2025-12-31,Delivered,25.93
55900,15900,Road,2025-01-21,Delivered,14.56
55901,15901,Rail,2025-07-26,Delayed,28.51
55902,15902,Rail,2025-03-14,Delivered,11.45
55903,15903,Road,2025-01-09,Delivered,36.87
55904,15904,Air,2025-04-26,Delivered,5.99
55905,15905,Road,2025-09-26,Delivered,6.14
55906,15906,Air,2025-06-16,Delivered,13.86
55907,15907,Rail,2025-07-07,Delivered,42.78
55908,15908,Road,2025-05-21,Delivered,24.07
55909,15909,Air,2025-03-01,Delivered,49.69
55910,15910,Road,2025-05-04,Delayed,36.2
55911,15911,Rail,2025-08-06,Delivered,45.44
55912,15912,Road,2025-07-13,Delivered,9.37
55913,15913,Air,2025-08-29,Delayed,19.81
55914,15914,Road,2025-04-14,Delivered,47.95
55915,15915,Rail,2025-11-08,Delivered,32.26
55916,15916,Rail,2025-11-17,Delivered,45.36
55917,15917,Air,2025-12-17,Delayed,9.32
55918,15918,Road,2025-04-09,Delivered,40.37
55919,15919,Rail,2025-12-03,Delivered,49.24
55920,15920,Air,2025-05-03,Delivered,8.32
55921,15921,Rail,2026-01-05,Delivered,45.62
55922,15922,Rail,2025-07-08,Delayed,35.84
55923,15923,Road,2025-09-18,Delivered,42.37
55924,15924,Rail,2025-01-25,Delivered,10.97
55925,15925,Rail,2025-06-26,Delivered,23.16
55926,15926,Air,2025-06-17,Delivered,47.96
55927,15927,Air,2025-12-18,Delivered,32.77
55928,15928,Air,2025-04-24,Delayed,8.54
55929,15929,Rail,2025-09-19,Delivered,5.96
55930,15930,Air,2025-04-09,Delivered,13.74
55931,15931,Road,2025-08-26,Delivered,40.38
55932,15932,Air,2025-02-17,Delayed,15.24
55933,15933,Air,2025-08-26,Delivered,47.54
55934,15934,Road,2025-06-09,Delivered,12.65
55935,15935,Road,2025-10-04,Delivered,29.62
55936,15936,Air,2025-05-24,Delivered,12.26
55937,15937,Air,2025-04-28,Delivered,19.6
55938,15938,Air,2025-12-04,Delayed,15.95
55939,15939,Road,2025-05-29,Delivered,25.79
55940,15940,Rail,2025-01-07,Delayed,18.1
55941,15941,Rail,2025-08-13,Delivered,40.35
55942,15942,Road,2025-05-02,Delivered,10.96
55943,15943,Rail,2025-10-01,Delivered,37.37
55944,15944,Air,2025-01-30,Delayed,11.41
55945,15945,Road,2025-04-06,Delivered,40.22
55946,15946,Air,2025-07-22,Delivered,28.68
55947,15947,Air,2025-11-27,Delivered,46.57
55948,15948,Rail,2025-05-26,Delivered,29.0
55949,15949,Road,2025-06-25,Delivered,28.19
55950,15950,Road,2025-11-26,Delivered,48.33
55951,15951,Road,2025-12-31,Delayed,12.8
55952,15952,Rail,2025-01-15,Delayed,7.07
55953,15953,Rail,2025-03-17,Delivered,29.08
55954,15954,Air,2025-03-25,Delivered,33.52
55955,15955,Road,2025-01-14,Delivered,39.07
55956,15956,Road,2025-05-21,Delivered,26.85
55957,15957,Air,2025-10-18,Delayed,14.62
55958,15958,Road,2025-09-02,Delivered,14.38
55959,15959,Air,2025-05-14,Delivered,41.16
55960,15960,Air,2025-11-18,Delivered,13.73
55961,15961,Rail,2025-06-07,Delayed,23.52
55962,15962,Rail,2025-06-05,Delivered,5.82
55963,15963,Rail,2025-11-27,Delivered,48.58
55964,15964,Air,2025-09-20,Delayed,39.3
55965,15965,Road,2025-10-25,Delivered,9.72
55966,15966,Road,2025-06-14,Delivered,46.32
55967,15967,Air,2025-10-03,Delivered,39.34
55968,15968,Road,2025-02-17,Delivered,25.57
55969,15969,Air,2025-10-28,Delivered,36.74
55970,15970,Road,2025-04-20,Delivered,27.83
55971,15971,Rail,2025-08-09,Delivered,24.26
55972,15972,Road,2025-12-20,Delayed,48.05
55973,15973,Road,2025-04-10,Delivered,6.17
55974,15974,Air,2025-09-09,Delivered,45.97
55975,15975,Air,2025-01-29,Delivered,11.55
55976,15976,Air,2025-09-02,Delivered,42.75
55977,15977,Road,2025-02-04,Delivered,27.41
55978,15978,Rail,2025-02-05,Delayed,25.69
55979,15979,Rail,2025-09-29,Delivered,28.7
55980,15980,Rail,2025-03-21,Delivered,8.67
55981,15981,Rail,2025-04-26,Delivered,22.82
55982,15982,Rail,2025-12-27,Delayed,25.2
55983,15983,Air,2025-04-08,Delivered,35.93
55984,15984,Rail,2025-03-30,Delivered,39.31
55985,15985,Road,2025-12-22,Delivered,10.5
55986,15986,Rail,2025-01-24,Delayed,43.5
55987,15987,Rail,2025-05-14,Delivered,17.08
55988,15988,Rail,2025-08-09,Delayed,46.11
55989,15989,Rail,2025-07-21,Delivered,44.77
55990,15990,Air,2025-03-24,Delivered,19.33
55991,15991,Rail,2025-10-21,Delayed,48.26
55992,15992,Rail,2025-11-03,Delivered,25.31
55993,15993,Rail,2025-11-20,Delivered,25.19
55994,15994,Rail,2025-08-10,Delivered,6.47
55995,15995,Rail,2025-03-07,Delivered,35.89
55996,15996,Air,2025-02-21,Delivered,44.28
55997,15997,Rail,2026-01-02,Delivered,27.93
55998,15998,Rail,2025-03-03,Delivered,44.32
55999,15999,Rail,2025-06-04,Delivered,33.26
56000,16000,Rail,2025-12-20,Delivered,31.38
56001,16001,Road,2026-01-04,Delivered,11.6
56002,16002,Air,2025-02-25,Delivered,7.79
56003,16003,Road,2025-10-06,Delivered,9.31
56004,16004,Rail,2025-07-04,Delivered,34.54
56005,16005,Air,2025-06-17,Delivered,18.48
56006,16006,Road,2025-05-06,Delivered,32.83
56007,16007,Rail,2026-01-01,Delivered,35.7
56008,16008,Rail,2025-09-29,Delivered,23.35
56009,16009,Road,2025-05-24,Delivered,38.13
56010,16010,Air,2025-02-15,Delivered,11.24
56011,16011,Rail,2025-11-09,Delivered,8.2
56012,16012,Road,2025-08-22,Delivered,29.74
56013,16013,Air,2025-02-13,Delayed,8.62
56014,16014,Road,2025-10-31,Delivered,13.98
56015,16015,Road,2025-11-21,Delivered,19.99
56016,16016,Air,2025-03-05,Delivered,7.4
56017,16017,Road,2025-04-30,Delivered,33.22
56018,16018,Air,2025-06-20,Delayed,46.24
56019,16019,Rail,2025-08-27,Delivered,42.49
56020,16020,Rail,2025-04-10,Delivered,40.65
56021,16021,Rail,2025-11-09,Delivered,19.24
56022,16022,Road,2025-04-28,Delayed,33.43
56023,16023,Air,2025-12-30,Delivered,26.51
56024,16024,Rail,2025-08-11,Delivered,10.49
56025,16025,Air,2025-04-02,Delivered,9.8
56026,16026,Air,2025-09-22,Delivered,35.81
56027,16027,Air,2025-08-05,Delivered,35.26
56028,16028,Road,2025-12-12,Delayed,16.14
56029,16029,Air,2025-06-23,Delayed,29.4
56030,16030,Rail,2025-06-25,Delayed,28.87
56031,16031,Rail,2025-05-18,Delivered,6.28
56032,16032,Road,2025-04-19,Delayed,41.22
56033,16033,Air,2025-03-10,Delivered,10.3
56034,16034,Road,2025-12-27,Delivered,43.85
56035,16035,Rail,2025-12-06,Delivered,5.37
56036,16036,Road,2025-06-03,Delivered,40.91
56037,16037,Road,2025-02-12,Delayed,44.76
56038,16038,Road,2026-01-02,Delivered,43.13
56039,16039,Road,2025-06-23,Delivered,20.78
56040,16040,Road,2025-05-12,Delivered,19.7
56041,16041,Rail,2025-10-22,Delivered,23.28
56042,16042,Road,2025-03-28,Delayed,9.15
56043,16043,Road,2025-10-17,Delivered,12.33
56044,16044,Rail,2025-06-20,Delivered,42.64
56045,16045,Rail,2025-04-29,Delivered,21.34
56046,16046,Rail,2025-04-07,Delivered,42.79
56047,16047,Rail,2025-06-09,Delivered,21.83
56048,16048,Rail,2025-11-08,Delivered,19.98
56049,16049,Rail,2025-05-13,Delivered,38.16
56050,16050,Road,2025-04-05,Delivered,20.82
56051,16051,Road,2025-12-30,Delivered,6.46
56052,16052,Air,2025-12-23,Delivered,16.92
56053,16053,Rail,2025-06-04,Delivered,9.99
56054,16054,Road,2025-11-29,Delayed,14.44
56055,16055,Rail,2025-12-14,Delivered,40.64
56056,16056,Rail,2025-08-03,Delivered,21.56
56057,16057,Air,2025-10-27,Delivered,27.91
56058,16058,Rail,2025-08-24,Delivered,28.82
56059,16059,Road,2025-06-22,Delayed,15.6
56060,16060,Road,2025-03-25,Delivered,38.06
56061,16061,Rail,2025-07-08,Delayed,23.62
56062,16062,Road,2025-03-04,Delivered,12.67
56063,16063,Rail,2025-05-03,Delivered,19.29
56064,16064,Air,2025-10-22,Delivered,7.0
56065,16065,Road,2025-11-26,Delayed,44.52
56066,16066,Rail,2025-05-22,Delivered,24.6
56067,16067,Road,2025-07-28,Delivered,43.67
56068,16068,Road,2025-04-10,Delivered,22.59
56069,16069,Road,2025-05-15,Delayed,12.71
56070,16070,Rail,2025-08-03,Delivered,29.43
56071,16071,Air,2025-11-15,Delayed,10.74
56072,16072,Rail,2025-08-01,Delivered,21.97
56073,16073,Road,2025-12-07,Delivered,42.13
56074,16074,Road,2025-02-09,Delayed,18.36
56075,16075,Air,2025-10-26,Delayed,20.67
56076,16076,Rail,2025-08-14,Delayed,30.14
56077,16077,Rail,2025-07-30,Delivered,45.0
56078,16078,Road,2025-11-10,Delivered,34.46
56079,16079,Road,2025-06-20,Delivered,27.07
56080,16080,Road,2025-07-01,Delivered,35.69
56081,16081,Rail,2025-12-06,Delivered,7.06
56082,16082,Air,2025-02-12,Delivered,23.96
56083,16083,Road,2025-03-23,Delivered,23.31
56084,16084,Rail,2026-01-02,Delivered,7.07
56085,16085,Road,2025-05-02,Delivered,36.69
56086,16086,Road,2025-03-30,Delivered,45.65
56087,16087,Rail,2025-06-04,Delivered,21.85
56088,16088,Air,2025-08-06,Delayed,32.76
56089,16089,Air,2025-09-29,Delivered,16.05
56090,16090,Road,2025-10-13,Delivered,40.39
56091,16091,Road,2025-12-24,Delivered,21.81
56092,16092,Rail,2025-06-08,Delivered,21.02
56093,16093,Rail,2025-07-26,Delivered,47.33
56094,16094,Road,2025-09-24,Delivered,21.13
56095,16095,Road,2025-09-29,Delivered,36.61
56096,16096,Rail,2025-11-10,Delivered,9.73
56097,16097,Rail,2025-08-20,Delivered,7.61
56098,16098,Rail,2025-08-21,Delivered,42.18
56099,16099,Rail,2025-08-19,Delivered,20.7
56100,16100,Road,2025-11-05,Delivered,36.3
56101,16101,Air,2025-01-10,Delivered,16.77
56102,16102,Rail,2025-03-05,Delivered,45.15
56103,16103,Air,2025-08-11,Delivered,31.66
56104,16104,Air,2025-05-13,Delivered,47.1
56105,16105,Air,2025-12-14,Delivered,15.91
56106,16106,Road,2025-12-19,Delivered,28.51
56107,16107,Road,2025-09-06,Delivered,49.21
56108,16108,Air,2025-06-13,Delayed,49.71
56109,16109,Rail,2025-05-23,Delivered,5.65
56110,16110,Road,2025-05-01,Delivered,5.08
56111,16111,Air,2025-08-04,Delayed,43.79
56112,16112,Air,2025-12-04,Delivered,23.86
56113,16113,Rail,2025-06-16,Delivered,29.91
56114,16114,Rail,2025-02-16,Delivered,46.0
56115,16115,Road,2025-09-22,Delivered,9.06
56116,16116,Rail,2025-02-24,Delivered,28.49
56117,16117,Air,2025-05-17,Delivered,20.39
56118,16118,Road,2025-09-17,Delivered,7.18
56119,16119,Road,2025-10-23,Delivered,34.39
56120,16120,Air,2025-04-10,Delayed,17.79
56121,16121,Road,2025-10-12,Delivered,46.99
56122,16122,Air,2025-07-29,Delivered,5.89
56123,16123,Road,2025-08-06,Delivered,16.99
56124,16124,Air,2025-06-11,Delivered,28.71
56125,16125,Road,2025-04-21,Delivered,19.59
56126,16126,Road,2025-01-12,Delivered,41.2
56127,16127,Air,2025-08-20,Delivered,34.14
56128,16128,Road,2025-03-10,Delivered,40.86
56129,16129,Rail,2025-04-22,Delivered,33.76
56130,16130,Road,2025-06-02,Delivered,14.49
56131,16131,Air,2025-04-03,Delivered,41.72
56132,16132,Air,2025-05-25,Delivered,37.39
56133,16133,Rail,2025-03-07,Delivered,30.25
56134,16134,Road,2025-06-01,Delayed,23.6
56135,16135,Air,2025-10-09,Delivered,48.38
56136,16136,Rail,2025-10-19,Delayed,47.64
56137,16137,Road,2025-04-13,Delivered,45.01
56138,16138,Rail,2025-10-14,Delivered,9.96
56139,16139,Road,2025-08-11,Delivered,22.88
56140,16140,Air,2025-08-15,Delivered,24.93
56141,16141,Road,2025-06-22,Delivered,15.8
56142,16142,Road,2025-03-07,Delayed,37.12
56143,16143,Air,2025-09-30,Delivered,26.31
56144,16144,Air,2025-01-25,Delivered,42.01
56145,16145,Rail,2025-12-18,Delayed,28.39
56146,16146,Rail,2025-01-06,Delivered,13.88
56147,16147,Air,2025-10-03,Delivered,8.32
56148,16148,Air,2025-11-03,Delivered,19.55
56149,16149,Rail,2025-02-21,Delivered,31.41
56150,16150,Road,2025-04-21,Delayed,9.11
56151,16151,Air,2025-01-17,Delivered,47.93
56152,16152,Rail,2025-11-22,Delivered,19.66
56153,16153,Rail,2025-01-10,Delivered,19.58
56154,16154,Road,2025-09-08,Delivered,22.47
56155,16155,Air,2025-08-13,Delayed,13.46
56156,16156,Rail,2025-11-29,Delivered,8.38
56157,16157,Rail,2025-04-18,Delayed,28.27
56158,16158,Rail,2025-11-04,Delivered,36.14
56159,16159,Air,2025-07-21,Delivered,17.41
56160,16160,Air,2025-07-01,Delayed,14.32
56161,16161,Road,2025-04-10,Delivered,21.41
56162,16162,Road,2025-12-18,Delayed,42.9
56163,16163,Air,2025-04-17,Delivered,5.13
56164,16164,Rail,2025-10-05,Delivered,35.89
56165,16165,Road,2026-01-06,Delivered,19.17
56166,16166,Road,2025-08-30,Delivered,31.38
56167,16167,Rail,2025-04-29,Delivered,6.42
56168,16168,Rail,2025-06-03,Delayed,24.29
56169,16169,Rail,2025-11-03,Delivered,12.97
56170,16170,Air,2025-12-14,Delayed,31.04
56171,16171,Rail,2025-12-29,Delivered,41.08
56172,16172,Road,2025-08-23,Delivered,41.52
56173,16173,Air,2025-10-04,Delayed,44.14
56174,16174,Air,2025-12-14,Delayed,36.13
56175,16175,Air,2025-08-13,Delayed,25.87
56176,16176,Rail,2025-01-25,Delivered,47.61
56177,16177,Road,2025-09-20,Delivered,6.83
56178,16178,Road,2025-04-25,Delivered,46.84
56179,16179,Rail,2025-04-10,Delivered,16.5
56180,16180,Road,2025-08-15,Delivered,7.54
56181,16181,Rail,2025-08-25,Delivered,23.49
56182,16182,Rail,2025-11-22,Delayed,32.72
56183,16183,Road,2025-11-01,Delayed,35.86
56184,16184,Rail,2025-05-29,Delivered,42.54
56185,16185,Rail,2025-06-21,Delivered,8.53
56186,16186,Air,2025-11-14,Delivered,14.96
56187,16187,Air,2025-07-23,Delivered,17.92
56188,16188,Air,2025-07-20,Delayed,12.4
56189,16189,Air,2025-05-16,Delivered,25.3
56190,16190,Rail,2025-12-03,Delayed,39.74
56191,16191,Air,2025-06-17,Delivered,48.74
56192,16192,Rail,2025-04-01,Delivered,11.83
56193,16193,Air,2025-05-24,Delayed,17.15
56194,16194,Road,2025-10-25,Delivered,29.26
56195,16195,Road,2025-01-14,Delivered,7.16
56196,16196,Rail,2025-07-19,Delivered,29.25
56197,16197,Rail,2025-10-30,Delivered,43.41
56198,16198,Air,2025-03-21,Delivered,7.68
56199,16199,Road,2025-03-02,Delivered,46.68
56200,16200,Air,2025-03-10,Delivered,45.3
56201,16201,Rail,2025-02-22,Delivered,38.92
56202,16202,Rail,2025-01-14,Delivered,36.11
56203,16203,Air,2025-04-11,Delivered,48.34
56204,16204,Rail,2025-06-27,Delayed,40.93
56205,16205,Air,2026-01-01,Delivered,39.56
56206,16206,Rail,2025-03-30,Delivered,8.79
56207,16207,Air,2025-11-18,Delivered,48.95
56208,16208,Rail,2025-09-03,Delivered,14.28
56209,16209,Air,2025-08-23,Delivered,15.37
56210,16210,Road,2025-06-17,Delivered,8.35
56211,16211,Rail,2025-10-17,Delivered,17.97
56212,16212,Road,2025-09-23,Delivered,49.11
56213,16213,Air,2025-02-24,Delivered,12.67
56214,16214,Road,2025-11-12,Delivered,28.5
56215,16215,Road,2025-07-10,Delivered,8.21
56216,16216,Rail,2025-09-05,Delivered,44.38
56217,16217,Rail,2025-04-27,Delivered,22.08
56218,16218,Air,2025-10-28,Delivered,33.09
56219,16219,Air,2025-04-20,Delivered,22.13
56220,16220,Road,2025-12-17,Delivered,46.73
56221,16221,Air,2025-02-21,Delayed,38.81
56222,16222,Road,2025-01-22,Delivered,46.84
56223,16223,Air,2025-11-30,Delivered,13.26
56224,16224,Road,2025-07-09,Delivered,35.62
56225,16225,Road,2025-02-02,Delivered,33.2
56226,16226,Road,2025-02-19,Delivered,27.32
56227,16227,Road,2025-10-08,Delayed,37.13
56228,16228,Rail,2025-02-03,Delivered,28.33
56229,16229,Road,2025-09-21,Delivered,41.02
56230,16230,Road,2025-03-22,Delivered,13.23
56231,16231,Rail,2025-10-03,Delayed,24.42
56232,16232,Road,2025-08-12,Delivered,14.39
56233,16233,Rail,2025-09-20,Delayed,49.87
56234,16234,Rail,2025-01-16,Delivered,33.93
56235,16235,Rail,2025-05-25,Delivered,29.62
56236,16236,Air,2025-11-06,Delivered,20.04
56237,16237,Air,2025-05-30,Delayed,44.83
56238,16238,Road,2025-06-21,Delayed,11.15
56239,16239,Air,2025-03-13,Delivered,23.22
56240,16240,Road,2025-07-06,Delayed,18.08
56241,16241,Road,2025-07-20,Delivered,49.22
56242,16242,Road,2025-05-19,Delivered,35.19
56243,16243,Rail,2025-06-10,Delivered,37.16
56244,16244,Air,2025-12-07,Delivered,26.29
56245,16245,Air,2025-11-18,Delivered,32.78
56246,16246,Air,2025-12-19,Delivered,6.02
56247,16247,Air,2025-10-06,Delivered,7.69
56248,16248,Road,2025-06-05,Delivered,13.06
56249,16249,Rail,2025-01-12,Delivered,8.33
56250,16250,Rail,2025-10-12,Delivered,23.01
56251,16251,Rail,2025-07-31,Delivered,47.47
56252,16252,Road,2025-10-12,Delayed,33.1
56253,16253,Road,2025-05-22,Delivered,48.37
56254,16254,Air,2025-02-25,Delivered,7.24
56255,16255,Rail,2026-01-08,Delivered,46.41
56256,16256,Road,2025-06-15,Delivered,19.7
56257,16257,Rail,2025-10-17,Delivered,36.82
56258,16258,Rail,2025-07-11,Delivered,30.43
56259,16259,Road,2025-11-23,Delivered,45.49
56260,16260,Air,2025-05-30,Delayed,27.17
56261,16261,Air,2025-04-19,Delivered,49.53
56262,16262,Air,2025-05-07,Delivered,34.07
56263,16263,Air,2025-08-21,Delivered,39.97
56264,16264,Rail,2025-05-23,Delayed,19.9
56265,16265,Rail,2025-05-20,Delivered,19.34
56266,16266,Air,2025-10-09,Delivered,7.66
56267,16267,Air,2025-12-01,Delivered,14.31
56268,16268,Rail,2025-12-29,Delivered,18.57
56269,16269,Road,2025-11-28,Delivered,36.52
56270,16270,Air,2025-07-16,Delivered,43.31
56271,16271,Road,2025-07-15,Delivered,45.79
56272,16272,Road,2025-03-16,Delivered,48.28
56273,16273,Road,2025-05-16,Delivered,31.17
56274,16274,Road,2025-10-06,Delivered,12.26
56275,16275,Road,2025-05-06,Delivered,19.68
56276,16276,Rail,2025-03-24,Delivered,17.95
56277,16277,Road,2025-10-08,Delivered,44.44
56278,16278,Rail,2025-02-13,Delayed,14.31
56279,16279,Rail,2025-10-06,Delivered,20.33
56280,16280,Road,2025-04-02,Delivered,37.05
56281,16281,Rail,2025-05-22,Delivered,28.87
56282,16282,Road,2025-02-28,Delivered,34.59
56283,16283,Rail,2025-11-28,Delayed,18.35
56284,16284,Rail,2025-06-15,Delivered,33.44
56285,16285,Air,2025-06-02,Delivered,40.43
56286,16286,Air,2025-09-04,Delivered,26.48
56287,16287,Road,2025-02-26,Delivered,33.81
56288,16288,Air,2025-04-02,Delivered,6.72
56289,16289,Air,2025-11-02,Delivered,5.59
56290,16290,Rail,2025-10-30,Delivered,8.87
56291,16291,Air,2025-12-15,Delayed,13.22
56292,16292,Rail,2025-05-12,Delivered,8.51
56293,16293,Road,2025-06-12,Delivered,45.25
56294,16294,Rail,2025-12-19,Delivered,35.57
56295,16295,Rail,2025-09-04,Delivered,48.05
56296,16296,Road,2025-11-11,Delivered,16.15
56297,16297,Road,2025-07-14,Delayed,11.79
56298,16298,Road,2025-09-12,Delivered,22.82
56299,16299,Rail,2025-04-13,Delivered,37.68
56300,16300,Rail,2025-01-30,Delivered,15.13
56301,16301,Road,2025-03-19,Delivered,47.16
56302,16302,Road,2025-01-20,Delayed,24.37
56303,16303,Rail,2025-05-04,Delayed,14.58
56304,16304,Rail,2025-11-04,Delivered,39.78
56305,16305,Air,2025-05-13,Delivered,13.2
56306,16306,Rail,2025-09-19,Delayed,21.27
56307,16307,Air,2025-06-05,Delivered,30.11
56308,16308,Air,2025-05-20,Delivered,21.31
56309,16309,Rail,2025-12-30,Delivered,28.72
56310,16310,Air,2025-02-19,Delivered,41.91
56311,16311,Air,2025-04-22,Delivered,16.03
56312,16312,Rail,2025-11-25,Delivered,28.85
56313,16313,Air,2025-05-01,Delivered,39.44
56314,16314,Road,2025-07-08,Delivered,45.27
56315,16315,Air,2025-02-15,Delivered,30.22
56316,16316,Air,2025-09-23,Delayed,41.54
56317,16317,Air,2025-09-22,Delivered,23.8
56318,16318,Air,2025-03-22,Delivered,42.4
56319,16319,Air,2025-09-20,Delivered,22.99
56320,16320,Air,2025-01-25,Delivered,29.37
56321,16321,Rail,2025-08-04,Delayed,15.9
56322,16322,Road,2025-05-05,Delivered,22.04
56323,16323,Road,2025-11-06,Delivered,31.08
56324,16324,Rail,2025-12-27,Delivered,38.96
56325,16325,Rail,2025-03-28,Delayed,32.16
56326,16326,Road,2025-02-18,Delivered,29.36
56327,16327,Road,2025-06-16,Delayed,23.11
56328,16328,Air,2025-09-20,Delivered,20.14
56329,16329,Road,2025-05-13,Delivered,11.77
56330,16330,Rail,2025-12-20,Delayed,17.43
56331,16331,Rail,2025-09-30,Delayed,10.71
56332,16332,Air,2025-08-25,Delivered,27.74
56333,16333,Air,2025-08-01,Delivered,35.74
56334,16334,Rail,2025-06-25,Delivered,46.64
56335,16335,Air,2025-02-20,Delivered,10.7
56336,16336,Road,2025-12-04,Delivered,9.49
56337,16337,Rail,2025-12-11,Delivered,48.56
56338,16338,Rail,2025-05-08,Delayed,25.41
56339,16339,Road,2025-04-05,Delayed,29.42
56340,16340,Road,2025-11-17,Delivered,49.64
56341,16341,Road,2026-01-01,Delayed,47.57
56342,16342,Rail,2025-03-22,Delivered,37.81
56343,16343,Road,2025-12-06,Delayed,36.33
56344,16344,Air,2025-09-13,Delivered,41.52
56345,16345,Air,2025-09-03,Delivered,38.22
56346,16346,Air,2025-02-21,Delayed,21.76
56347,16347,Road,2025-05-29,Delivered,15.69
56348,16348,Road,2025-10-08,Delivered,30.58
56349,16349,Rail,2025-11-09,Delivered,29.57
56350,16350,Road,2025-12-05,Delivered,24.58
56351,16351,Air,2025-01-05,Delivered,10.34
56352,16352,Air,2025-07-03,Delivered,36.31
56353,16353,Rail,2025-04-26,Delivered,49.76
56354,16354,Rail,2025-10-26,Delivered,39.08
56355,16355,Air,2025-08-06,Delivered,13.2
56356,16356,Rail,2025-03-09,Delivered,14.54
56357,16357,Rail,2025-03-26,Delivered,34.37
56358,16358,Air,2025-05-14,Delivered,31.96
56359,16359,Air,2025-11-29,Delayed,10.79
56360,16360,Road,2025-02-09,Delayed,7.89
56361,16361,Rail,2025-03-09,Delivered,17.66
56362,16362,Air,2025-07-25,Delivered,5.44
56363,16363,Road,2025-05-06,Delivered,32.97
56364,16364,Air,2025-10-20,Delivered,39.3
56365,16365,Road,2025-11-12,Delivered,15.09
56366,16366,Rail,2025-08-28,Delivered,12.64
56367,16367,Road,2025-11-23,Delayed,17.44
56368,16368,Road,2025-01-13,Delivered,5.58
56369,16369,Air,2025-10-21,Delivered,49.13
56370,16370,Air,2025-06-30,Delivered,10.32
56371,16371,Air,2025-11-27,Delivered,26.75
56372,16372,Air,2025-07-06,Delivered,36.33
56373,16373,Road,2025-08-31,Delayed,13.9
56374,16374,Rail,2025-08-14,Delivered,42.14
56375,16375,Air,2025-12-03,Delivered,33.13
56376,16376,Road,2025-06-12,Delivered,39.13
56377,16377,Road,2025-03-30,Delivered,25.88
56378,16378,Road,2025-05-04,Delivered,15.17
56379,16379,Road,2025-01-11,Delivered,48.2
56380,16380,Rail,2025-12-23,Delayed,10.63
56381,16381,Rail,2025-08-11,Delivered,42.74
56382,16382,Road,2025-03-18,Delivered,40.06
56383,16383,Road,2025-08-27,Delivered,9.37
56384,16384,Air,2025-05-04,Delayed,36.39
56385,16385,Rail,2025-09-10,Delivered,35.15
56386,16386,Rail,2025-05-17,Delivered,28.43
56387,16387,Air,2025-10-19,Delivered,45.02
56388,16388,Road,2025-04-21,Delivered,18.26
56389,16389,Rail,2025-12-11,Delivered,7.24
56390,16390,Rail,2025-11-03,Delivered,33.09
56391,16391,Road,2025-11-17,Delayed,33.72
56392,16392,Road,2025-06-12,Delivered,12.79
56393,16393,Rail,2025-02-06,Delayed,9.32
56394,16394,Road,2025-07-28,Delivered,35.27
56395,16395,Air,2025-03-02,Delivered,12.4
56396,16396,Road,2025-04-20,Delivered,21.16
56397,16397,Air,2025-05-04,Delivered,47.15
56398,16398,Road,2025-04-13,Delivered,43.02
56399,16399,Road,2025-01-12,Delivered,41.61
56400,16400,Road,2025-06-18,Delivered,29.51
56401,16401,Air,2025-08-15,Delivered,29.89
56402,16402,Road,2025-04-10,Delivered,22.38
56403,16403,Air,2025-07-27,Delivered,26.65
56404,16404,Air,2025-01-29,Delivered,13.86
56405,16405,Rail,2025-02-09,Delivered,39.17
56406,16406,Air,2025-08-20,Delivered,43.19
56407,16407,Air,2025-05-02,Delayed,15.03
56408,16408,Air,2025-07-04,Delivered,42.18
56409,16409,Road,2025-04-15,Delivered,40.62
56410,16410,Rail,2025-12-27,Delivered,19.51
56411,16411,Road,2025-08-03,Delivered,41.97
56412,16412,Road,2025-04-21,Delivered,8.65
56413,16413,Rail,2025-01-31,Delivered,10.17
56414,16414,Rail,2025-05-21,Delivered,15.65
56415,16415,Rail,2025-07-29,Delivered,27.3
56416,16416,Road,2025-04-26,Delayed,10.98
56417,16417,Air,2025-08-07,Delivered,33.24
56418,16418,Road,2025-12-23,Delivered,22.12
56419,16419,Rail,2025-11-28,Delayed,28.36
56420,16420,Air,2025-06-22,Delivered,31.58
56421,16421,Road,2025-11-02,Delayed,32.92
56422,16422,Rail,2025-08-19,Delivered,49.14
56423,16423,Air,2025-06-10,Delivered,31.41
56424,16424,Air,2025-08-17,Delivered,25.6
56425,16425,Air,2025-01-09,Delivered,26.28
56426,16426,Rail,2025-12-05,Delivered,29.76
56427,16427,Road,2025-06-04,Delivered,18.28
56428,16428,Air,2025-04-12,Delivered,15.4
56429,16429,Air,2025-12-03,Delayed,23.48
56430,16430,Rail,2025-04-19,Delivered,47.81
56431,16431,Rail,2025-07-01,Delivered,42.99
56432,16432,Rail,2025-07-13,Delivered,33.16
56433,16433,Road,2025-08-13,Delivered,5.03
56434,16434,Air,2025-04-28,Delivered,28.48
56435,16435,Rail,2025-10-12,Delayed,38.88
56436,16436,Road,2025-05-27,Delivered,29.12
56437,16437,Air,2025-06-03,Delivered,37.3
56438,16438,Road,2025-12-17,Delivered,41.23
56439,16439,Air,2025-06-07,Delivered,36.73
56440,16440,Rail,2025-12-11,Delivered,15.1
56441,16441,Air,2025-08-09,Delivered,42.83
56442,16442,Road,2025-08-07,Delayed,34.94
56443,16443,Rail,2025-06-06,Delivered,45.89
56444,16444,Road,2025-09-27,Delivered,37.94
56445,16445,Rail,2025-05-17,Delivered,16.96
56446,16446,Rail,2025-04-05,Delivered,6.69
56447,16447,Air,2025-02-10,Delivered,44.21
56448,16448,Road,2025-03-26,Delayed,37.24
56449,16449,Air,2025-06-07,Delivered,24.86
56450,16450,Air,2025-01-09,Delivered,34.12
56451,16451,Air,2025-09-27,Delivered,10.28
56452,16452,Road,2025-09-28,Delivered,37.99
56453,16453,Rail,2025-02-08,Delayed,40.21
56454,16454,Rail,2025-09-12,Delivered,12.44
56455,16455,Rail,2025-08-27,Delayed,32.44
56456,16456,Rail,2025-08-18,Delivered,17.91
56457,16457,Road,2025-01-23,Delayed,29.04
56458,16458,Air,2025-04-14,Delayed,14.44
56459,16459,Rail,2025-11-10,Delayed,19.84
56460,16460,Air,2025-12-31,Delayed,37.33
56461,16461,Rail,2025-10-12,Delivered,15.23
56462,16462,Road,2025-08-07,Delayed,18.86
56463,16463,Road,2025-02-23,Delivered,34.92
56464,16464,Air,2025-09-05,Delivered,42.27
56465,16465,Air,2025-03-22,Delivered,26.74
56466,16466,Rail,2025-12-14,Delivered,16.86
56467,16467,Air,2025-04-24,Delivered,31.32
56468,16468,Air,2025-04-28,Delivered,14.12
56469,16469,Rail,2025-09-08,Delivered,38.55
56470,16470,Rail,2025-11-05,Delivered,25.03
56471,16471,Rail,2025-05-18,Delivered,47.98
56472,16472,Road,2025-09-04,Delayed,49.27
56473,16473,Air,2025-09-02,Delivered,35.29
56474,16474,Rail,2025-02-20,Delivered,37.71
56475,16475,Road,2025-01-27,Delivered,15.13
56476,16476,Rail,2025-09-30,Delivered,12.07
56477,16477,Road,2025-05-07,Delivered,39.67
56478,16478,Air,2025-02-07,Delivered,36.36
56479,16479,Air,2025-11-25,Delayed,30.93
56480,16480,Air,2025-12-01,Delivered,45.81
56481,16481,Rail,2025-02-23,Delivered,34.4
56482,16482,Rail,2025-03-03,Delayed,14.03
56483,16483,Road,2025-06-12,Delivered,11.3
56484,16484,Rail,2025-06-01,Delayed,15.11
56485,16485,Air,2025-04-14,Delivered,37.95
56486,16486,Road,2025-04-28,Delivered,33.03
56487,16487,Air,2025-03-27,Delivered,11.8
56488,16488,Rail,2025-10-16,Delayed,35.73
56489,16489,Rail,2025-11-09,Delivered,11.44
56490,16490,Rail,2025-01-25,Delivered,9.71
56491,16491,Rail,2025-11-08,Delayed,14.49
56492,16492,Rail,2025-01-26,Delivered,39.39
56493,16493,Road,2025-09-15,Delivered,34.55
56494,16494,Air,2025-04-27,Delivered,27.78
56495,16495,Air,2025-01-26,Delivered,43.06
56496,16496,Rail,2025-02-10,Delivered,8.49
56497,16497,Air,2025-08-19,Delayed,48.17
56498,16498,Rail,2025-12-19,Delivered,19.85
56499,16499,Air,2025-12-18,Delayed,9.93
56500,16500,Rail,2025-12-22,Delayed,6.21
56501,16501,Air,2025-01-29,Delivered,44.94
56502,16502,Road,2025-02-05,Delivered,10.97
56503,16503,Road,2025-07-09,Delivered,10.67
56504,16504,Air,2025-11-19,Delayed,24.86
56505,16505,Rail,2025-03-25,Delayed,38.61
56506,16506,Rail,2025-04-21,Delivered,20.18
56507,16507,Rail,2025-04-24,Delivered,39.86
56508,16508,Rail,2025-11-11,Delivered,42.85
56509,16509,Rail,2025-04-08,Delivered,40.07
56510,16510,Rail,2025-07-13,Delivered,16.73
56511,16511,Rail,2026-01-03,Delayed,14.55
56512,16512,Road,2025-12-13,Delayed,27.6
56513,16513,Rail,2025-09-14,Delivered,43.45
56514,16514,Rail,2025-05-19,Delayed,46.34
56515,16515,Road,2025-11-30,Delivered,19.6
56516,16516,Road,2025-03-31,Delivered,34.83
56517,16517,Air,2025-08-13,Delivered,41.05
56518,16518,Air,2026-01-01,Delayed,45.09
56519,16519,Rail,2025-02-15,Delayed,36.5
56520,16520,Rail,2025-08-01,Delivered,31.98
56521,16521,Rail,2025-07-20,Delivered,8.31
56522,16522,Rail,2025-10-28,Delivered,31.26
56523,16523,Rail,2025-01-23,Delivered,38.33
56524,16524,Air,2025-12-16,Delivered,21.81
56525,16525,Rail,2025-10-19,Delivered,32.23
56526,16526,Air,2025-01-17,Delayed,14.52
56527,16527,Rail,2025-04-11,Delivered,47.2
56528,16528,Air,2025-02-17,Delivered,34.9
56529,16529,Rail,2025-07-07,Delivered,28.78
56530,16530,Rail,2025-10-24,Delayed,31.01
56531,16531,Rail,2025-04-15,Delivered,16.41
56532,16532,Air,2025-03-20,Delayed,17.13
56533,16533,Road,2025-08-08,Delivered,17.76
56534,16534,Rail,2025-10-20,Delivered,14.0
56535,16535,Road,2025-12-07,Delivered,14.61
56536,16536,Air,2025-09-17,Delivered,49.16
56537,16537,Road,2025-10-27,Delivered,35.29
56538,16538,Air,2025-11-19,Delivered,33.01
56539,16539,Rail,2026-01-04,Delivered,44.68
56540,16540,Air,2025-08-22,Delivered,29.29
56541,16541,Road,2025-10-15,Delayed,36.8
56542,16542,Rail,2025-01-20,Delivered,28.73
56543,16543,Road,2025-04-14,Delivered,48.09
56544,16544,Air,2025-04-06,Delivered,36.74
56545,16545,Air,2025-02-11,Delivered,27.63
56546,16546,Road,2025-09-01,Delivered,30.27
56547,16547,Road,2025-04-06,Delivered,42.41
56548,16548,Road,2025-12-28,Delivered,42.83
56549,16549,Rail,2025-11-17,Delivered,38.62
56550,16550,Rail,2025-06-20,Delayed,13.45
56551,16551,Rail,2025-08-23,Delivered,13.46
56552,16552,Road,2025-04-15,Delayed,5.87
56553,16553,Air,2025-03-15,Delivered,33.7
56554,16554,Air,2025-04-12,Delivered,32.38
56555,16555,Air,2025-03-05,Delivered,36.81
56556,16556,Road,2025-11-04,Delayed,19.66
56557,16557,Rail,2025-07-13,Delayed,12.48
56558,16558,Road,2025-05-08,Delivered,28.3
56559,16559,Air,2025-05-28,Delivered,14.6
56560,16560,Air,2025-02-15,Delayed,7.88
56561,16561,Air,2025-09-28,Delivered,36.15
56562,16562,Rail,2025-08-23,Delivered,9.55
56563,16563,Road,2025-03-03,Delivered,41.1
56564,16564,Road,2025-12-10,Delivered,49.04
56565,16565,Road,2025-02-11,Delayed,20.14
56566,16566,Air,2025-04-02,Delivered,41.76
56567,16567,Rail,2025-08-20,Delivered,10.07
56568,16568,Rail,2025-12-13,Delivered,44.67
56569,16569,Rail,2025-02-19,Delayed,15.79
56570,16570,Rail,2025-04-24,Delivered,20.28
56571,16571,Road,2025-06-16,Delayed,29.36
56572,16572,Air,2025-06-28,Delivered,28.9
56573,16573,Air,2025-09-18,Delayed,27.87
56574,16574,Air,2025-01-31,Delivered,37.8
56575,16575,Rail,2026-01-08,Delayed,48.27
56576,16576,Road,2025-02-20,Delivered,6.89
56577,16577,Road,2025-10-08,Delivered,20.36
56578,16578,Air,2025-07-06,Delayed,24.91
56579,16579,Rail,2025-02-19,Delivered,45.52
56580,16580,Air,2025-05-13,Delivered,40.87
56581,16581,Road,2025-12-22,Delivered,8.16
56582,16582,Road,2025-06-26,Delivered,38.93
56583,16583,Road,2025-12-25,Delivered,48.61
56584,16584,Air,2025-04-19,Delivered,12.52
56585,16585,Rail,2025-01-26,Delayed,41.64
56586,16586,Road,2025-06-11,Delivered,46.48
56587,16587,Air,2025-06-13,Delivered,41.97
56588,16588,Rail,2025-11-01,Delayed,26.9
56589,16589,Rail,2025-03-24,Delayed,41.11
56590,16590,Rail,2025-10-18,Delivered,15.59
56591,16591,Air,2025-10-26,Delivered,32.56
56592,16592,Rail,2025-10-17,Delivered,37.23
56593,16593,Air,2025-06-01,Delivered,19.7
56594,16594,Air,2025-11-12,Delivered,23.04
56595,16595,Road,2025-02-03,Delivered,8.71
56596,16596,Rail,2025-05-10,Delivered,5.93
56597,16597,Road,2025-09-14,Delayed,26.87
56598,16598,Rail,2025-09-01,Delivered,24.53
56599,16599,Air,2025-02-26,Delayed,33.74
56600,16600,Road,2025-04-18,Delivered,13.6
56601,16601,Road,2025-09-11,Delivered,48.92
56602,16602,Road,2025-02-06,Delayed,40.68
56603,16603,Rail,2025-07-23,Delivered,43.23
56604,16604,Road,2025-11-08,Delivered,42.01
56605,16605,Air,2025-02-03,Delivered,17.62
56606,16606,Air,2026-01-06,Delivered,18.09
56607,16607,Air,2025-04-24,Delivered,8.16
56608,16608,Road,2025-07-29,Delayed,38.41
56609,16609,Rail,2025-09-15,Delivered,26.07
56610,16610,Road,2025-11-12,Delivered,47.42
56611,16611,Road,2025-01-24,Delivered,7.21
56612,16612,Air,2025-06-07,Delivered,27.5
56613,16613,Road,2025-06-25,Delivered,30.78
56614,16614,Rail,2025-07-26,Delivered,6.3
56615,16615,Air,2025-03-02,Delayed,41.04
56616,16616,Rail,2025-06-18,Delivered,23.49
56617,16617,Road,2025-07-08,Delivered,41.6
56618,16618,Rail,2025-09-14,Delivered,28.99
56619,16619,Air,2025-11-17,Delayed,43.39
56620,16620,Road,2025-12-14,Delivered,44.55
56621,16621,Air,2025-09-14,Delivered,5.5
56622,16622,Rail,2025-06-08,Delayed,28.13
56623,16623,Air,2025-11-18,Delivered,5.02
56624,16624,Air,2025-03-04,Delayed,26.0
56625,16625,Road,2025-01-17,Delivered,28.12
56626,16626,Rail,2025-07-20,Delivered,6.52
56627,16627,Air,2025-07-20,Delivered,26.97
56628,16628,Air,2025-12-08,Delivered,39.03
56629,16629,Rail,2025-06-26,Delivered,5.95
56630,16630,Rail,2025-06-12,Delayed,35.82
56631,16631,Rail,2025-11-21,Delivered,14.09
56632,16632,Rail,2025-03-02,Delivered,40.84
56633,16633,Air,2025-05-17,Delivered,20.47
56634,16634,Rail,2025-03-20,Delivered,12.68
56635,16635,Road,2025-08-22,Delivered,34.38
56636,16636,Air,2026-01-02,Delayed,28.15
56637,16637,Road,2025-03-11,Delivered,8.78
56638,16638,Rail,2025-08-17,Delivered,38.55
56639,16639,Rail,2025-08-06,Delivered,31.98
56640,16640,Air,2025-09-11,Delivered,46.44
56641,16641,Road,2025-10-14,Delayed,32.1
56642,16642,Air,2025-11-17,Delivered,38.16
56643,16643,Road,2025-07-04,Delayed,29.22
56644,16644,Rail,2025-02-17,Delivered,22.79
56645,16645,Rail,2025-10-03,Delayed,15.35
56646,16646,Air,2025-03-06,Delayed,15.46
56647,16647,Rail,2025-01-20,Delayed,6.13
56648,16648,Rail,2025-08-19,Delivered,15.62
56649,16649,Rail,2025-05-30,Delivered,33.42
56650,16650,Rail,2025-04-08,Delivered,10.48
56651,16651,Rail,2025-12-27,Delivered,39.49
56652,16652,Rail,2025-06-27,Delivered,18.8
56653,16653,Road,2025-12-18,Delivered,35.15
56654,16654,Road,2025-06-11,Delivered,38.27
56655,16655,Road,2025-01-16,Delivered,13.64
56656,16656,Road,2025-01-09,Delivered,35.64
56657,16657,Air,2025-06-17,Delayed,29.68
56658,16658,Rail,2025-01-11,Delayed,23.24
56659,16659,Rail,2025-07-12,Delayed,20.07
56660,16660,Air,2025-09-29,Delayed,43.66
56661,16661,Rail,2025-02-02,Delivered,36.22
56662,16662,Road,2025-09-09,Delivered,5.87
56663,16663,Road,2025-05-26,Delivered,8.77
56664,16664,Rail,2025-12-20,Delayed,40.56
56665,16665,Rail,2025-09-08,Delivered,12.1
56666,16666,Rail,2025-03-27,Delivered,26.23
56667,16667,Air,2025-08-04,Delayed,37.94
56668,16668,Rail,2025-03-26,Delivered,44.9
56669,16669,Air,2025-07-06,Delivered,17.84
56670,16670,Air,2025-12-27,Delivered,45.77
56671,16671,Rail,2025-10-23,Delayed,33.81
56672,16672,Rail,2025-02-05,Delivered,29.95
56673,16673,Road,2025-01-13,Delayed,17.46
56674,16674,Rail,2025-05-17,Delivered,32.73
56675,16675,Rail,2025-06-24,Delivered,13.35
56676,16676,Road,2025-04-05,Delivered,29.8
56677,16677,Road,2025-03-02,Delivered,11.17
56678,16678,Rail,2025-03-29,Delivered,10.6
56679,16679,Road,2025-01-09,Delivered,21.39
56680,16680,Air,2025-11-13,Delivered,37.6
56681,16681,Rail,2025-07-01,Delivered,28.82
56682,16682,Road,2025-02-23,Delivered,38.35
56683,16683,Air,2025-06-07,Delayed,14.24
56684,16684,Road,2025-10-31,Delayed,12.54
56685,16685,Road,2025-03-15,Delivered,12.12
56686,16686,Rail,2025-12-31,Delayed,20.38
56687,16687,Air,2025-07-21,Delivered,31.78
56688,16688,Rail,2025-05-28,Delayed,23.34
56689,16689,Road,2025-02-24,Delivered,29.02
56690,16690,Rail,2025-08-06,Delivered,16.53
56691,16691,Rail,2025-01-31,Delivered,40.75
56692,16692,Air,2025-04-15,Delivered,19.64
56693,16693,Air,2025-03-22,Delivered,49.79
56694,16694,Rail,2025-08-25,Delivered,48.1
56695,16695,Air,2025-04-03,Delivered,16.07
56696,16696,Air,2025-02-25,Delayed,38.41
56697,16697,Air,2025-11-12,Delivered,6.61
56698,16698,Rail,2025-02-15,Delivered,33.52
56699,16699,Air,2025-03-10,Delivered,18.32
56700,16700,Air,2025-10-11,Delayed,33.27
56701,16701,Road,2025-09-06,Delivered,48.18
56702,16702,Road,2025-08-31,Delivered,44.21
56703,16703,Air,2025-04-15,Delayed,41.57
56704,16704,Road,2025-01-15,Delivered,20.68
56705,16705,Air,2025-08-10,Delivered,45.9
56706,16706,Air,2025-11-24,Delayed,48.89
56707,16707,Road,2025-05-08,Delivered,10.54
56708,16708,Rail,2025-11-10,Delivered,13.73
56709,16709,Rail,2025-04-07,Delivered,33.78
56710,16710,Rail,2025-07-17,Delivered,8.86
56711,16711,Air,2025-10-16,Delivered,48.9
56712,16712,Road,2025-12-18,Delivered,21.72
56713,16713,Air,2025-09-11,Delayed,38.1
56714,16714,Road,2025-11-09,Delivered,21.3
56715,16715,Rail,2025-01-27,Delivered,15.61
56716,16716,Road,2025-01-20,Delivered,28.07
56717,16717,Rail,2025-12-31,Delivered,37.79
56718,16718,Air,2025-02-14,Delivered,15.04
56719,16719,Road,2025-09-12,Delivered,46.53
56720,16720,Rail,2025-12-17,Delivered,41.91
56721,16721,Rail,2025-03-26,Delayed,43.67
56722,16722,Air,2025-10-03,Delivered,40.24
56723,16723,Road,2025-03-08,Delivered,28.61
56724,16724,Rail,2025-04-03,Delivered,49.26
56725,16725,Road,2025-07-06,Delayed,17.82
56726,16726,Road,2025-11-27,Delivered,33.89
56727,16727,Road,2025-10-21,Delivered,41.91
56728,16728,Rail,2025-09-17,Delivered,24.1
56729,16729,Road,2025-12-31,Delivered,31.62
56730,16730,Air,2025-06-16,Delayed,8.11
56731,16731,Air,2025-05-11,Delivered,30.52
56732,16732,Rail,2025-05-31,Delayed,41.83
56733,16733,Rail,2025-07-08,Delivered,13.28
56734,16734,Air,2025-03-08,Delivered,23.17
56735,16735,Road,2026-01-03,Delivered,9.65
56736,16736,Air,2025-05-23,Delivered,17.53
56737,16737,Rail,2025-04-12,Delivered,44.3
56738,16738,Air,2025-12-26,Delivered,23.65
56739,16739,Road,2025-12-09,Delivered,5.97
56740,16740,Road,2025-03-31,Delivered,26.93
56741,16741,Road,2025-02-26,Delivered,30.16
56742,16742,Road,2025-11-04,Delayed,19.55
56743,16743,Rail,2025-07-23,Delayed,34.12
56744,16744,Rail,2025-07-07,Delivered,11.32
56745,16745,Rail,2025-09-17,Delivered,28.89
56746,16746,Road,2025-06-18,Delayed,41.54
56747,16747,Air,2025-04-23,Delayed,18.66
56748,16748,Air,2025-01-16,Delayed,7.57
56749,16749,Road,2025-07-22,Delivered,20.87
56750,16750,Road,2025-07-11,Delivered,7.52
56751,16751,Air,2026-01-05,Delayed,9.36
56752,16752,Road,2025-12-15,Delivered,38.8
56753,16753,Air,2025-12-09,Delivered,26.2
56754,16754,Air,2025-03-13,Delivered,48.88
56755,16755,Road,2025-06-21,Delivered,32.79
56756,16756,Road,2025-07-08,Delivered,18.09
56757,16757,Rail,2025-01-23,Delivered,26.43
56758,16758,Air,2025-11-24,Delivered,45.76
56759,16759,Rail,2025-09-03,Delivered,47.55
56760,16760,Rail,2025-09-29,Delayed,41.55
56761,16761,Road,2025-02-18,Delivered,12.08
56762,16762,Air,2025-12-20,Delayed,9.74
56763,16763,Air,2025-12-31,Delivered,25.24
56764,16764,Rail,2025-10-03,Delayed,22.37
56765,16765,Rail,2025-10-10,Delivered,13.62
56766,16766,Air,2025-05-29,Delivered,20.15
56767,16767,Air,2025-07-17,Delivered,34.57
56768,16768,Air,2025-12-31,Delivered,22.31
56769,16769,Road,2025-12-23,Delivered,33.56
56770,16770,Road,2025-01-19,Delivered,27.19
56771,16771,Rail,2025-04-24,Delivered,19.16
56772,16772,Road,2025-06-07,Delivered,37.01
56773,16773,Rail,2025-01-06,Delivered,9.68
56774,16774,Rail,2025-02-22,Delivered,20.41
56775,16775,Road,2025-11-24,Delivered,27.06
56776,16776,Rail,2025-01-12,Delivered,16.37
56777,16777,Road,2025-09-25,Delivered,16.12
56778,16778,Rail,2025-04-10,Delivered,40.05
56779,16779,Air,2025-04-25,Delivered,17.92
56780,16780,Road,2025-06-21,Delivered,26.23
56781,16781,Rail,2025-02-24,Delivered,22.19
56782,16782,Rail,2025-06-29,Delayed,30.0
56783,16783,Air,2025-06-11,Delivered,46.19
56784,16784,Road,2025-03-30,Delivered,18.08
56785,16785,Road,2025-06-12,Delayed,30.97
56786,16786,Air,2025-08-28,Delivered,49.65
56787,16787,Air,2025-07-13,Delivered,6.24
56788,16788,Rail,2025-10-29,Delayed,40.46
56789,16789,Rail,2025-06-04,Delivered,13.08
56790,16790,Road,2025-04-21,Delivered,5.1
56791,16791,Air,2025-09-24,Delivered,31.58
56792,16792,Air,2025-05-07,Delivered,10.43
56793,16793,Rail,2025-07-28,Delivered,47.47
56794,16794,Road,2025-07-11,Delivered,27.1
56795,16795,Road,2025-01-10,Delivered,12.55
56796,16796,Road,2025-10-31,Delivered,41.26
56797,16797,Rail,2025-08-06,Delivered,30.89
56798,16798,Road,2025-06-04,Delivered,26.48
56799,16799,Road,2025-12-21,Delivered,39.48
56800,16800,Air,2025-02-06,Delayed,7.52
56801,16801,Air,2025-12-04,Delivered,45.55
56802,16802,Road,2025-07-11,Delivered,8.28
56803,16803,Air,2025-03-11,Delayed,42.47
56804,16804,Air,2025-07-25,Delivered,45.14
56805,16805,Air,2025-08-11,Delayed,8.61
56806,16806,Rail,2025-01-21,Delivered,14.5
56807,16807,Rail,2025-05-08,Delayed,16.74
56808,16808,Air,2025-05-21,Delivered,49.2
56809,16809,Road,2025-12-12,Delivered,16.46
56810,16810,Air,2025-04-10,Delivered,27.14
56811,16811,Road,2025-10-09,Delivered,48.2
56812,16812,Rail,2025-02-16,Delivered,24.37
56813,16813,Rail,2025-05-02,Delivered,41.73
56814,16814,Air,2025-06-12,Delayed,48.12
56815,16815,Air,2026-01-05,Delivered,38.76
56816,16816,Air,2025-11-29,Delayed,29.39
56817,16817,Air,2025-12-31,Delivered,15.36
56818,16818,Rail,2025-07-31,Delayed,36.79
56819,16819,Road,2025-09-06,Delivered,7.4
56820,16820,Rail,2025-08-17,Delivered,39.15
56821,16821,Rail,2025-08-21,Delivered,10.85
56822,16822,Rail,2025-10-26,Delivered,41.94
56823,16823,Rail,2025-05-22,Delivered,29.19
56824,16824,Rail,2025-07-29,Delivered,25.63
56825,16825,Rail,2025-04-08,Delayed,16.76
56826,16826,Air,2025-03-12,Delivered,40.36
56827,16827,Air,2025-11-26,Delivered,40.99
56828,16828,Rail,2025-03-14,Delivered,37.59
56829,16829,Road,2025-07-28,Delivered,43.33
56830,16830,Road,2025-11-05,Delivered,29.79
56831,16831,Road,2025-04-17,Delivered,16.03
56832,16832,Rail,2025-05-06,Delivered,23.48
56833,16833,Rail,2025-01-23,Delayed,19.72
56834,16834,Rail,2025-06-05,Delivered,26.6
56835,16835,Road,2025-03-29,Delayed,30.9
56836,16836,Road,2025-05-08,Delivered,48.15
56837,16837,Air,2025-03-11,Delayed,35.97
56838,16838,Road,2025-01-12,Delivered,26.08
56839,16839,Road,2025-05-18,Delivered,41.28
56840,16840,Road,2025-05-27,Delivered,18.91
56841,16841,Air,2025-09-30,Delayed,38.48
56842,16842,Air,2025-10-02,Delivered,44.83
56843,16843,Air,2025-11-22,Delivered,34.51
56844,16844,Air,2025-05-20,Delivered,46.03
56845,16845,Road,2025-08-12,Delivered,46.37
56846,16846,Rail,2025-11-08,Delivered,42.68
56847,16847,Rail,2025-09-30,Delivered,43.68
56848,16848,Air,2025-08-09,Delivered,27.21
56849,16849,Road,2025-06-11,Delayed,17.62
56850,16850,Air,2025-08-01,Delivered,5.84
56851,16851,Rail,2025-06-09,Delivered,13.83
56852,16852,Road,2025-03-25,Delivered,29.73
56853,16853,Rail,2025-02-24,Delivered,40.01
56854,16854,Rail,2025-12-24,Delayed,21.34
56855,16855,Air,2025-05-15,Delivered,17.45
56856,16856,Air,2025-02-15,Delivered,21.63
56857,16857,Air,2025-11-07,Delivered,43.73
56858,16858,Rail,2025-10-17,Delivered,24.94
56859,16859,Road,2025-04-22,Delayed,30.63
56860,16860,Air,2025-02-11,Delayed,11.08
56861,16861,Air,2025-09-28,Delayed,38.99
56862,16862,Road,2025-10-05,Delivered,26.04
56863,16863,Road,2025-11-10,Delivered,6.35
56864,16864,Rail,2025-02-18,Delivered,23.53
56865,16865,Air,2025-11-07,Delivered,38.67
56866,16866,Air,2025-11-26,Delayed,45.67
56867,16867,Rail,2025-10-08,Delivered,26.35
56868,16868,Rail,2025-05-09,Delivered,5.06
56869,16869,Rail,2025-09-09,Delivered,10.88
56870,16870,Road,2025-08-02,Delivered,16.12
56871,16871,Air,2025-03-14,Delivered,34.65
56872,16872,Road,2025-01-28,Delivered,47.44
56873,16873,Rail,2025-04-13,Delivered,17.82
56874,16874,Rail,2025-12-02,Delivered,17.03
56875,16875,Air,2025-03-23,Delayed,6.51
56876,16876,Road,2025-07-01,Delivered,19.13
56877,16877,Road,2025-04-26,Delivered,42.62
56878,16878,Air,2025-06-11,Delayed,23.15
56879,16879,Rail,2025-11-05,Delivered,15.94
56880,16880,Road,2025-07-16,Delivered,9.26
56881,16881,Road,2025-08-04,Delivered,21.59
56882,16882,Road,2025-07-06,Delayed,25.55
56883,16883,Road,2025-07-12,Delivered,48.12
56884,16884,Rail,2025-07-18,Delivered,5.67
56885,16885,Rail,2025-07-31,Delivered,11.16
56886,16886,Road,2025-09-15,Delivered,13.82
56887,16887,Rail,2025-06-04,Delayed,30.08
56888,16888,Air,2026-01-05,Delayed,18.05
56889,16889,Air,2025-12-31,Delivered,37.0
56890,16890,Air,2025-09-18,Delivered,41.14
56891,16891,Rail,2025-12-13,Delivered,39.8
56892,16892,Rail,2025-04-03,Delayed,35.66
56893,16893,Rail,2025-02-21,Delivered,5.19
56894,16894,Road,2025-09-26,Delivered,8.43
56895,16895,Road,2025-03-28,Delivered,12.45
56896,16896,Rail,2025-01-14,Delivered,11.44
56897,16897,Rail,2025-04-18,Delivered,24.89
56898,16898,Air,2025-04-09,Delivered,19.56
56899,16899,Road,2025-02-13,Delivered,33.1
56900,16900,Rail,2025-08-26,Delivered,18.59
56901,16901,Road,2025-02-07,Delivered,43.34
56902,16902,Rail,2025-01-24,Delivered,36.13
56903,16903,Air,2025-05-30,Delivered,33.18
56904,16904,Rail,2025-12-07,Delivered,20.47
56905,16905,Rail,2025-03-11,Delivered,14.82
56906,16906,Air,2025-06-06,Delivered,17.45
56907,16907,Air,2025-09-28,Delivered,10.1
56908,16908,Air,2025-04-10,Delivered,38.88
56909,16909,Road,2025-05-24,Delivered,26.43
56910,16910,Road,2025-10-18,Delivered,6.5
56911,16911,Air,2025-09-07,Delayed,15.0
56912,16912,Air,2026-01-02,Delivered,16.22
56913,16913,Air,2025-08-11,Delivered,42.42
56914,16914,Road,2025-05-30,Delayed,19.47
56915,16915,Air,2025-02-28,Delivered,22.35
56916,16916,Rail,2025-06-27,Delayed,9.4
56917,16917,Rail,2025-03-31,Delivered,5.06
56918,16918,Road,2025-12-11,Delivered,16.6
56919,16919,Road,2025-10-29,Delivered,48.38
56920,16920,Road,2025-07-22,Delayed,15.59
56921,16921,Road,2025-09-29,Delivered,7.4
56922,16922,Rail,2025-12-05,Delivered,19.68
56923,16923,Rail,2025-02-09,Delivered,34.85
56924,16924,Air,2025-05-09,Delivered,32.14
56925,16925,Air,2025-05-04,Delivered,16.77
56926,16926,Road,2025-05-15,Delayed,22.19
56927,16927,Road,2026-01-07,Delivered,10.26
56928,16928,Air,2025-09-18,Delivered,21.26
56929,16929,Road,2025-07-05,Delivered,9.89
56930,16930,Road,2025-06-15,Delivered,33.51
56931,16931,Rail,2025-09-11,Delivered,47.1
56932,16932,Air,2025-01-26,Delivered,28.06
56933,16933,Road,2025-05-09,Delivered,33.84
56934,16934,Air,2025-03-11,Delivered,6.21
56935,16935,Road,2025-10-29,Delivered,24.68
56936,16936,Rail,2025-02-28,Delayed,34.09
56937,16937,Road,2025-02-16,Delivered,15.0
56938,16938,Rail,2025-09-05,Delivered,6.78
56939,16939,Air,2025-09-27,Delivered,36.54
56940,16940,Air,2025-02-13,Delayed,17.38
56941,16941,Road,2025-06-09,Delivered,30.12
56942,16942,Road,2025-05-15,Delayed,20.52
56943,16943,Road,2025-12-30,Delivered,9.8
56944,16944,Air,2025-10-09,Delivered,24.47
56945,16945,Rail,2025-06-15,Delivered,26.95
56946,16946,Rail,2026-01-03,Delayed,8.41
56947,16947,Rail,2025-12-17,Delivered,45.52
56948,16948,Rail,2025-01-08,Delayed,33.53
56949,16949,Road,2025-01-23,Delivered,17.93
56950,16950,Rail,2025-07-25,Delivered,40.8
56951,16951,Road,2025-10-16,Delayed,16.1
56952,16952,Rail,2025-10-10,Delivered,42.1
56953,16953,Road,2025-07-18,Delivered,19.14
56954,16954,Rail,2025-02-26,Delivered,8.9
56955,16955,Rail,2025-10-16,Delivered,6.63
56956,16956,Air,2025-11-10,Delivered,35.07
56957,16957,Air,2025-08-28,Delivered,13.43
56958,16958,Rail,2025-06-18,Delivered,9.28
56959,16959,Rail,2025-08-25,Delivered,17.34
56960,16960,Rail,2025-03-09,Delivered,12.9
56961,16961,Rail,2025-09-04,Delayed,44.2
56962,16962,Road,2025-06-17,Delivered,8.83
56963,16963,Rail,2025-12-21,Delayed,14.4
56964,16964,Rail,2025-02-20,Delayed,29.38
56965,16965,Road,2025-10-06,Delivered,35.34
56966,16966,Air,2025-10-31,Delivered,13.38
56967,16967,Road,2025-07-17,Delayed,25.33
56968,16968,Road,2025-06-26,Delivered,48.18
56969,16969,Air,2025-06-22,Delivered,13.53
56970,16970,Road,2025-12-25,Delayed,38.12
56971,16971,Air,2025-12-17,Delivered,30.95
56972,16972,Road,2025-03-21,Delivered,25.42
56973,16973,Rail,2025-03-05,Delayed,48.62
56974,16974,Rail,2025-05-14,Delivered,24.16
56975,16975,Air,2025-07-15,Delivered,13.91
56976,16976,Road,2025-08-06,Delayed,20.04
56977,16977,Road,2025-12-31,Delivered,14.37
56978,16978,Road,2025-08-30,Delivered,20.08
56979,16979,Rail,2025-12-17,Delivered,24.45
56980,16980,Road,2025-06-25,Delivered,23.75
56981,16981,Air,2025-05-31,Delivered,8.96
56982,16982,Rail,2025-04-24,Delayed,27.14
56983,16983,Rail,2025-05-05,Delivered,27.42
56984,16984,Air,2025-09-08,Delivered,49.23
56985,16985,Rail,2025-03-08,Delivered,12.88
56986,16986,Rail,2025-09-01,Delayed,36.87
56987,16987,Road,2025-01-18,Delivered,36.73
56988,16988,Air,2025-07-13,Delivered,35.59
56989,16989,Road,2025-08-11,Delayed,5.75
56990,16990,Road,2025-10-29,Delivered,35.53
56991,16991,Rail,2025-07-15,Delivered,39.05
56992,16992,Rail,2025-02-19,Delivered,28.02
56993,16993,Rail,2025-03-09,Delivered,33.0
56994,16994,Road,2025-03-10,Delivered,41.49
56995,16995,Rail,2025-03-02,Delayed,38.81
56996,16996,Road,2025-02-16,Delivered,32.02
56997,16997,Road,2026-01-04,Delayed,29.24
56998,16998,Rail,2025-06-19,Delayed,29.46
56999,16999,Road,2025-01-24,Delivered,41.7
57000,17000,Rail,2025-06-03,Delivered,37.87
57001,17001,Rail,2025-06-08,Delivered,10.77
57002,17002,Rail,2025-06-27,Delivered,35.61
57003,17003,Road,2025-05-22,Delivered,27.29
57004,17004,Rail,2025-07-05,Delivered,22.63
57005,17005,Rail,2025-02-01,Delivered,9.84
57006,17006,Air,2025-10-22,Delivered,9.14
57007,17007,Road,2025-10-02,Delivered,46.55
57008,17008,Air,2025-01-17,Delivered,28.01
57009,17009,Road,2025-06-13,Delivered,47.23
57010,17010,Air,2025-09-11,Delivered,11.26
57011,17011,Rail,2025-04-01,Delivered,41.91
57012,17012,Air,2025-03-30,Delivered,17.03
57013,17013,Road,2026-01-01,Delivered,29.25
57014,17014,Road,2025-07-04,Delivered,47.48
57015,17015,Road,2025-10-06,Delivered,43.39
57016,17016,Air,2025-09-25,Delivered,32.91
57017,17017,Rail,2025-09-23,Delivered,12.3
57018,17018,Air,2025-10-02,Delivered,5.01
57019,17019,Rail,2025-12-28,Delivered,7.62
57020,17020,Rail,2025-01-19,Delivered,19.69
57021,17021,Road,2025-05-14,Delivered,40.76
57022,17022,Road,2025-05-26,Delivered,33.95
57023,17023,Road,2026-01-07,Delivered,45.67
57024,17024,Road,2025-10-05,Delayed,23.21
57025,17025,Rail,2026-01-07,Delivered,47.87
57026,17026,Rail,2025-02-24,Delivered,20.96
57027,17027,Rail,2025-03-02,Delayed,46.24
57028,17028,Air,2025-02-12,Delivered,10.25
57029,17029,Air,2025-11-18,Delayed,22.6
57030,17030,Road,2025-12-27,Delayed,7.26
57031,17031,Air,2025-11-14,Delivered,48.88
57032,17032,Air,2025-02-02,Delivered,42.35
57033,17033,Road,2025-09-17,Delivered,47.8
57034,17034,Rail,2025-04-15,Delivered,28.55
57035,17035,Air,2025-07-10,Delivered,30.79
57036,17036,Rail,2025-05-21,Delivered,34.57
57037,17037,Road,2025-06-23,Delivered,11.03
57038,17038,Road,2025-02-16,Delivered,24.4
57039,17039,Air,2025-11-07,Delayed,39.07
57040,17040,Air,2025-11-02,Delivered,46.84
57041,17041,Road,2025-10-25,Delivered,17.45
57042,17042,Road,2025-02-15,Delayed,18.21
57043,17043,Air,2025-02-15,Delayed,33.93
57044,17044,Road,2025-02-15,Delayed,41.98
57045,17045,Road,2025-03-10,Delivered,12.86
57046,17046,Road,2025-05-27,Delivered,32.84
57047,17047,Road,2025-06-20,Delivered,38.06
57048,17048,Rail,2025-02-15,Delivered,43.41
57049,17049,Road,2025-01-21,Delivered,27.24
57050,17050,Road,2025-03-09,Delivered,20.61
57051,17051,Air,2025-07-29,Delivered,49.68
57052,17052,Rail,2025-06-28,Delivered,19.99
57053,17053,Air,2025-12-22,Delayed,18.74
57054,17054,Road,2025-07-12,Delayed,19.9
57055,17055,Air,2025-05-05,Delivered,44.85
57056,17056,Rail,2025-05-15,Delayed,19.38
57057,17057,Road,2025-01-30,Delivered,25.91
57058,17058,Road,2025-02-13,Delivered,43.52
57059,17059,Air,2025-02-19,Delayed,32.5
57060,17060,Air,2025-06-30,Delayed,31.11
57061,17061,Rail,2025-02-01,Delivered,24.73
57062,17062,Rail,2025-10-03,Delivered,10.72
57063,17063,Road,2025-04-10,Delivered,16.66
57064,17064,Air,2025-12-12,Delivered,40.78
57065,17065,Rail,2025-09-07,Delivered,16.88
57066,17066,Air,2025-01-08,Delivered,18.37
57067,17067,Rail,2025-11-08,Delayed,7.6
57068,17068,Air,2025-06-23,Delivered,12.4
57069,17069,Road,2025-04-21,Delivered,34.85
57070,17070,Air,2025-07-18,Delivered,23.41
57071,17071,Rail,2025-05-08,Delivered,47.95
57072,17072,Air,2025-06-14,Delivered,48.37
57073,17073,Rail,2025-05-06,Delivered,45.7
57074,17074,Road,2025-03-27,Delivered,43.07
57075,17075,Rail,2025-01-28,Delivered,15.8
57076,17076,Rail,2025-11-13,Delivered,18.92
57077,17077,Air,2025-12-02,Delivered,24.87
57078,17078,Air,2025-01-09,Delivered,12.88
57079,17079,Rail,2025-04-04,Delivered,20.38
57080,17080,Road,2025-04-22,Delivered,19.35
57081,17081,Road,2025-03-13,Delayed,21.4
57082,17082,Air,2025-07-26,Delivered,9.25
57083,17083,Road,2025-07-22,Delivered,28.43
57084,17084,Rail,2025-10-18,Delayed,48.32
57085,17085,Road,2025-09-19,Delivered,20.51
57086,17086,Air,2025-04-23,Delayed,46.85
57087,17087,Air,2025-02-13,Delivered,42.93
57088,17088,Rail,2025-01-28,Delayed,35.6
57089,17089,Road,2025-08-11,Delivered,6.15
57090,17090,Air,2025-06-13,Delivered,11.14
57091,17091,Road,2025-12-12,Delivered,20.88
57092,17092,Rail,2025-04-08,Delivered,23.39
57093,17093,Road,2025-03-28,Delivered,30.54
57094,17094,Air,2025-10-17,Delayed,31.85
57095,17095,Air,2025-08-10,Delayed,39.66
57096,17096,Air,2025-02-27,Delivered,14.54
57097,17097,Road,2025-06-23,Delivered,40.59
57098,17098,Road,2025-07-02,Delivered,27.34
57099,17099,Air,2025-01-12,Delivered,16.51
57100,17100,Road,2025-10-11,Delayed,18.89
57101,17101,Air,2025-08-12,Delivered,20.48
57102,17102,Air,2025-08-19,Delivered,42.49
57103,17103,Air,2025-01-18,Delivered,36.68
57104,17104,Road,2025-12-26,Delivered,36.69
57105,17105,Road,2025-03-26,Delivered,32.96
57106,17106,Air,2025-08-15,Delivered,35.5
57107,17107,Road,2025-07-11,Delivered,5.74
57108,17108,Rail,2025-11-18,Delivered,13.85
57109,17109,Road,2025-02-21,Delivered,26.05
57110,17110,Rail,2025-11-29,Delayed,13.09
57111,17111,Rail,2025-04-10,Delivered,19.48
57112,17112,Road,2025-06-05,Delivered,17.37
57113,17113,Road,2025-03-23,Delivered,38.64
57114,17114,Air,2025-06-27,Delivered,13.07
57115,17115,Road,2025-01-25,Delayed,47.39
57116,17116,Air,2025-12-27,Delivered,19.76
57117,17117,Rail,2025-07-27,Delivered,47.91
57118,17118,Rail,2025-06-26,Delivered,14.72
57119,17119,Air,2025-02-04,Delivered,30.18
57120,17120,Air,2025-10-01,Delivered,27.98
57121,17121,Air,2025-04-23,Delayed,11.11
57122,17122,Rail,2025-06-12,Delayed,18.12
57123,17123,Road,2025-11-16,Delivered,15.13
57124,17124,Rail,2025-05-28,Delayed,35.72
57125,17125,Road,2025-04-23,Delivered,36.72
57126,17126,Rail,2025-09-28,Delayed,9.11
57127,17127,Air,2025-04-22,Delayed,38.26
57128,17128,Road,2025-09-15,Delivered,38.64
57129,17129,Road,2025-12-29,Delayed,49.11
57130,17130,Rail,2025-03-22,Delivered,37.77
57131,17131,Road,2025-10-08,Delivered,22.83
57132,17132,Air,2025-01-26,Delayed,14.47
57133,17133,Rail,2025-06-27,Delayed,23.21
57134,17134,Air,2025-09-25,Delivered,49.28
57135,17135,Rail,2025-05-31,Delivered,41.31
57136,17136,Air,2025-05-05,Delivered,29.3
57137,17137,Road,2025-11-25,Delivered,26.38
57138,17138,Air,2026-01-01,Delivered,9.38
57139,17139,Air,2025-01-08,Delivered,22.85
57140,17140,Rail,2025-05-02,Delivered,13.26
57141,17141,Rail,2025-04-06,Delivered,15.22
57142,17142,Air,2025-05-13,Delayed,21.41
57143,17143,Rail,2025-04-13,Delivered,43.89
57144,17144,Rail,2025-10-15,Delivered,29.67
57145,17145,Road,2025-06-13,Delivered,42.75
57146,17146,Rail,2025-07-10,Delayed,15.14
57147,17147,Road,2025-02-08,Delayed,5.83
57148,17148,Rail,2025-06-10,Delivered,12.2
57149,17149,Rail,2025-04-12,Delivered,29.45
57150,17150,Rail,2025-06-27,Delivered,29.62
57151,17151,Rail,2025-08-24,Delivered,27.12
57152,17152,Road,2025-02-25,Delivered,22.93
57153,17153,Road,2025-05-09,Delayed,14.3
57154,17154,Air,2025-02-13,Delayed,23.88
57155,17155,Road,2025-12-19,Delivered,39.96
57156,17156,Air,2025-10-12,Delayed,15.29
57157,17157,Air,2025-07-20,Delivered,37.34
57158,17158,Air,2025-12-01,Delivered,43.89
57159,17159,Road,2025-10-06,Delivered,48.39
57160,17160,Air,2025-03-14,Delivered,44.07
57161,17161,Road,2025-09-07,Delivered,15.82
57162,17162,Rail,2025-03-02,Delivered,27.26
57163,17163,Road,2025-12-29,Delayed,5.77
57164,17164,Road,2025-12-18,Delivered,43.47
57165,17165,Rail,2025-12-14,Delivered,27.23
57166,17166,Rail,2025-11-16,Delivered,15.27
57167,17167,Road,2025-09-23,Delivered,42.87
57168,17168,Rail,2025-09-03,Delivered,12.15
57169,17169,Rail,2025-12-18,Delivered,44.87
57170,17170,Rail,2025-11-26,Delivered,6.86
57171,17171,Air,2025-06-03,Delivered,47.73
57172,17172,Rail,2025-09-24,Delayed,5.14
57173,17173,Air,2025-01-18,Delayed,14.09
57174,17174,Rail,2025-07-18,Delayed,49.42
57175,17175,Air,2025-11-21,Delayed,29.63
57176,17176,Road,2025-03-02,Delivered,40.15
57177,17177,Rail,2025-02-20,Delayed,40.99
57178,17178,Road,2025-06-08,Delayed,33.94
57179,17179,Air,2025-02-08,Delayed,35.6
57180,17180,Rail,2025-10-11,Delayed,39.68
57181,17181,Air,2025-02-04,Delivered,25.38
57182,17182,Air,2026-01-04,Delivered,11.36
57183,17183,Air,2025-09-02,Delayed,7.65
57184,17184,Rail,2025-09-20,Delayed,43.41
57185,17185,Air,2025-03-05,Delivered,29.11
57186,17186,Rail,2025-05-26,Delayed,8.84
57187,17187,Rail,2025-02-28,Delayed,14.89
57188,17188,Road,2025-11-01,Delayed,43.33
57189,17189,Air,2025-09-21,Delayed,32.98
57190,17190,Road,2025-10-10,Delayed,27.6
57191,17191,Road,2025-10-21,Delivered,19.61
57192,17192,Rail,2025-08-11,Delivered,22.52
57193,17193,Rail,2025-02-24,Delivered,31.96
57194,17194,Air,2025-07-23,Delivered,32.68
57195,17195,Road,2025-05-28,Delivered,30.47
57196,17196,Air,2025-09-20,Delayed,45.9
57197,17197,Road,2025-12-31,Delivered,41.01
57198,17198,Air,2025-02-22,Delivered,14.64
57199,17199,Air,2025-04-07,Delivered,48.94
57200,17200,Road,2025-06-26,Delivered,11.19
57201,17201,Rail,2025-09-12,Delivered,49.01
57202,17202,Rail,2025-03-29,Delivered,16.4
57203,17203,Rail,2025-10-01,Delivered,18.07
57204,17204,Rail,2025-06-03,Delayed,32.36
57205,17205,Road,2025-09-21,Delivered,46.69
57206,17206,Rail,2025-11-13,Delivered,12.39
57207,17207,Air,2025-10-14,Delivered,34.16
57208,17208,Rail,2025-01-18,Delivered,43.95
57209,17209,Rail,2025-08-14,Delayed,6.08
57210,17210,Air,2025-11-20,Delayed,7.38
57211,17211,Road,2025-10-07,Delayed,32.25
57212,17212,Rail,2025-07-21,Delivered,7.54
57213,17213,Air,2025-09-25,Delayed,23.53
57214,17214,Rail,2025-06-19,Delivered,22.37
57215,17215,Rail,2025-05-22,Delivered,24.08
57216,17216,Air,2025-09-27,Delivered,26.0
57217,17217,Rail,2025-02-22,Delivered,16.55
57218,17218,Air,2025-05-26,Delivered,20.68
57219,17219,Road,2025-01-16,Delayed,48.47
57220,17220,Air,2025-11-14,Delayed,13.73
57221,17221,Rail,2025-06-07,Delivered,9.85
57222,17222,Air,2025-11-13,Delivered,6.17
57223,17223,Road,2025-08-30,Delivered,40.61
57224,17224,Road,2025-01-07,Delivered,35.58
57225,17225,Air,2025-11-18,Delivered,13.93
57226,17226,Air,2025-08-05,Delivered,45.17
57227,17227,Rail,2025-12-04,Delivered,34.51
57228,17228,Road,2025-10-15,Delayed,22.47
57229,17229,Air,2025-07-22,Delivered,42.0
57230,17230,Air,2025-05-30,Delivered,24.5
57231,17231,Road,2025-10-28,Delivered,19.64
57232,17232,Air,2025-03-23,Delayed,36.45
57233,17233,Road,2025-10-24,Delayed,40.85
57234,17234,Rail,2025-12-04,Delayed,36.86
57235,17235,Rail,2025-01-18,Delayed,42.21
57236,17236,Road,2025-02-10,Delivered,10.91
57237,17237,Road,2025-04-29,Delivered,31.51
57238,17238,Air,2025-07-24,Delivered,48.22
57239,17239,Air,2025-04-14,Delivered,5.65
57240,17240,Air,2025-04-01,Delivered,20.51
57241,17241,Air,2025-04-11,Delayed,24.59
57242,17242,Road,2025-07-13,Delivered,40.97
57243,17243,Air,2025-12-11,Delivered,6.54
57244,17244,Air,2025-08-03,Delivered,10.48
57245,17245,Rail,2025-04-11,Delayed,13.74
57246,17246,Air,2025-08-30,Delivered,28.0
57247,17247,Rail,2025-05-12,Delivered,49.22
57248,17248,Air,2025-02-13,Delivered,48.57
57249,17249,Rail,2025-09-08,Delivered,29.84
57250,17250,Air,2025-01-28,Delivered,45.43
57251,17251,Road,2025-06-06,Delivered,17.03
57252,17252,Rail,2025-05-28,Delayed,15.48
57253,17253,Road,2025-12-17,Delivered,17.22
57254,17254,Rail,2025-12-04,Delivered,31.57
57255,17255,Air,2025-12-05,Delivered,33.95
57256,17256,Air,2025-09-10,Delivered,37.75
57257,17257,Road,2025-01-16,Delivered,6.87
57258,17258,Rail,2025-07-05,Delivered,8.39
57259,17259,Road,2025-04-10,Delivered,7.54
57260,17260,Road,2025-02-24,Delivered,11.16
57261,17261,Air,2025-07-21,Delivered,49.17
57262,17262,Air,2025-05-21,Delayed,13.98
57263,17263,Road,2025-10-19,Delivered,42.96
57264,17264,Rail,2025-02-20,Delayed,9.47
57265,17265,Air,2025-02-14,Delivered,14.76
57266,17266,Road,2025-05-18,Delivered,30.46
57267,17267,Rail,2025-06-26,Delivered,29.85
57268,17268,Road,2025-03-24,Delivered,23.23
57269,17269,Rail,2025-11-22,Delivered,12.36
57270,17270,Rail,2025-03-14,Delivered,32.97
57271,17271,Rail,2025-06-07,Delayed,23.11
57272,17272,Air,2025-04-28,Delivered,20.77
57273,17273,Rail,2025-10-13,Delivered,30.88
57274,17274,Rail,2025-11-16,Delayed,45.26
57275,17275,Rail,2025-01-15,Delivered,47.16
57276,17276,Air,2025-05-09,Delivered,14.08
57277,17277,Road,2025-02-20,Delivered,7.48
57278,17278,Rail,2025-03-08,Delivered,39.76
57279,17279,Rail,2025-03-04,Delivered,37.31
57280,17280,Road,2025-12-07,Delayed,37.9
57281,17281,Rail,2025-02-04,Delivered,28.26
57282,17282,Air,2025-10-05,Delivered,21.26
57283,17283,Road,2025-12-17,Delivered,23.7
57284,17284,Air,2025-08-06,Delivered,13.89
57285,17285,Road,2025-05-18,Delivered,31.07
57286,17286,Road,2025-11-30,Delivered,13.1
57287,17287,Road,2025-10-14,Delivered,13.78
57288,17288,Rail,2025-07-09,Delivered,26.07
57289,17289,Road,2025-05-20,Delivered,32.58
57290,17290,Road,2025-04-10,Delivered,44.59
57291,17291,Rail,2025-12-01,Delayed,32.36
57292,17292,Air,2025-05-29,Delivered,22.07
57293,17293,Road,2025-02-20,Delayed,11.76
57294,17294,Rail,2025-03-09,Delivered,8.93
57295,17295,Rail,2025-04-05,Delivered,22.29
57296,17296,Air,2025-12-23,Delivered,43.26
57297,17297,Rail,2025-04-29,Delivered,5.03
57298,17298,Rail,2025-04-22,Delivered,27.59
57299,17299,Air,2025-12-10,Delivered,36.05
57300,17300,Rail,2025-12-08,Delayed,8.6
57301,17301,Road,2025-10-29,Delivered,35.72
57302,17302,Rail,2025-09-24,Delivered,20.16
57303,17303,Road,2025-01-22,Delivered,22.0
57304,17304,Rail,2026-01-02,Delayed,26.74
57305,17305,Rail,2025-12-23,Delivered,14.32
57306,17306,Road,2025-08-27,Delayed,16.74
57307,17307,Rail,2025-04-03,Delayed,16.14
57308,17308,Rail,2025-08-28,Delivered,31.86
57309,17309,Road,2025-03-28,Delayed,18.86
57310,17310,Rail,2025-08-29,Delivered,42.39
57311,17311,Road,2025-05-17,Delivered,43.51
57312,17312,Rail,2025-11-04,Delivered,38.56
57313,17313,Air,2025-12-22,Delivered,12.96
57314,17314,Rail,2025-06-17,Delivered,35.71
57315,17315,Road,2025-09-27,Delayed,37.78
57316,17316,Road,2025-12-07,Delivered,22.18
57317,17317,Air,2025-03-30,Delivered,28.47
57318,17318,Rail,2025-07-19,Delayed,9.89
57319,17319,Air,2025-10-11,Delivered,22.33
57320,17320,Road,2025-05-31,Delivered,33.13
57321,17321,Road,2025-03-28,Delivered,34.89
57322,17322,Air,2025-12-20,Delivered,27.89
57323,17323,Rail,2025-03-16,Delivered,21.12
57324,17324,Rail,2025-07-06,Delivered,28.23
57325,17325,Air,2025-04-14,Delayed,39.97
57326,17326,Rail,2025-05-09,Delivered,22.58
57327,17327,Road,2025-12-05,Delivered,46.84
57328,17328,Rail,2025-01-23,Delivered,24.65
57329,17329,Air,2025-02-19,Delayed,47.9
57330,17330,Rail,2025-02-15,Delivered,45.22
57331,17331,Rail,2025-07-18,Delivered,18.07
57332,17332,Rail,2025-05-25,Delivered,14.01
57333,17333,Air,2025-02-03,Delivered,41.19
57334,17334,Rail,2025-06-03,Delivered,41.12
57335,17335,Rail,2025-04-20,Delivered,33.38
57336,17336,Road,2025-10-14,Delivered,10.66
57337,17337,Air,2025-05-02,Delivered,36.58
57338,17338,Air,2025-04-01,Delayed,34.67
57339,17339,Rail,2025-06-26,Delivered,47.75
57340,17340,Rail,2025-09-08,Delivered,32.89
57341,17341,Road,2025-02-04,Delayed,5.76
57342,17342,Rail,2025-01-29,Delayed,34.9
57343,17343,Air,2025-01-16,Delivered,40.8
57344,17344,Air,2025-10-17,Delivered,46.47
57345,17345,Air,2025-12-31,Delivered,30.12
57346,17346,Road,2025-02-28,Delivered,16.94
57347,17347,Road,2025-08-09,Delivered,20.45
57348,17348,Road,2025-01-16,Delivered,45.42
57349,17349,Air,2025-01-19,Delivered,12.08
57350,17350,Road,2025-05-10,Delivered,30.02
57351,17351,Air,2025-11-09,Delayed,36.2
57352,17352,Road,2025-07-29,Delayed,48.56
57353,17353,Road,2025-07-21,Delivered,45.87
57354,17354,Air,2025-11-22,Delayed,27.35
57355,17355,Air,2025-11-24,Delayed,49.25
57356,17356,Rail,2025-09-08,Delayed,23.72
57357,17357,Air,2025-06-20,Delayed,45.65
57358,17358,Rail,2025-05-11,Delivered,19.08
57359,17359,Road,2025-08-02,Delivered,20.16
57360,17360,Rail,2025-11-25,Delivered,14.11
57361,17361,Rail,2025-09-15,Delivered,32.91
57362,17362,Rail,2025-04-10,Delivered,24.34
57363,17363,Rail,2025-01-28,Delivered,17.67
57364,17364,Rail,2025-01-16,Delayed,21.94
57365,17365,Air,2025-03-25,Delivered,5.59
57366,17366,Rail,2025-08-13,Delivered,24.5
57367,17367,Rail,2025-08-22,Delayed,37.74
57368,17368,Air,2025-07-13,Delayed,30.8
57369,17369,Air,2025-04-09,Delivered,23.32
57370,17370,Road,2025-04-13,Delivered,17.46
57371,17371,Road,2025-12-20,Delivered,9.97
57372,17372,Rail,2025-08-19,Delivered,14.93
57373,17373,Road,2025-12-25,Delivered,39.55
57374,17374,Rail,2025-11-26,Delivered,17.71
57375,17375,Air,2025-12-13,Delivered,18.28
57376,17376,Rail,2025-04-03,Delivered,18.56
57377,17377,Rail,2025-06-26,Delivered,21.83
57378,17378,Air,2025-01-22,Delivered,10.18
57379,17379,Road,2025-04-04,Delivered,41.89
57380,17380,Rail,2025-06-02,Delivered,30.72
57381,17381,Air,2025-11-28,Delayed,27.79
57382,17382,Rail,2025-09-15,Delivered,46.78
57383,17383,Air,2025-11-13,Delivered,40.35
57384,17384,Road,2025-09-19,Delivered,24.36
57385,17385,Road,2025-01-11,Delivered,20.76
57386,17386,Rail,2025-11-01,Delivered,42.38
57387,17387,Rail,2025-12-31,Delivered,8.8
57388,17388,Rail,2025-11-04,Delivered,40.85
57389,17389,Air,2025-09-06,Delivered,20.24
57390,17390,Rail,2025-07-30,Delivered,14.81
57391,17391,Rail,2025-01-07,Delivered,48.41
57392,17392,Rail,2025-10-22,Delivered,29.75
57393,17393,Road,2025-02-03,Delivered,14.43
57394,17394,Road,2025-11-02,Delivered,30.49
57395,17395,Rail,2025-06-17,Delayed,23.61
57396,17396,Rail,2025-05-03,Delivered,36.21
57397,17397,Road,2025-11-22,Delivered,27.35
57398,17398,Rail,2025-11-26,Delivered,5.36
57399,17399,Rail,2025-12-30,Delivered,28.85
57400,17400,Road,2025-05-02,Delivered,31.49
57401,17401,Air,2025-03-12,Delivered,16.83
57402,17402,Air,2025-03-27,Delivered,45.81
57403,17403,Road,2025-03-11,Delayed,41.19
57404,17404,Rail,2025-02-26,Delivered,22.37
57405,17405,Rail,2025-10-16,Delivered,21.27
57406,17406,Road,2025-06-24,Delivered,39.7
57407,17407,Rail,2025-12-08,Delivered,29.07
57408,17408,Rail,2025-08-31,Delivered,14.53
57409,17409,Rail,2025-12-04,Delivered,47.21
57410,17410,Road,2025-12-17,Delivered,14.39
57411,17411,Rail,2025-10-25,Delivered,6.97
57412,17412,Air,2025-02-28,Delivered,9.04
57413,17413,Rail,2025-03-09,Delayed,19.62
57414,17414,Air,2025-03-06,Delivered,8.86
57415,17415,Road,2025-01-22,Delivered,35.39
57416,17416,Air,2025-08-22,Delivered,6.06
57417,17417,Rail,2025-12-19,Delivered,44.02
57418,17418,Rail,2025-11-17,Delivered,23.73
57419,17419,Air,2025-08-18,Delayed,43.68
57420,17420,Rail,2025-01-27,Delivered,36.26
57421,17421,Air,2025-02-05,Delayed,49.89
57422,17422,Road,2025-08-29,Delayed,48.58
57423,17423,Road,2025-04-11,Delivered,16.19
57424,17424,Rail,2025-02-25,Delivered,48.15
57425,17425,Road,2025-02-27,Delayed,27.42
57426,17426,Road,2025-08-18,Delivered,46.0
57427,17427,Road,2025-06-06,Delayed,21.23
57428,17428,Air,2025-07-27,Delayed,5.23
57429,17429,Road,2025-05-04,Delayed,20.65
57430,17430,Air,2025-03-02,Delivered,48.91
57431,17431,Road,2025-02-12,Delivered,24.78
57432,17432,Rail,2025-05-29,Delayed,47.13
57433,17433,Rail,2025-12-30,Delayed,42.47
57434,17434,Road,2025-04-30,Delayed,45.25
57435,17435,Air,2025-08-05,Delayed,6.3
57436,17436,Road,2025-04-19,Delivered,28.4
57437,17437,Air,2025-08-28,Delivered,19.51
57438,17438,Air,2025-06-22,Delivered,17.29
57439,17439,Road,2025-05-02,Delivered,7.21
57440,17440,Rail,2025-08-24,Delivered,17.95
57441,17441,Road,2025-06-03,Delivered,9.27
57442,17442,Rail,2025-04-10,Delayed,19.07
57443,17443,Road,2025-01-22,Delayed,47.41
57444,17444,Rail,2025-12-05,Delivered,10.92
57445,17445,Rail,2025-07-22,Delivered,35.56
57446,17446,Road,2025-12-08,Delayed,7.48
57447,17447,Road,2025-06-06,Delayed,8.09
57448,17448,Road,2025-10-14,Delivered,6.84
57449,17449,Rail,2025-12-01,Delivered,20.61
57450,17450,Road,2025-12-14,Delivered,32.74
57451,17451,Road,2025-07-14,Delivered,34.77
57452,17452,Rail,2025-04-30,Delivered,9.33
57453,17453,Rail,2025-12-31,Delayed,26.48
57454,17454,Road,2025-02-07,Delivered,30.57
57455,17455,Rail,2025-01-31,Delivered,42.52
57456,17456,Air,2025-12-23,Delivered,37.11
57457,17457,Rail,2025-02-22,Delayed,42.02
57458,17458,Rail,2025-03-16,Delayed,28.82
57459,17459,Air,2025-02-17,Delivered,45.54
57460,17460,Air,2025-08-11,Delivered,33.35
57461,17461,Road,2025-03-28,Delivered,32.89
57462,17462,Air,2025-08-11,Delivered,47.6
57463,17463,Rail,2025-03-06,Delivered,29.7
57464,17464,Rail,2025-05-11,Delivered,44.58
57465,17465,Road,2025-11-12,Delivered,12.68
57466,17466,Road,2025-09-14,Delivered,28.04
57467,17467,Rail,2025-01-30,Delivered,5.66
57468,17468,Road,2025-10-13,Delivered,12.64
57469,17469,Air,2025-03-30,Delivered,43.11
57470,17470,Rail,2025-03-25,Delayed,44.66
57471,17471,Road,2025-06-17,Delayed,39.38
57472,17472,Road,2025-07-12,Delivered,49.67
57473,17473,Road,2025-03-16,Delayed,49.16
57474,17474,Rail,2025-01-28,Delivered,23.36
57475,17475,Air,2025-07-22,Delivered,38.7
57476,17476,Air,2025-12-26,Delivered,39.59
57477,17477,Rail,2025-06-07,Delayed,43.15
57478,17478,Rail,2025-12-03,Delivered,45.32
57479,17479,Air,2025-06-17,Delivered,21.13
57480,17480,Road,2025-08-31,Delivered,22.97
57481,17481,Rail,2025-07-10,Delivered,34.86
57482,17482,Rail,2025-12-23,Delayed,45.86
57483,17483,Rail,2025-09-12,Delivered,6.81
57484,17484,Rail,2025-10-29,Delayed,33.79
57485,17485,Rail,2025-01-15,Delivered,14.4
57486,17486,Air,2025-12-24,Delivered,38.98
57487,17487,Road,2025-10-26,Delayed,48.92
57488,17488,Rail,2025-10-18,Delivered,47.5
57489,17489,Rail,2025-05-25,Delivered,30.82
57490,17490,Air,2025-08-06,Delivered,49.24
57491,17491,Rail,2025-11-11,Delivered,19.04
57492,17492,Road,2025-11-24,Delivered,18.1
57493,17493,Road,2025-02-01,Delivered,34.24
57494,17494,Air,2025-06-01,Delivered,7.1
57495,17495,Air,2025-08-17,Delivered,8.75
57496,17496,Air,2025-12-14,Delivered,23.95
57497,17497,Air,2025-09-01,Delayed,30.55
57498,17498,Air,2025-01-26,Delayed,25.75
57499,17499,Road,2025-12-16,Delivered,46.82
57500,17500,Rail,2025-10-17,Delivered,28.01
57501,17501,Road,2025-11-16,Delivered,49.54
57502,17502,Road,2025-01-07,Delivered,21.47
57503,17503,Rail,2025-10-01,Delivered,41.62
57504,17504,Air,2025-08-09,Delivered,6.45
57505,17505,Air,2025-10-23,Delayed,39.64
57506,17506,Rail,2025-10-26,Delivered,32.68
57507,17507,Road,2025-01-21,Delayed,11.86
57508,17508,Road,2025-02-07,Delayed,12.72
57509,17509,Rail,2025-06-27,Delivered,27.46
57510,17510,Rail,2025-07-19,Delivered,21.89
57511,17511,Air,2025-09-04,Delivered,28.6
57512,17512,Rail,2025-01-29,Delayed,11.25
57513,17513,Air,2025-07-14,Delayed,45.73
57514,17514,Road,2025-08-14,Delayed,42.9
57515,17515,Rail,2025-09-14,Delivered,36.68
57516,17516,Road,2025-01-22,Delivered,35.51
57517,17517,Air,2025-04-17,Delivered,40.63
57518,17518,Rail,2025-11-03,Delayed,44.59
57519,17519,Road,2025-04-06,Delivered,24.38
57520,17520,Rail,2025-08-14,Delayed,38.5
57521,17521,Air,2025-12-28,Delivered,12.72
57522,17522,Rail,2025-12-22,Delivered,41.85
57523,17523,Road,2025-08-03,Delivered,22.51
57524,17524,Air,2025-05-14,Delivered,21.35
57525,17525,Air,2025-06-13,Delivered,23.29
57526,17526,Rail,2025-12-15,Delivered,46.48
57527,17527,Air,2025-09-01,Delayed,9.68
57528,17528,Rail,2025-01-08,Delayed,33.63
57529,17529,Road,2025-02-12,Delivered,45.87
57530,17530,Rail,2025-07-02,Delayed,14.23
57531,17531,Road,2025-03-22,Delivered,45.55
57532,17532,Rail,2025-01-24,Delivered,17.62
57533,17533,Rail,2025-03-11,Delivered,11.99
57534,17534,Air,2025-08-25,Delivered,42.04
57535,17535,Road,2025-07-20,Delivered,21.63
57536,17536,Road,2025-03-06,Delivered,27.11
57537,17537,Rail,2026-01-06,Delivered,41.44
57538,17538,Rail,2025-04-23,Delivered,20.48
57539,17539,Air,2025-05-04,Delivered,32.05
57540,17540,Rail,2025-07-17,Delivered,24.22
57541,17541,Air,2025-02-05,Delivered,26.56
57542,17542,Road,2025-07-19,Delivered,11.04
57543,17543,Rail,2025-11-05,Delayed,24.84
57544,17544,Rail,2025-03-02,Delivered,28.57
57545,17545,Rail,2025-01-24,Delivered,48.84
57546,17546,Rail,2025-10-30,Delivered,46.43
57547,17547,Air,2025-06-25,Delayed,13.61
57548,17548,Road,2025-12-23,Delivered,38.12
57549,17549,Air,2025-12-21,Delivered,15.01
57550,17550,Rail,2025-11-01,Delivered,30.0
57551,17551,Rail,2025-02-03,Delivered,29.71
57552,17552,Rail,2025-11-12,Delivered,26.83
57553,17553,Rail,2025-07-31,Delivered,10.17
57554,17554,Air,2025-03-12,Delayed,27.21
57555,17555,Air,2025-11-04,Delivered,42.53
57556,17556,Road,2025-08-10,Delivered,25.42
57557,17557,Rail,2025-03-31,Delayed,10.48
57558,17558,Rail,2025-02-01,Delivered,9.48
57559,17559,Rail,2025-03-10,Delayed,43.39
57560,17560,Rail,2025-02-02,Delayed,16.76
57561,17561,Road,2025-09-12,Delivered,5.65
57562,17562,Rail,2025-07-22,Delivered,49.28
57563,17563,Air,2025-05-20,Delivered,8.58
57564,17564,Rail,2025-04-26,Delivered,6.08
57565,17565,Rail,2025-07-16,Delivered,21.39
57566,17566,Rail,2025-06-02,Delayed,13.64
57567,17567,Road,2025-09-07,Delivered,29.57
57568,17568,Air,2025-06-03,Delivered,23.74
57569,17569,Rail,2025-02-24,Delayed,25.27
57570,17570,Rail,2025-10-14,Delivered,8.99
57571,17571,Air,2025-03-31,Delivered,36.63
57572,17572,Air,2025-05-05,Delivered,8.0
57573,17573,Rail,2025-06-08,Delivered,45.52
57574,17574,Air,2025-11-20,Delivered,27.72
57575,17575,Rail,2025-02-07,Delivered,25.82
57576,17576,Rail,2025-03-23,Delivered,15.86
57577,17577,Rail,2025-01-07,Delivered,28.63
57578,17578,Road,2025-02-25,Delayed,40.95
57579,17579,Air,2025-11-24,Delivered,14.27
57580,17580,Rail,2025-02-16,Delayed,43.4
57581,17581,Road,2025-06-11,Delivered,34.73
57582,17582,Rail,2025-09-04,Delivered,20.81
57583,17583,Air,2025-11-26,Delivered,18.11
57584,17584,Road,2025-02-06,Delayed,7.46
57585,17585,Road,2025-01-26,Delivered,13.78
57586,17586,Air,2025-10-09,Delivered,40.27
57587,17587,Road,2025-11-14,Delivered,33.06
57588,17588,Air,2025-02-11,Delivered,28.6
57589,17589,Rail,2025-08-13,Delivered,5.68
57590,17590,Rail,2025-12-19,Delayed,48.99
57591,17591,Road,2025-11-22,Delayed,43.04
57592,17592,Road,2025-06-29,Delivered,49.09
57593,17593,Air,2025-07-26,Delivered,24.51
57594,17594,Air,2025-10-12,Delivered,25.43
57595,17595,Rail,2025-11-13,Delivered,48.31
57596,17596,Rail,2025-10-18,Delivered,22.59
57597,17597,Rail,2025-01-18,Delivered,42.41
57598,17598,Air,2025-04-18,Delivered,26.49
57599,17599,Road,2025-04-20,Delivered,15.84
57600,17600,Rail,2025-07-02,Delivered,36.11
57601,17601,Rail,2025-09-30,Delivered,11.29
57602,17602,Rail,2025-06-17,Delayed,12.71
57603,17603,Road,2025-02-05,Delivered,8.44
57604,17604,Air,2025-03-31,Delivered,37.99
57605,17605,Rail,2025-09-08,Delivered,29.99
57606,17606,Rail,2025-08-30,Delivered,29.26
57607,17607,Road,2025-03-11,Delivered,30.01
57608,17608,Air,2026-01-05,Delivered,22.02
57609,17609,Rail,2025-11-24,Delivered,20.92
57610,17610,Rail,2025-07-10,Delivered,48.2
57611,17611,Rail,2025-11-10,Delayed,32.16
57612,17612,Rail,2025-04-16,Delivered,10.82
57613,17613,Air,2025-08-01,Delivered,42.28
57614,17614,Air,2025-08-27,Delayed,48.4
57615,17615,Rail,2025-10-16,Delivered,35.71
57616,17616,Air,2025-02-10,Delivered,37.18
57617,17617,Rail,2025-12-03,Delayed,37.24
57618,17618,Air,2025-01-09,Delivered,20.73
57619,17619,Rail,2025-08-31,Delivered,25.74
57620,17620,Road,2025-07-07,Delayed,33.62
57621,17621,Rail,2026-01-04,Delivered,23.12
57622,17622,Rail,2025-08-17,Delayed,33.03
57623,17623,Road,2025-12-18,Delivered,33.66
57624,17624,Road,2025-12-17,Delivered,34.06
57625,17625,Road,2025-12-07,Delivered,32.78
57626,17626,Road,2025-10-06,Delayed,34.05
57627,17627,Rail,2025-04-08,Delayed,16.56
57628,17628,Road,2025-09-06,Delivered,21.06
57629,17629,Rail,2026-01-02,Delivered,45.77
57630,17630,Road,2025-05-07,Delivered,15.84
57631,17631,Rail,2026-01-01,Delivered,47.41
57632,17632,Road,2025-01-15,Delivered,28.46
57633,17633,Air,2025-07-07,Delivered,35.15
57634,17634,Rail,2026-01-02,Delivered,11.17
57635,17635,Road,2025-11-24,Delayed,13.36
57636,17636,Air,2025-05-07,Delivered,10.58
57637,17637,Road,2025-05-23,Delivered,15.7
57638,17638,Air,2025-02-22,Delivered,6.84
57639,17639,Road,2025-02-21,Delayed,10.99
57640,17640,Rail,2025-07-08,Delivered,25.87
57641,17641,Air,2025-07-13,Delivered,40.2
57642,17642,Air,2025-04-10,Delivered,35.36
57643,17643,Road,2025-10-03,Delivered,28.46
57644,17644,Rail,2025-10-09,Delayed,41.65
57645,17645,Air,2025-11-09,Delayed,20.55
57646,17646,Road,2025-08-03,Delivered,28.73
57647,17647,Air,2025-03-16,Delayed,7.98
57648,17648,Air,2025-06-23,Delivered,35.38
57649,17649,Road,2025-08-17,Delayed,12.79
57650,17650,Road,2025-12-07,Delayed,5.86
57651,17651,Air,2025-10-09,Delivered,32.25
57652,17652,Air,2025-02-19,Delivered,25.7
57653,17653,Air,2025-07-03,Delivered,34.74
57654,17654,Road,2025-02-06,Delivered,33.73
57655,17655,Air,2025-10-28,Delayed,43.6
57656,17656,Road,2025-12-20,Delivered,33.83
57657,17657,Rail,2025-01-30,Delivered,43.92
57658,17658,Rail,2025-03-05,Delivered,6.24
57659,17659,Road,2025-08-12,Delivered,27.53
57660,17660,Road,2025-11-07,Delivered,45.69
57661,17661,Rail,2025-12-26,Delayed,26.08
57662,17662,Rail,2025-04-25,Delivered,14.95
57663,17663,Road,2025-11-14,Delivered,10.13
57664,17664,Rail,2025-05-24,Delivered,20.89
57665,17665,Air,2025-05-21,Delayed,41.04
57666,17666,Air,2025-12-01,Delivered,21.13
57667,17667,Rail,2025-10-23,Delayed,20.75
57668,17668,Road,2025-01-19,Delivered,44.43
57669,17669,Air,2025-11-13,Delayed,15.77
57670,17670,Air,2025-06-16,Delayed,26.74
57671,17671,Rail,2025-05-14,Delivered,7.09
57672,17672,Road,2025-05-15,Delivered,33.98
57673,17673,Road,2026-01-06,Delivered,42.97
57674,17674,Air,2025-12-19,Delivered,34.01
57675,17675,Air,2025-08-15,Delivered,6.45
57676,17676,Road,2025-01-25,Delayed,5.95
57677,17677,Road,2025-08-20,Delivered,43.32
57678,17678,Air,2025-06-10,Delayed,24.9
57679,17679,Air,2025-05-10,Delayed,18.21
57680,17680,Rail,2025-12-07,Delivered,44.77
57681,17681,Air,2025-09-18,Delivered,18.45
57682,17682,Rail,2025-08-25,Delayed,39.31
57683,17683,Road,2025-06-04,Delivered,45.83
57684,17684,Air,2025-11-18,Delivered,6.69
57685,17685,Rail,2025-07-27,Delivered,21.6
57686,17686,Road,2025-07-28,Delivered,32.46
57687,17687,Road,2025-09-23,Delivered,26.48
57688,17688,Air,2025-04-24,Delivered,41.02
57689,17689,Air,2025-07-21,Delayed,11.92
57690,17690,Air,2025-03-23,Delivered,35.89
57691,17691,Rail,2025-10-22,Delivered,40.43
57692,17692,Road,2025-06-28,Delivered,43.28
57693,17693,Road,2025-11-28,Delivered,43.59
57694,17694,Rail,2025-05-31,Delivered,29.09
57695,17695,Rail,2025-04-11,Delivered,42.58
57696,17696,Road,2025-03-05,Delayed,12.39
57697,17697,Air,2025-06-06,Delayed,46.36
57698,17698,Road,2025-04-29,Delayed,15.77
57699,17699,Air,2025-04-13,Delivered,32.57
57700,17700,Air,2025-04-22,Delayed,20.88
57701,17701,Rail,2025-06-20,Delivered,19.1
57702,17702,Air,2025-08-14,Delivered,21.55
57703,17703,Rail,2025-09-10,Delayed,35.09
57704,17704,Rail,2025-06-22,Delivered,31.12
57705,17705,Rail,2025-10-31,Delivered,10.89
57706,17706,Road,2025-09-03,Delivered,37.44
57707,17707,Rail,2025-07-28,Delivered,30.03
57708,17708,Air,2025-10-02,Delayed,38.45
57709,17709,Road,2025-04-07,Delivered,21.81
57710,17710,Road,2025-09-12,Delayed,25.4
57711,17711,Air,2025-05-10,Delivered,36.7
57712,17712,Rail,2025-05-28,Delivered,38.45
57713,17713,Road,2025-07-21,Delivered,22.7
57714,17714,Air,2025-06-16,Delivered,12.81
57715,17715,Air,2025-08-05,Delivered,11.87
57716,17716,Road,2025-05-22,Delivered,23.39
57717,17717,Air,2025-12-14,Delayed,38.49
57718,17718,Rail,2025-01-12,Delivered,45.96
57719,17719,Air,2025-01-30,Delivered,42.86
57720,17720,Air,2025-08-20,Delivered,33.91
57721,17721,Rail,2025-09-17,Delivered,45.66
57722,17722,Air,2025-12-31,Delivered,16.07
57723,17723,Rail,2025-08-19,Delivered,42.03
57724,17724,Rail,2025-10-06,Delayed,11.21
57725,17725,Rail,2025-04-22,Delivered,14.78
57726,17726,Road,2025-08-06,Delayed,25.15
57727,17727,Air,2025-03-27,Delivered,10.69
57728,17728,Rail,2025-03-22,Delayed,41.81
57729,17729,Air,2025-06-20,Delayed,32.39
57730,17730,Rail,2025-12-29,Delayed,28.19
57731,17731,Air,2025-08-17,Delivered,29.46
57732,17732,Rail,2025-02-25,Delivered,38.57
57733,17733,Road,2025-02-01,Delivered,49.54
57734,17734,Rail,2025-09-25,Delivered,23.88
57735,17735,Rail,2025-02-08,Delivered,29.11
57736,17736,Rail,2025-01-20,Delayed,34.67
57737,17737,Rail,2025-04-25,Delivered,20.51
57738,17738,Road,2025-10-20,Delivered,36.09
57739,17739,Rail,2025-11-11,Delivered,36.62
57740,17740,Rail,2025-03-07,Delivered,38.5
57741,17741,Rail,2025-10-26,Delivered,46.82
57742,17742,Air,2025-01-16,Delivered,29.51
57743,17743,Air,2025-08-20,Delayed,21.9
57744,17744,Rail,2025-12-27,Delivered,12.38
57745,17745,Air,2025-12-16,Delivered,26.73
57746,17746,Air,2025-12-02,Delayed,34.77
57747,17747,Air,2025-01-20,Delivered,11.56
57748,17748,Road,2025-01-03,Delivered,14.37
57749,17749,Road,2025-05-13,Delivered,28.1
57750,17750,Air,2025-04-25,Delivered,26.86
57751,17751,Rail,2025-07-15,Delivered,40.05
57752,17752,Rail,2025-10-13,Delayed,9.66
57753,17753,Road,2025-05-24,Delivered,10.87
57754,17754,Air,2025-12-26,Delivered,46.87
57755,17755,Air,2025-08-07,Delayed,5.1
57756,17756,Air,2025-02-02,Delivered,13.01
57757,17757,Road,2025-11-23,Delayed,46.41
57758,17758,Road,2025-12-12,Delivered,15.06
57759,17759,Air,2025-07-10,Delayed,37.57
57760,17760,Air,2025-08-27,Delayed,40.1
57761,17761,Rail,2025-11-09,Delivered,26.94
57762,17762,Rail,2025-04-23,Delayed,41.69
57763,17763,Road,2025-05-21,Delivered,20.17
57764,17764,Road,2025-03-05,Delayed,33.71
57765,17765,Air,2025-07-25,Delivered,17.61
57766,17766,Air,2025-11-04,Delivered,37.5
57767,17767,Air,2025-04-17,Delayed,30.6
57768,17768,Air,2025-08-26,Delivered,26.85
57769,17769,Air,2025-07-28,Delivered,49.63
57770,17770,Road,2025-12-18,Delivered,7.1
57771,17771,Road,2025-06-01,Delivered,23.27
57772,17772,Air,2025-11-04,Delivered,31.0
57773,17773,Air,2025-11-30,Delivered,10.0
57774,17774,Rail,2025-06-05,Delivered,44.19
57775,17775,Air,2025-05-19,Delivered,33.29
57776,17776,Rail,2025-07-29,Delayed,7.49
57777,17777,Rail,2025-05-08,Delivered,22.57
57778,17778,Air,2025-05-12,Delivered,18.5
57779,17779,Road,2025-11-08,Delivered,39.1
57780,17780,Rail,2025-08-03,Delayed,36.01
57781,17781,Air,2025-06-29,Delivered,13.41
57782,17782,Rail,2025-03-12,Delivered,11.1
57783,17783,Air,2025-08-28,Delivered,14.41
57784,17784,Rail,2025-02-12,Delivered,20.88
57785,17785,Road,2025-07-06,Delivered,17.18
57786,17786,Rail,2025-09-11,Delivered,14.23
57787,17787,Air,2025-02-01,Delivered,33.06
57788,17788,Air,2025-04-02,Delayed,35.68
57789,17789,Air,2025-11-03,Delayed,23.63
57790,17790,Air,2025-06-10,Delivered,17.26
57791,17791,Road,2026-01-01,Delivered,5.91
57792,17792,Rail,2025-04-22,Delivered,43.0
57793,17793,Rail,2025-04-17,Delayed,14.65
57794,17794,Road,2025-04-18,Delivered,10.74
57795,17795,Air,2025-03-13,Delivered,9.26
57796,17796,Rail,2025-05-04,Delivered,28.1
57797,17797,Road,2025-07-17,Delayed,37.13
57798,17798,Air,2025-11-09,Delayed,46.93
57799,17799,Rail,2025-05-13,Delivered,39.01
57800,17800,Road,2025-06-06,Delayed,37.18
57801,17801,Rail,2025-01-12,Delayed,7.14
57802,17802,Rail,2025-06-11,Delivered,30.15
57803,17803,Air,2025-11-02,Delayed,12.26
57804,17804,Rail,2025-03-09,Delayed,24.38
57805,17805,Air,2025-11-14,Delayed,40.3
57806,17806,Air,2025-03-07,Delivered,27.53
57807,17807,Air,2025-05-19,Delivered,13.95
57808,17808,Road,2025-08-12,Delivered,46.0
57809,17809,Rail,2025-05-22,Delivered,45.95
57810,17810,Rail,2025-01-21,Delivered,42.93
57811,17811,Road,2025-03-15,Delivered,43.38
57812,17812,Air,2025-06-25,Delivered,17.67
57813,17813,Rail,2025-06-13,Delayed,9.54
57814,17814,Road,2025-06-21,Delivered,49.17
57815,17815,Rail,2025-06-28,Delivered,34.49
57816,17816,Road,2025-01-25,Delivered,31.67
57817,17817,Road,2025-01-29,Delivered,42.65
57818,17818,Road,2025-08-05,Delayed,9.11
57819,17819,Road,2025-06-02,Delivered,8.27
57820,17820,Rail,2025-09-30,Delayed,34.46
57821,17821,Rail,2025-12-12,Delivered,19.58
57822,17822,Rail,2025-06-28,Delivered,42.38
57823,17823,Road,2025-08-15,Delivered,23.99
57824,17824,Road,2025-11-25,Delivered,8.87
57825,17825,Rail,2025-03-26,Delivered,49.76
57826,17826,Road,2025-01-13,Delivered,17.04
57827,17827,Air,2025-04-16,Delivered,7.26
57828,17828,Road,2025-10-30,Delivered,18.17
57829,17829,Rail,2025-07-03,Delayed,48.05
57830,17830,Air,2025-05-21,Delivered,47.02
57831,17831,Air,2025-05-02,Delivered,19.94
57832,17832,Road,2025-10-08,Delayed,12.62
57833,17833,Road,2025-09-13,Delivered,27.53
57834,17834,Rail,2025-08-09,Delivered,37.53
57835,17835,Rail,2025-03-17,Delivered,27.21
57836,17836,Rail,2025-05-08,Delayed,38.33
57837,17837,Road,2025-08-12,Delivered,49.74
57838,17838,Road,2025-10-09,Delivered,35.8
57839,17839,Road,2025-02-26,Delivered,18.93
57840,17840,Rail,2025-08-05,Delivered,8.17
57841,17841,Road,2025-07-10,Delayed,31.38
57842,17842,Air,2025-09-27,Delivered,43.71
57843,17843,Rail,2025-04-11,Delivered,22.35
57844,17844,Rail,2025-03-06,Delivered,37.97
57845,17845,Air,2025-02-27,Delivered,10.99
57846,17846,Air,2025-09-18,Delivered,37.82
57847,17847,Road,2025-12-30,Delivered,42.49
57848,17848,Road,2025-07-27,Delivered,14.64
57849,17849,Rail,2025-10-03,Delivered,24.06
57850,17850,Rail,2025-10-31,Delivered,9.44
57851,17851,Air,2025-11-15,Delayed,6.31
57852,17852,Road,2025-11-13,Delayed,36.09
57853,17853,Road,2026-01-03,Delivered,36.15
57854,17854,Road,2025-01-11,Delivered,7.49
57855,17855,Air,2025-05-19,Delayed,18.81
57856,17856,Road,2025-10-03,Delivered,44.84
57857,17857,Road,2025-04-29,Delivered,7.49
57858,17858,Road,2025-03-23,Delivered,48.18
57859,17859,Road,2025-10-03,Delivered,26.93
57860,17860,Road,2025-04-30,Delivered,30.29
57861,17861,Rail,2025-05-06,Delayed,24.44
57862,17862,Road,2025-02-26,Delivered,45.68
57863,17863,Rail,2025-06-09,Delayed,47.31
57864,17864,Road,2025-12-19,Delayed,9.33
57865,17865,Air,2025-02-10,Delivered,22.12
57866,17866,Road,2025-04-23,Delivered,17.41
57867,17867,Rail,2025-01-13,Delivered,25.93
57868,17868,Rail,2025-02-01,Delivered,33.25
57869,17869,Rail,2025-05-24,Delivered,46.93
57870,17870,Rail,2025-10-16,Delayed,46.33
57871,17871,Road,2025-01-18,Delivered,46.05
57872,17872,Rail,2025-10-11,Delivered,19.81
57873,17873,Road,2025-08-23,Delivered,20.05
57874,17874,Rail,2025-01-13,Delivered,32.36
57875,17875,Air,2025-02-26,Delivered,38.67
57876,17876,Air,2025-10-04,Delivered,23.26
57877,17877,Road,2025-09-14,Delivered,11.7
57878,17878,Road,2025-01-10,Delivered,33.99
57879,17879,Road,2025-09-25,Delivered,24.72
57880,17880,Air,2025-04-05,Delivered,17.2
57881,17881,Rail,2025-11-26,Delivered,43.37
57882,17882,Air,2025-04-29,Delayed,10.13
57883,17883,Road,2025-03-10,Delivered,7.13
57884,17884,Rail,2025-08-22,Delayed,44.37
57885,17885,Road,2025-07-05,Delivered,8.58
57886,17886,Road,2025-10-27,Delivered,26.97
57887,17887,Road,2025-03-27,Delivered,35.25
57888,17888,Road,2025-04-19,Delayed,33.0
57889,17889,Road,2025-09-09,Delivered,28.05
57890,17890,Road,2025-09-15,Delayed,24.18
57891,17891,Air,2025-04-18,Delivered,15.3
57892,17892,Air,2025-07-10,Delivered,14.84
57893,17893,Road,2025-04-26,Delivered,28.88
57894,17894,Road,2025-10-29,Delivered,31.13
57895,17895,Air,2025-10-24,Delivered,28.62
57896,17896,Road,2025-06-25,Delayed,37.98
57897,17897,Air,2025-09-01,Delivered,18.8
57898,17898,Rail,2025-07-02,Delivered,28.52
57899,17899,Rail,2025-03-20,Delivered,35.66
57900,17900,Road,2025-10-30,Delivered,24.72
57901,17901,Air,2025-02-28,Delivered,13.47
57902,17902,Road,2025-05-23,Delivered,30.75
57903,17903,Air,2025-02-20,Delivered,14.81
57904,17904,Air,2025-08-25,Delayed,18.27
57905,17905,Road,2025-06-25,Delivered,14.69
57906,17906,Rail,2025-05-18,Delayed,40.78
57907,17907,Air,2025-10-10,Delivered,42.64
57908,17908,Road,2025-09-17,Delayed,16.37
57909,17909,Air,2025-08-02,Delivered,39.55
57910,17910,Rail,2025-05-28,Delayed,20.61
57911,17911,Road,2025-06-26,Delivered,46.92
57912,17912,Rail,2025-12-08,Delivered,30.85
57913,17913,Road,2025-04-22,Delivered,34.76
57914,17914,Rail,2025-06-20,Delivered,32.71
57915,17915,Rail,2025-03-04,Delivered,12.35
57916,17916,Rail,2025-11-08,Delivered,28.19
57917,17917,Rail,2025-02-14,Delivered,48.79
57918,17918,Air,2025-07-08,Delivered,46.95
57919,17919,Air,2025-12-01,Delivered,29.93
57920,17920,Road,2025-09-23,Delivered,25.33
57921,17921,Air,2025-06-16,Delivered,22.0
57922,17922,Air,2025-12-28,Delayed,25.98
57923,17923,Road,2025-06-05,Delayed,44.59
57924,17924,Road,2025-03-24,Delivered,37.35
57925,17925,Road,2025-02-02,Delayed,45.73
57926,17926,Air,2025-01-31,Delayed,39.74
57927,17927,Road,2025-12-27,Delivered,11.82
57928,17928,Air,2025-04-02,Delivered,9.54
57929,17929,Rail,2025-03-12,Delayed,40.94
57930,17930,Air,2025-11-13,Delivered,23.63
57931,17931,Air,2025-04-21,Delivered,36.62
57932,17932,Air,2025-11-10,Delivered,27.76
57933,17933,Air,2025-01-06,Delivered,45.2
57934,17934,Road,2025-06-27,Delivered,14.32
57935,17935,Road,2026-01-04,Delivered,14.59
57936,17936,Air,2025-01-06,Delayed,5.83
57937,17937,Road,2025-03-08,Delivered,25.82
57938,17938,Air,2025-01-26,Delivered,5.91
57939,17939,Road,2025-04-19,Delivered,6.33
57940,17940,Air,2025-09-23,Delivered,30.92
57941,17941,Rail,2025-05-07,Delivered,24.22
57942,17942,Air,2025-03-18,Delivered,32.6
57943,17943,Road,2025-10-08,Delivered,39.2
57944,17944,Rail,2025-09-20,Delivered,39.22
57945,17945,Road,2025-02-05,Delivered,24.92
57946,17946,Rail,2025-02-01,Delivered,43.17
57947,17947,Road,2025-10-14,Delivered,17.48
57948,17948,Rail,2025-09-06,Delivered,6.21
57949,17949,Road,2025-09-12,Delayed,33.61
57950,17950,Road,2025-02-28,Delivered,29.19
57951,17951,Rail,2025-05-22,Delivered,35.43
57952,17952,Road,2025-11-13,Delayed,10.55
57953,17953,Road,2025-08-27,Delivered,9.28
57954,17954,Rail,2025-09-05,Delayed,43.51
57955,17955,Rail,2025-07-24,Delivered,9.22
57956,17956,Rail,2025-03-20,Delivered,31.21
57957,17957,Air,2025-04-16,Delivered,29.58
57958,17958,Road,2025-03-09,Delivered,49.01
57959,17959,Air,2025-01-24,Delivered,49.49
57960,17960,Road,2025-04-02,Delivered,10.54
57961,17961,Air,2025-01-29,Delivered,42.57
57962,17962,Rail,2025-10-05,Delayed,8.46
57963,17963,Rail,2025-09-26,Delivered,46.38
57964,17964,Rail,2025-11-24,Delivered,15.89
57965,17965,Rail,2025-07-17,Delivered,48.25
57966,17966,Air,2025-04-14,Delivered,5.88
57967,17967,Road,2025-11-20,Delivered,28.27
57968,17968,Road,2025-08-08,Delivered,47.76
57969,17969,Road,2025-06-18,Delayed,39.42
57970,17970,Road,2025-03-19,Delivered,44.93
57971,17971,Road,2025-03-29,Delivered,20.44
57972,17972,Air,2025-02-23,Delivered,27.6
57973,17973,Road,2025-10-13,Delivered,34.19
57974,17974,Air,2025-02-11,Delayed,43.07
57975,17975,Air,2025-01-19,Delayed,27.36
57976,17976,Air,2025-05-09,Delivered,49.58
57977,17977,Air,2025-08-26,Delivered,23.18
57978,17978,Rail,2025-10-20,Delayed,26.7
57979,17979,Rail,2025-03-23,Delivered,37.35
57980,17980,Road,2025-06-30,Delivered,39.11
57981,17981,Road,2025-09-24,Delivered,21.54
57982,17982,Rail,2025-03-28,Delivered,26.48
57983,17983,Road,2025-05-20,Delivered,39.5
57984,17984,Air,2025-04-08,Delayed,5.01
57985,17985,Air,2025-07-13,Delayed,33.09
57986,17986,Road,2025-04-26,Delivered,29.85
57987,17987,Air,2025-01-31,Delivered,36.24
57988,17988,Air,2025-06-20,Delivered,41.46
57989,17989,Road,2025-04-01,Delivered,23.81
57990,17990,Rail,2025-11-09,Delivered,10.87
57991,17991,Rail,2025-09-21,Delivered,11.8
57992,17992,Road,2025-11-07,Delivered,10.47
57993,17993,Air,2025-04-27,Delivered,48.76
57994,17994,Road,2025-07-24,Delivered,19.73
57995,17995,Rail,2025-04-12,Delivered,10.61
57996,17996,Rail,2025-03-11,Delivered,43.55
57997,17997,Rail,2025-08-17,Delivered,45.73
57998,17998,Air,2025-03-23,Delivered,27.98
57999,17999,Rail,2025-01-14,Delayed,26.73
58000,18000,Road,2025-12-25,Delayed,17.12
58001,18001,Rail,2025-01-12,Delivered,21.11
58002,18002,Road,2025-03-18,Delayed,10.5
58003,18003,Road,2025-02-21,Delivered,44.02
58004,18004,Road,2025-04-02,Delayed,42.38
58005,18005,Rail,2025-07-12,Delivered,27.67
58006,18006,Road,2025-08-07,Delivered,15.92
58007,18007,Rail,2025-04-04,Delivered,36.24
58008,18008,Road,2025-08-29,Delivered,37.89
58009,18009,Road,2025-02-10,Delivered,28.43
58010,18010,Road,2025-07-07,Delivered,12.05
58011,18011,Air,2025-06-11,Delayed,28.66
58012,18012,Air,2025-09-26,Delivered,17.59
58013,18013,Rail,2025-07-07,Delayed,49.84
58014,18014,Air,2025-09-11,Delivered,26.91
58015,18015,Air,2025-11-13,Delayed,32.17
58016,18016,Air,2025-05-01,Delivered,6.14
58017,18017,Road,2025-11-06,Delivered,44.17
58018,18018,Road,2025-09-15,Delivered,24.08
58019,18019,Road,2025-11-25,Delivered,22.2
58020,18020,Road,2025-09-26,Delivered,44.62
58021,18021,Air,2025-09-17,Delivered,7.02
58022,18022,Rail,2025-11-20,Delivered,5.65
58023,18023,Air,2025-11-08,Delivered,49.1
58024,18024,Road,2025-06-16,Delivered,36.79
58025,18025,Road,2025-10-28,Delivered,49.58
58026,18026,Road,2025-06-04,Delivered,11.4
58027,18027,Air,2025-06-23,Delivered,20.31
58028,18028,Rail,2025-05-22,Delivered,38.3
58029,18029,Air,2025-07-16,Delivered,48.14
58030,18030,Road,2025-04-26,Delivered,18.91
58031,18031,Road,2025-05-28,Delivered,21.88
58032,18032,Road,2025-07-07,Delivered,20.15
58033,18033,Air,2025-09-09,Delivered,33.12
58034,18034,Rail,2025-09-21,Delivered,32.46
58035,18035,Road,2025-11-20,Delivered,26.13
58036,18036,Road,2025-08-02,Delivered,13.65
58037,18037,Air,2025-07-28,Delivered,30.62
58038,18038,Rail,2025-02-23,Delivered,27.43
58039,18039,Rail,2025-11-06,Delivered,31.54
58040,18040,Road,2025-01-13,Delivered,11.23
58041,18041,Rail,2025-02-22,Delivered,8.61
58042,18042,Air,2025-05-26,Delivered,13.75
58043,18043,Air,2025-12-15,Delivered,25.92
58044,18044,Air,2025-05-19,Delivered,10.96
58045,18045,Road,2025-01-13,Delayed,42.96
58046,18046,Road,2025-12-13,Delivered,31.81
58047,18047,Road,2025-12-18,Delivered,33.3
58048,18048,Rail,2025-06-16,Delivered,16.47
58049,18049,Road,2025-12-20,Delivered,24.74
58050,18050,Air,2025-07-23,Delivered,39.56
58051,18051,Rail,2025-03-05,Delivered,47.58
58052,18052,Air,2025-11-12,Delivered,40.33
58053,18053,Air,2025-06-24,Delivered,11.5
58054,18054,Air,2025-03-20,Delivered,25.12
58055,18055,Road,2025-08-30,Delivered,18.9
58056,18056,Air,2025-08-12,Delivered,49.62
58057,18057,Rail,2025-09-12,Delivered,18.03
58058,18058,Road,2025-04-17,Delivered,21.62
58059,18059,Road,2025-07-21,Delivered,19.28
58060,18060,Road,2025-03-26,Delivered,28.18
58061,18061,Road,2025-02-19,Delivered,49.66
58062,18062,Rail,2025-05-18,Delivered,18.59
58063,18063,Rail,2025-11-08,Delivered,7.64
58064,18064,Road,2025-05-27,Delivered,24.8
58065,18065,Road,2025-02-03,Delivered,48.36
58066,18066,Road,2025-12-17,Delivered,5.36
58067,18067,Road,2025-01-12,Delivered,16.51
58068,18068,Road,2025-11-22,Delayed,30.71
58069,18069,Rail,2025-01-18,Delayed,45.54
58070,18070,Road,2025-06-27,Delayed,22.43
58071,18071,Rail,2025-11-22,Delayed,29.57
58072,18072,Rail,2025-09-27,Delivered,39.71
58073,18073,Rail,2025-06-02,Delayed,49.33
58074,18074,Air,2025-01-13,Delivered,21.83
58075,18075,Road,2025-05-28,Delivered,22.22
58076,18076,Road,2025-08-19,Delivered,42.71
58077,18077,Air,2025-06-20,Delayed,21.8
58078,18078,Road,2025-08-25,Delivered,20.84
58079,18079,Road,2025-08-26,Delayed,41.76
58080,18080,Rail,2025-05-22,Delivered,20.65
58081,18081,Rail,2025-06-23,Delivered,19.12
58082,18082,Air,2025-09-26,Delayed,26.72
58083,18083,Road,2025-05-09,Delayed,42.92
58084,18084,Rail,2025-06-20,Delivered,5.62
58085,18085,Air,2025-07-28,Delivered,31.8
58086,18086,Road,2025-07-31,Delivered,43.47
58087,18087,Road,2025-05-19,Delivered,30.8
58088,18088,Rail,2025-09-06,Delivered,44.54
58089,18089,Rail,2025-07-04,Delayed,48.97
58090,18090,Road,2025-03-04,Delayed,9.85
58091,18091,Rail,2026-01-01,Delivered,12.59
58092,18092,Road,2025-02-04,Delivered,25.2
58093,18093,Rail,2025-04-26,Delayed,29.55
58094,18094,Rail,2025-01-28,Delivered,49.29
58095,18095,Road,2025-03-06,Delivered,9.41
58096,18096,Rail,2025-04-19,Delivered,39.45
58097,18097,Rail,2025-09-03,Delivered,28.42
58098,18098,Air,2025-11-02,Delivered,22.46
58099,18099,Air,2025-10-25,Delivered,16.69
58100,18100,Road,2026-01-06,Delivered,25.09
58101,18101,Air,2025-12-13,Delivered,18.07
58102,18102,Road,2025-10-05,Delivered,33.91
58103,18103,Rail,2025-12-14,Delivered,14.36
58104,18104,Road,2025-04-02,Delivered,43.6
58105,18105,Road,2025-05-07,Delivered,13.52
58106,18106,Road,2025-03-01,Delivered,25.24
58107,18107,Rail,2025-05-14,Delivered,40.74
58108,18108,Road,2025-10-14,Delivered,21.78
58109,18109,Air,2025-05-21,Delivered,21.68
58110,18110,Rail,2025-12-03,Delayed,31.48
58111,18111,Rail,2025-03-04,Delayed,28.33
58112,18112,Rail,2025-06-23,Delivered,8.5
58113,18113,Rail,2025-02-04,Delivered,14.8
58114,18114,Air,2025-12-28,Delivered,20.82
58115,18115,Road,2025-11-23,Delivered,19.6
58116,18116,Road,2025-11-08,Delivered,29.7
58117,18117,Rail,2025-05-28,Delivered,15.94
58118,18118,Road,2025-11-08,Delivered,14.71
58119,18119,Road,2025-03-31,Delivered,30.64
58120,18120,Rail,2025-01-05,Delivered,11.84
58121,18121,Rail,2025-04-26,Delivered,17.52
58122,18122,Air,2025-12-03,Delivered,39.53
58123,18123,Rail,2025-06-04,Delivered,42.74
58124,18124,Air,2025-09-04,Delivered,32.59
58125,18125,Rail,2025-12-13,Delivered,21.77
58126,18126,Rail,2025-12-02,Delivered,30.24
58127,18127,Road,2025-03-07,Delivered,9.62
58128,18128,Air,2025-05-29,Delivered,8.49
58129,18129,Road,2025-07-10,Delivered,16.21
58130,18130,Air,2025-01-10,Delayed,37.36
58131,18131,Rail,2025-06-27,Delivered,32.6
58132,18132,Road,2025-04-04,Delivered,15.97
58133,18133,Road,2025-02-23,Delivered,46.44
58134,18134,Air,2025-12-18,Delivered,42.99
58135,18135,Road,2025-08-03,Delivered,41.07
58136,18136,Air,2025-05-23,Delivered,11.7
58137,18137,Air,2025-06-24,Delivered,43.59
58138,18138,Rail,2025-04-07,Delivered,20.68
58139,18139,Air,2025-03-30,Delivered,36.51
58140,18140,Rail,2025-01-28,Delivered,12.32
58141,18141,Air,2025-04-16,Delayed,7.43
58142,18142,Rail,2025-09-16,Delivered,25.77
58143,18143,Air,2025-05-02,Delayed,19.33
58144,18144,Rail,2025-03-07,Delayed,37.66
58145,18145,Road,2025-07-01,Delayed,22.17
58146,18146,Road,2025-07-08,Delivered,19.26
58147,18147,Road,2025-09-19,Delivered,15.65
58148,18148,Rail,2025-04-17,Delivered,19.23
58149,18149,Road,2025-04-12,Delivered,30.82
58150,18150,Rail,2025-03-09,Delivered,47.64
58151,18151,Road,2025-07-19,Delivered,42.98
58152,18152,Road,2025-08-10,Delivered,7.96
58153,18153,Road,2025-03-22,Delayed,7.52
58154,18154,Air,2025-06-07,Delivered,32.46
58155,18155,Road,2025-01-26,Delivered,38.87
58156,18156,Air,2025-02-01,Delivered,7.46
58157,18157,Road,2025-10-04,Delivered,28.54
58158,18158,Rail,2025-05-07,Delivered,27.87
58159,18159,Air,2025-06-29,Delivered,16.49
58160,18160,Road,2025-08-05,Delivered,46.35
58161,18161,Air,2025-02-12,Delivered,6.45
58162,18162,Air,2025-11-09,Delivered,24.47
58163,18163,Road,2025-02-16,Delayed,22.91
58164,18164,Road,2025-02-28,Delayed,44.82
58165,18165,Air,2026-01-04,Delivered,41.16
58166,18166,Road,2025-09-12,Delayed,43.3
58167,18167,Road,2025-07-18,Delayed,43.15
58168,18168,Road,2025-03-02,Delivered,38.0
58169,18169,Air,2025-12-10,Delivered,27.09
58170,18170,Road,2025-03-23,Delivered,43.2
58171,18171,Rail,2025-05-19,Delayed,11.72
58172,18172,Road,2025-06-01,Delayed,23.8
58173,18173,Air,2025-10-30,Delivered,24.37
58174,18174,Air,2025-04-15,Delivered,20.53
58175,18175,Air,2025-02-05,Delivered,39.6
58176,18176,Rail,2025-06-27,Delivered,19.17
58177,18177,Rail,2025-02-02,Delivered,48.35
58178,18178,Rail,2025-07-02,Delivered,42.09
58179,18179,Rail,2025-09-06,Delivered,19.73
58180,18180,Air,2025-05-16,Delivered,43.48
58181,18181,Rail,2025-02-25,Delivered,44.71
58182,18182,Air,2025-09-22,Delivered,12.58
58183,18183,Air,2025-03-30,Delivered,22.33
58184,18184,Rail,2025-07-12,Delivered,12.13
58185,18185,Rail,2025-02-02,Delayed,35.73
58186,18186,Rail,2025-08-18,Delivered,9.27
58187,18187,Rail,2025-04-06,Delivered,40.32
58188,18188,Air,2025-11-08,Delivered,38.74
58189,18189,Air,2025-02-26,Delayed,8.44
58190,18190,Road,2025-04-20,Delayed,32.78
58191,18191,Rail,2025-11-04,Delivered,28.73
58192,18192,Air,2025-02-20,Delivered,35.99
58193,18193,Air,2025-02-28,Delayed,35.28
58194,18194,Air,2025-08-03,Delivered,28.32
58195,18195,Rail,2025-12-20,Delivered,34.16
58196,18196,Road,2025-11-21,Delivered,33.12
58197,18197,Rail,2025-12-26,Delivered,33.16
58198,18198,Road,2025-11-27,Delivered,10.99
58199,18199,Rail,2025-05-01,Delayed,35.24
58200,18200,Air,2025-07-09,Delayed,11.8
58201,18201,Air,2025-05-23,Delivered,34.03
58202,18202,Rail,2025-04-18,Delivered,25.81
58203,18203,Air,2025-09-21,Delayed,45.99
58204,18204,Rail,2025-07-13,Delivered,28.36
58205,18205,Rail,2025-11-15,Delayed,37.4
58206,18206,Air,2025-08-06,Delivered,39.55
58207,18207,Rail,2025-07-28,Delivered,34.0
58208,18208,Rail,2025-09-06,Delayed,14.02
58209,18209,Air,2025-07-08,Delivered,41.05
58210,18210,Rail,2025-10-23,Delivered,49.27
58211,18211,Air,2025-10-22,Delivered,36.57
58212,18212,Air,2025-06-05,Delayed,37.34
58213,18213,Rail,2025-09-14,Delivered,31.71
58214,18214,Air,2025-12-24,Delivered,28.44
58215,18215,Road,2025-06-15,Delivered,21.06
58216,18216,Road,2025-09-21,Delivered,8.3
58217,18217,Road,2025-07-31,Delivered,40.63
58218,18218,Rail,2025-03-30,Delayed,27.96
58219,18219,Air,2025-05-27,Delayed,26.07
58220,18220,Air,2025-10-09,Delivered,40.34
58221,18221,Rail,2025-02-06,Delivered,29.1
58222,18222,Road,2025-02-19,Delivered,8.94
58223,18223,Road,2025-08-04,Delivered,27.07
58224,18224,Road,2025-09-21,Delivered,18.71
58225,18225,Air,2025-01-30,Delivered,34.25
58226,18226,Air,2025-11-20,Delivered,38.18
58227,18227,Road,2025-05-07,Delayed,43.77
58228,18228,Air,2025-01-23,Delivered,34.42
58229,18229,Rail,2025-09-22,Delivered,42.2
58230,18230,Rail,2025-09-04,Delivered,43.82
58231,18231,Rail,2026-01-09,Delivered,29.09
58232,18232,Rail,2025-02-06,Delayed,38.44
58233,18233,Rail,2025-10-25,Delayed,42.69
58234,18234,Air,2025-05-24,Delivered,47.95
58235,18235,Rail,2025-01-29,Delivered,38.3
58236,18236,Road,2025-08-01,Delayed,28.13
58237,18237,Air,2025-05-27,Delivered,6.06
58238,18238,Rail,2025-12-26,Delivered,10.01
58239,18239,Road,2025-04-20,Delayed,7.41
58240,18240,Rail,2025-10-07,Delayed,24.94
58241,18241,Road,2025-08-28,Delivered,37.94
58242,18242,Road,2025-11-15,Delivered,21.29
58243,18243,Rail,2025-02-17,Delivered,19.95
58244,18244,Rail,2025-10-20,Delivered,49.28
58245,18245,Air,2025-11-23,Delivered,30.09
58246,18246,Road,2026-01-01,Delayed,26.85
58247,18247,Rail,2025-02-04,Delivered,44.98
58248,18248,Air,2025-02-10,Delivered,36.94
58249,18249,Road,2025-07-04,Delivered,49.9
58250,18250,Rail,2025-07-27,Delivered,28.5
58251,18251,Air,2025-10-13,Delivered,48.14
58252,18252,Road,2025-11-05,Delivered,11.05
58253,18253,Air,2025-09-03,Delayed,15.43
58254,18254,Rail,2025-11-20,Delivered,32.9
58255,18255,Road,2025-10-08,Delivered,36.63
58256,18256,Air,2025-11-25,Delayed,16.16
58257,18257,Road,2025-06-11,Delivered,38.43
58258,18258,Rail,2025-12-22,Delayed,37.39
58259,18259,Rail,2025-06-14,Delivered,7.42
58260,18260,Road,2025-02-11,Delivered,28.61
58261,18261,Rail,2025-02-16,Delivered,49.34
58262,18262,Air,2025-12-31,Delivered,45.36
58263,18263,Rail,2025-03-10,Delayed,14.41
58264,18264,Air,2025-01-18,Delivered,18.95
58265,18265,Air,2025-06-16,Delivered,21.82
58266,18266,Rail,2025-06-24,Delayed,36.26
58267,18267,Rail,2025-06-20,Delivered,30.12
58268,18268,Rail,2025-05-16,Delayed,8.17
58269,18269,Road,2025-03-12,Delivered,34.62
58270,18270,Rail,2025-07-27,Delivered,26.12
58271,18271,Air,2025-11-12,Delivered,11.89
58272,18272,Air,2025-04-24,Delivered,39.08
58273,18273,Road,2025-07-08,Delivered,24.52
58274,18274,Road,2025-02-22,Delayed,29.64
58275,18275,Air,2025-09-02,Delivered,26.13
58276,18276,Air,2025-04-22,Delivered,10.84
58277,18277,Rail,2025-07-17,Delivered,32.44
58278,18278,Road,2025-08-30,Delivered,21.05
58279,18279,Rail,2025-07-08,Delivered,33.04
58280,18280,Road,2025-12-11,Delayed,49.25
58281,18281,Rail,2025-06-22,Delivered,5.33
58282,18282,Road,2025-10-15,Delivered,20.7
58283,18283,Rail,2025-02-26,Delayed,40.95
58284,18284,Road,2025-09-12,Delivered,32.21
58285,18285,Air,2025-12-31,Delivered,46.31
58286,18286,Rail,2025-02-06,Delayed,44.89
58287,18287,Road,2025-07-26,Delivered,10.84
58288,18288,Air,2025-02-25,Delivered,12.35
58289,18289,Rail,2025-12-14,Delivered,10.89
58290,18290,Road,2025-11-28,Delivered,49.79
58291,18291,Road,2025-11-28,Delivered,24.52
58292,18292,Road,2025-06-19,Delivered,17.56
58293,18293,Road,2025-09-07,Delayed,15.65
58294,18294,Rail,2025-11-09,Delivered,37.87
58295,18295,Rail,2025-11-27,Delayed,35.54
58296,18296,Air,2025-12-12,Delivered,48.57
58297,18297,Air,2025-11-14,Delayed,46.37
58298,18298,Air,2025-08-16,Delivered,35.72
58299,18299,Air,2025-03-10,Delayed,48.04
58300,18300,Road,2025-08-09,Delayed,23.54
58301,18301,Air,2025-12-19,Delayed,49.48
58302,18302,Air,2025-05-10,Delivered,15.65
58303,18303,Air,2025-08-30,Delivered,30.95
58304,18304,Road,2025-05-20,Delivered,29.25
58305,18305,Air,2025-04-07,Delivered,26.43
58306,18306,Rail,2025-11-16,Delayed,32.91
58307,18307,Air,2025-04-30,Delivered,16.75
58308,18308,Rail,2025-01-13,Delivered,10.53
58309,18309,Rail,2025-01-25,Delivered,5.95
58310,18310,Air,2025-06-05,Delivered,15.75
58311,18311,Air,2025-09-03,Delivered,27.63
58312,18312,Air,2025-08-27,Delivered,24.77
58313,18313,Rail,2025-06-03,Delivered,12.11
58314,18314,Air,2025-08-26,Delivered,32.94
58315,18315,Road,2025-01-17,Delivered,28.29
58316,18316,Road,2025-12-06,Delivered,16.96
58317,18317,Road,2026-01-05,Delivered,20.46
58318,18318,Rail,2025-05-02,Delivered,21.36
58319,18319,Rail,2025-01-18,Delayed,37.03
58320,18320,Road,2025-09-19,Delivered,19.18
58321,18321,Rail,2025-08-19,Delivered,19.79
58322,18322,Air,2025-03-31,Delivered,39.35
58323,18323,Rail,2025-05-22,Delivered,46.44
58324,18324,Rail,2025-02-20,Delayed,25.55
58325,18325,Rail,2025-01-25,Delivered,9.58
58326,18326,Rail,2025-09-02,Delivered,30.31
58327,18327,Air,2025-09-27,Delivered,47.43
58328,18328,Road,2025-09-10,Delivered,27.09
58329,18329,Air,2025-03-13,Delivered,5.06
58330,18330,Air,2025-03-26,Delivered,17.17
58331,18331,Rail,2025-03-07,Delivered,22.56
58332,18332,Rail,2025-08-07,Delayed,23.34
58333,18333,Rail,2025-09-13,Delivered,24.69
58334,18334,Rail,2025-05-08,Delayed,33.9
58335,18335,Rail,2025-10-13,Delivered,46.63
58336,18336,Rail,2025-06-11,Delivered,13.17
58337,18337,Air,2025-01-26,Delivered,26.87
58338,18338,Road,2025-03-31,Delayed,28.13
58339,18339,Road,2025-05-25,Delayed,37.33
58340,18340,Air,2025-08-16,Delivered,46.24
58341,18341,Air,2025-09-09,Delivered,31.77
58342,18342,Rail,2025-02-01,Delivered,47.25
58343,18343,Road,2025-08-21,Delivered,25.44
58344,18344,Road,2025-09-21,Delivered,5.93
58345,18345,Rail,2025-09-03,Delivered,34.34
58346,18346,Rail,2025-07-11,Delivered,36.8
58347,18347,Air,2025-11-11,Delivered,44.62
58348,18348,Rail,2025-03-09,Delivered,40.49
58349,18349,Rail,2025-02-09,Delivered,44.76
58350,18350,Rail,2025-07-03,Delivered,29.44
58351,18351,Rail,2025-03-30,Delivered,19.95
58352,18352,Rail,2025-04-23,Delivered,21.94
58353,18353,Rail,2025-02-15,Delivered,6.97
58354,18354,Air,2025-03-11,Delayed,45.83
58355,18355,Air,2025-08-23,Delivered,15.59
58356,18356,Road,2025-02-16,Delivered,39.01
58357,18357,Road,2025-02-19,Delivered,46.6
58358,18358,Road,2025-08-22,Delivered,36.7
58359,18359,Road,2025-10-25,Delivered,39.85
58360,18360,Air,2025-08-13,Delivered,46.37
58361,18361,Rail,2026-01-02,Delayed,15.1
58362,18362,Road,2025-02-08,Delivered,24.67
58363,18363,Rail,2025-12-15,Delivered,28.96
58364,18364,Air,2025-12-08,Delayed,26.91
58365,18365,Rail,2025-08-05,Delayed,37.45
58366,18366,Road,2025-04-10,Delivered,32.19
58367,18367,Rail,2025-01-14,Delivered,21.94
58368,18368,Rail,2025-07-01,Delivered,41.42
58369,18369,Air,2025-03-29,Delivered,28.91
58370,18370,Air,2025-03-23,Delayed,22.86
58371,18371,Road,2025-10-26,Delivered,47.09
58372,18372,Rail,2025-05-18,Delayed,21.56
58373,18373,Road,2025-05-02,Delivered,20.99
58374,18374,Rail,2025-01-21,Delivered,9.05
58375,18375,Rail,2025-04-09,Delivered,43.9
58376,18376,Road,2025-07-27,Delivered,29.95
58377,18377,Rail,2025-03-19,Delayed,47.24
58378,18378,Air,2025-10-01,Delivered,46.87
58379,18379,Road,2025-02-01,Delayed,41.63
58380,18380,Rail,2025-04-07,Delivered,46.66
58381,18381,Road,2025-07-06,Delivered,42.24
58382,18382,Air,2025-07-18,Delivered,13.94
58383,18383,Road,2025-04-26,Delayed,31.33
58384,18384,Road,2025-03-11,Delivered,33.01
58385,18385,Road,2025-03-02,Delivered,42.43
58386,18386,Air,2025-10-24,Delivered,15.88
58387,18387,Rail,2025-10-22,Delivered,8.78
58388,18388,Rail,2025-10-14,Delivered,23.92
58389,18389,Road,2025-07-22,Delivered,48.39
58390,18390,Rail,2025-07-05,Delivered,46.26
58391,18391,Road,2025-08-24,Delivered,20.0
58392,18392,Air,2025-11-07,Delayed,9.44
58393,18393,Air,2025-05-04,Delivered,41.46
58394,18394,Air,2025-11-28,Delivered,47.38
58395,18395,Rail,2025-05-30,Delayed,27.93
58396,18396,Air,2025-10-06,Delayed,21.75
58397,18397,Rail,2025-04-10,Delivered,38.99
58398,18398,Rail,2025-02-17,Delivered,45.08
58399,18399,Road,2025-05-05,Delayed,19.68
58400,18400,Road,2025-08-13,Delivered,11.24
58401,18401,Air,2025-10-16,Delivered,10.39
58402,18402,Air,2025-02-22,Delivered,15.25
58403,18403,Air,2025-03-06,Delivered,5.08
58404,18404,Air,2025-01-25,Delayed,49.98
58405,18405,Air,2025-05-08,Delayed,7.64
58406,18406,Rail,2025-11-15,Delivered,10.89
58407,18407,Rail,2025-07-10,Delayed,7.73
58408,18408,Air,2025-09-10,Delayed,43.8
58409,18409,Road,2025-04-16,Delayed,18.17
58410,18410,Road,2025-06-29,Delivered,41.86
58411,18411,Rail,2025-03-24,Delivered,37.4
58412,18412,Air,2025-07-04,Delivered,11.31
58413,18413,Rail,2025-08-26,Delivered,23.62
58414,18414,Road,2025-11-10,Delivered,42.25
58415,18415,Air,2025-03-13,Delivered,32.72
58416,18416,Road,2025-04-04,Delivered,5.33
58417,18417,Road,2025-06-19,Delayed,14.91
58418,18418,Air,2025-03-13,Delivered,8.65
58419,18419,Road,2025-12-23,Delayed,32.86
58420,18420,Air,2025-03-21,Delivered,41.03
58421,18421,Air,2025-07-06,Delivered,44.66
58422,18422,Air,2025-11-17,Delivered,13.76
58423,18423,Road,2025-04-23,Delayed,8.44
58424,18424,Rail,2025-01-14,Delayed,16.57
58425,18425,Rail,2025-07-20,Delivered,15.43
58426,18426,Rail,2025-02-22,Delivered,47.48
58427,18427,Road,2025-11-20,Delivered,25.78
58428,18428,Road,2025-10-02,Delivered,20.22
58429,18429,Road,2025-06-29,Delivered,16.34
58430,18430,Air,2025-04-07,Delivered,43.54
58431,18431,Road,2025-03-26,Delayed,49.76
58432,18432,Road,2025-09-29,Delivered,31.22
58433,18433,Air,2025-10-13,Delivered,11.05
58434,18434,Air,2025-12-12,Delivered,11.38
58435,18435,Road,2025-09-18,Delivered,12.27
58436,18436,Road,2025-09-18,Delayed,17.44
58437,18437,Road,2025-02-06,Delivered,37.25
58438,18438,Air,2025-10-07,Delivered,35.75
58439,18439,Rail,2025-07-24,Delivered,26.33
58440,18440,Air,2025-11-16,Delivered,38.05
58441,18441,Rail,2025-09-30,Delayed,32.39
58442,18442,Road,2025-05-07,Delivered,47.74
58443,18443,Rail,2025-09-03,Delayed,39.4
58444,18444,Road,2025-02-19,Delivered,47.3
58445,18445,Air,2025-10-27,Delayed,40.68
58446,18446,Rail,2025-02-22,Delayed,16.28
58447,18447,Air,2025-09-05,Delivered,10.18
58448,18448,Air,2025-09-06,Delivered,37.23
58449,18449,Air,2025-02-21,Delivered,29.89
58450,18450,Road,2025-05-01,Delivered,31.65
58451,18451,Rail,2025-11-13,Delivered,42.03
58452,18452,Rail,2025-10-31,Delivered,8.21
58453,18453,Rail,2025-03-18,Delivered,17.91
58454,18454,Road,2025-12-13,Delivered,16.31
58455,18455,Air,2025-04-12,Delivered,25.64
58456,18456,Road,2025-01-18,Delivered,38.23
58457,18457,Road,2025-10-19,Delivered,37.46
58458,18458,Rail,2025-10-09,Delivered,26.53
58459,18459,Road,2025-09-08,Delivered,13.06
58460,18460,Rail,2025-01-11,Delivered,40.26
58461,18461,Rail,2025-10-01,Delivered,13.82
58462,18462,Air,2025-02-16,Delivered,6.8
58463,18463,Rail,2025-11-29,Delayed,49.23
58464,18464,Road,2025-07-16,Delivered,11.71
58465,18465,Air,2025-07-25,Delayed,21.38
58466,18466,Road,2025-06-16,Delayed,25.87
58467,18467,Road,2025-12-28,Delivered,18.16
58468,18468,Air,2025-12-22,Delivered,35.17
58469,18469,Rail,2025-01-07,Delivered,7.23
58470,18470,Air,2025-10-12,Delivered,49.59
58471,18471,Road,2025-09-08,Delivered,39.78
58472,18472,Rail,2025-04-20,Delivered,29.74
58473,18473,Rail,2025-01-23,Delayed,21.58
58474,18474,Road,2025-08-18,Delivered,18.29
58475,18475,Rail,2025-11-21,Delivered,6.28
58476,18476,Road,2025-07-10,Delayed,36.27
58477,18477,Road,2025-04-05,Delivered,44.43
58478,18478,Road,2025-12-04,Delivered,11.53
58479,18479,Rail,2025-02-15,Delivered,11.58
58480,18480,Road,2025-07-20,Delivered,9.31
58481,18481,Road,2025-07-01,Delayed,41.74
58482,18482,Rail,2025-08-02,Delayed,20.02
58483,18483,Road,2025-10-19,Delivered,22.63
58484,18484,Road,2025-12-13,Delivered,32.94
58485,18485,Road,2025-12-20,Delayed,14.34
58486,18486,Rail,2025-01-18,Delivered,46.51
58487,18487,Air,2025-01-21,Delayed,25.25
58488,18488,Rail,2025-01-12,Delivered,21.19
58489,18489,Road,2025-08-13,Delayed,38.32
58490,18490,Rail,2025-04-15,Delivered,22.53
58491,18491,Road,2025-07-06,Delivered,40.22
58492,18492,Air,2025-03-02,Delayed,18.93
58493,18493,Air,2025-07-06,Delivered,32.59
58494,18494,Air,2025-02-09,Delayed,33.14
58495,18495,Rail,2025-09-01,Delivered,12.99
58496,18496,Rail,2025-02-23,Delivered,34.78
58497,18497,Air,2025-08-04,Delivered,44.56
58498,18498,Rail,2025-06-15,Delayed,8.67
58499,18499,Rail,2025-04-17,Delivered,21.81
58500,18500,Air,2025-10-08,Delivered,37.21
58501,18501,Air,2025-06-19,Delivered,10.49
58502,18502,Air,2025-06-22,Delivered,32.42
58503,18503,Rail,2025-06-18,Delivered,26.18
58504,18504,Air,2025-02-10,Delivered,6.72
58505,18505,Air,2025-03-09,Delivered,5.45
58506,18506,Road,2025-04-01,Delivered,27.39
58507,18507,Road,2025-10-02,Delayed,49.49
58508,18508,Rail,2025-07-31,Delivered,31.07
58509,18509,Road,2025-09-04,Delayed,28.73
58510,18510,Air,2025-05-10,Delivered,47.68
58511,18511,Rail,2025-10-16,Delayed,34.03
58512,18512,Rail,2025-10-08,Delivered,23.11
58513,18513,Air,2025-10-18,Delivered,48.22
58514,18514,Rail,2025-04-23,Delivered,22.97
58515,18515,Road,2025-07-17,Delayed,19.93
58516,18516,Air,2025-11-23,Delivered,9.11
58517,18517,Rail,2025-08-11,Delivered,16.17
58518,18518,Road,2025-07-26,Delivered,9.62
58519,18519,Air,2025-06-28,Delivered,14.69
58520,18520,Road,2025-09-29,Delivered,35.08
58521,18521,Rail,2025-04-15,Delayed,41.96
58522,18522,Rail,2025-11-09,Delivered,43.87
58523,18523,Rail,2025-05-29,Delivered,24.34
58524,18524,Road,2025-11-12,Delivered,47.33
58525,18525,Rail,2025-08-09,Delivered,26.92
58526,18526,Rail,2025-10-29,Delayed,28.44
58527,18527,Air,2025-07-30,Delivered,8.46
58528,18528,Rail,2025-02-01,Delivered,8.71
58529,18529,Road,2025-02-21,Delivered,42.72
58530,18530,Rail,2025-04-25,Delayed,32.04
58531,18531,Rail,2025-10-08,Delayed,21.77
58532,18532,Road,2025-07-12,Delivered,23.09
58533,18533,Rail,2025-10-16,Delivered,15.06
58534,18534,Air,2025-03-15,Delivered,29.6
58535,18535,Rail,2025-04-05,Delivered,39.12
58536,18536,Road,2025-03-14,Delivered,5.72
58537,18537,Rail,2025-08-04,Delayed,13.27
58538,18538,Road,2025-11-26,Delivered,15.94
58539,18539,Rail,2025-04-04,Delivered,12.17
58540,18540,Air,2025-12-05,Delivered,41.93
58541,18541,Air,2025-07-28,Delivered,26.74
58542,18542,Road,2025-03-16,Delivered,40.05
58543,18543,Rail,2025-01-17,Delayed,33.8
58544,18544,Rail,2025-02-21,Delayed,46.84
58545,18545,Air,2025-12-14,Delayed,5.96
58546,18546,Air,2025-05-12,Delivered,22.02
58547,18547,Air,2025-05-28,Delivered,14.02
58548,18548,Rail,2025-05-04,Delivered,44.18
58549,18549,Road,2025-06-19,Delivered,22.63
58550,18550,Rail,2025-02-16,Delivered,19.61
58551,18551,Air,2025-09-14,Delivered,25.47
58552,18552,Road,2025-09-25,Delayed,33.52
58553,18553,Rail,2025-06-08,Delivered,37.8
58554,18554,Road,2025-12-30,Delivered,39.83
58555,18555,Air,2025-09-07,Delayed,45.76
58556,18556,Road,2025-06-23,Delivered,10.72
58557,18557,Air,2025-09-23,Delivered,5.79
58558,18558,Rail,2025-10-27,Delayed,46.19
58559,18559,Road,2025-06-16,Delivered,25.32
58560,18560,Road,2025-05-28,Delivered,49.41
58561,18561,Rail,2025-10-08,Delivered,13.51
58562,18562,Air,2026-01-02,Delayed,21.47
58563,18563,Road,2025-03-16,Delivered,40.45
58564,18564,Road,2025-08-25,Delivered,19.1
58565,18565,Air,2025-04-23,Delivered,5.84
58566,18566,Rail,2025-06-03,Delivered,41.81
58567,18567,Air,2025-07-27,Delivered,11.7
58568,18568,Road,2025-07-26,Delivered,14.41
58569,18569,Road,2025-11-01,Delivered,28.76
58570,18570,Rail,2025-09-12,Delivered,16.78
58571,18571,Rail,2025-03-24,Delayed,24.08
58572,18572,Rail,2025-06-01,Delayed,29.52
58573,18573,Rail,2025-01-18,Delayed,34.9
58574,18574,Road,2025-12-21,Delivered,34.71
58575,18575,Air,2025-01-17,Delivered,23.81
58576,18576,Road,2025-12-19,Delivered,45.44
58577,18577,Air,2025-06-08,Delivered,43.14
58578,18578,Road,2025-02-23,Delivered,33.9
58579,18579,Rail,2025-02-27,Delivered,11.63
58580,18580,Road,2025-08-19,Delivered,34.71
58581,18581,Air,2025-11-12,Delayed,14.51
58582,18582,Road,2025-03-23,Delivered,25.14
58583,18583,Rail,2025-03-14,Delayed,7.32
58584,18584,Road,2025-10-30,Delivered,23.34
58585,18585,Rail,2025-09-02,Delivered,10.98
58586,18586,Rail,2025-04-06,Delayed,46.24
58587,18587,Rail,2025-02-23,Delivered,30.51
58588,18588,Road,2025-10-23,Delivered,33.69
58589,18589,Air,2025-09-19,Delivered,11.73
58590,18590,Rail,2025-05-11,Delivered,40.3
58591,18591,Rail,2025-12-25,Delivered,10.61
58592,18592,Air,2025-04-13,Delivered,31.63
58593,18593,Rail,2025-02-23,Delivered,45.16
58594,18594,Road,2025-06-15,Delivered,16.8
58595,18595,Rail,2025-01-29,Delivered,43.77
58596,18596,Road,2025-04-19,Delivered,35.3
58597,18597,Road,2025-06-04,Delivered,24.86
58598,18598,Air,2025-04-27,Delivered,24.65
58599,18599,Rail,2025-07-19,Delayed,43.71
58600,18600,Air,2025-09-12,Delivered,29.95
58601,18601,Air,2025-05-08,Delayed,42.67
58602,18602,Road,2025-03-12,Delivered,16.45
58603,18603,Road,2025-07-14,Delivered,23.39
58604,18604,Road,2025-11-28,Delivered,38.0
58605,18605,Road,2025-07-01,Delivered,41.43
58606,18606,Rail,2025-09-18,Delivered,44.25
58607,18607,Rail,2025-11-27,Delayed,28.25
58608,18608,Road,2025-12-20,Delivered,26.87
58609,18609,Rail,2025-10-29,Delayed,10.14
58610,18610,Air,2025-03-10,Delivered,34.17
58611,18611,Road,2025-12-15,Delivered,39.88
58612,18612,Road,2025-07-08,Delayed,8.6
58613,18613,Air,2025-06-02,Delayed,27.93
58614,18614,Rail,2025-08-12,Delivered,35.23
58615,18615,Air,2025-07-24,Delivered,7.48
58616,18616,Road,2025-04-04,Delivered,25.04
58617,18617,Air,2025-05-29,Delivered,46.54
58618,18618,Rail,2025-03-19,Delivered,9.89
58619,18619,Road,2025-12-30,Delivered,35.04
58620,18620,Air,2025-03-27,Delivered,22.38
58621,18621,Air,2025-05-03,Delayed,9.1
58622,18622,Air,2025-01-16,Delivered,30.97
58623,18623,Rail,2025-05-26,Delivered,33.24
58624,18624,Rail,2025-02-19,Delivered,6.96
58625,18625,Air,2025-10-19,Delivered,46.18
58626,18626,Air,2025-06-05,Delayed,20.76
58627,18627,Rail,2025-07-28,Delivered,46.74
58628,18628,Road,2025-10-06,Delayed,26.22
58629,18629,Rail,2025-12-10,Delayed,35.61
58630,18630,Road,2025-06-18,Delivered,13.55
58631,18631,Road,2025-11-06,Delayed,23.69
58632,18632,Rail,2025-09-20,Delivered,8.97
58633,18633,Air,2025-08-31,Delayed,29.68
58634,18634,Road,2025-06-08,Delayed,6.6
58635,18635,Rail,2025-04-22,Delivered,19.15
58636,18636,Road,2025-09-10,Delivered,36.28
58637,18637,Road,2025-06-17,Delivered,49.62
58638,18638,Rail,2025-05-04,Delivered,18.36
58639,18639,Rail,2025-11-25,Delivered,30.03
58640,18640,Road,2025-07-25,Delayed,5.24
58641,18641,Rail,2025-05-16,Delivered,17.81
58642,18642,Rail,2025-05-23,Delayed,20.8
58643,18643,Air,2025-12-23,Delivered,32.6
58644,18644,Rail,2025-12-27,Delivered,36.92
58645,18645,Road,2025-01-13,Delivered,28.23
58646,18646,Air,2025-09-04,Delivered,37.78
58647,18647,Road,2025-02-24,Delayed,44.55
58648,18648,Rail,2025-07-31,Delivered,27.74
58649,18649,Air,2025-10-12,Delayed,20.43
58650,18650,Rail,2025-05-30,Delayed,39.03
58651,18651,Rail,2025-09-06,Delivered,24.84
58652,18652,Road,2025-02-27,Delivered,10.31
58653,18653,Rail,2026-01-02,Delivered,32.83
58654,18654,Air,2025-04-24,Delivered,11.73
58655,18655,Road,2025-08-23,Delivered,49.47
58656,18656,Air,2025-10-04,Delivered,39.17
58657,18657,Rail,2025-07-12,Delivered,21.01
58658,18658,Air,2025-05-09,Delivered,17.61
58659,18659,Rail,2025-04-18,Delivered,6.69
58660,18660,Road,2025-01-16,Delivered,16.32
58661,18661,Air,2025-03-02,Delivered,24.28
58662,18662,Rail,2025-01-05,Delayed,9.33
58663,18663,Road,2025-09-09,Delayed,27.11
58664,18664,Rail,2025-12-27,Delivered,38.19
58665,18665,Road,2025-11-29,Delivered,43.12
58666,18666,Air,2025-04-27,Delivered,43.38
58667,18667,Air,2026-01-01,Delayed,18.19
58668,18668,Rail,2025-06-08,Delivered,6.59
58669,18669,Air,2025-05-11,Delivered,29.13
58670,18670,Air,2025-12-11,Delivered,43.04
58671,18671,Air,2025-04-02,Delivered,27.37
58672,18672,Air,2025-02-23,Delivered,37.34
58673,18673,Rail,2025-02-21,Delivered,44.28
58674,18674,Air,2025-11-24,Delivered,8.03
58675,18675,Road,2025-09-09,Delayed,12.44
58676,18676,Road,2025-12-01,Delayed,34.74
58677,18677,Road,2025-03-31,Delivered,36.76
58678,18678,Air,2025-07-30,Delivered,11.63
58679,18679,Rail,2025-09-11,Delivered,30.87
58680,18680,Rail,2025-09-22,Delivered,20.57
58681,18681,Rail,2025-04-03,Delayed,31.55
58682,18682,Air,2025-05-05,Delivered,38.65
58683,18683,Air,2025-11-06,Delivered,38.15
58684,18684,Road,2025-08-13,Delayed,41.05
58685,18685,Rail,2025-07-23,Delivered,29.65
58686,18686,Air,2025-07-29,Delivered,46.55
58687,18687,Rail,2025-07-14,Delivered,30.88
58688,18688,Road,2025-05-19,Delivered,21.63
58689,18689,Rail,2025-11-21,Delivered,24.65
58690,18690,Rail,2025-12-07,Delayed,26.35
58691,18691,Air,2025-02-13,Delivered,5.05
58692,18692,Road,2025-01-12,Delivered,16.67
58693,18693,Road,2025-09-06,Delivered,20.52
58694,18694,Air,2025-04-04,Delayed,40.54
58695,18695,Road,2025-04-12,Delivered,21.86
58696,18696,Air,2025-10-24,Delivered,47.36
58697,18697,Rail,2025-09-15,Delivered,20.6
58698,18698,Road,2025-10-23,Delivered,11.35
58699,18699,Air,2025-08-11,Delivered,48.56
58700,18700,Road,2025-05-19,Delayed,21.84
58701,18701,Road,2025-12-19,Delivered,39.44
58702,18702,Rail,2025-10-11,Delivered,44.18
58703,18703,Rail,2025-09-19,Delivered,25.95
58704,18704,Road,2025-09-03,Delivered,7.97
58705,18705,Road,2025-12-07,Delivered,44.35
58706,18706,Air,2025-01-31,Delivered,14.53
58707,18707,Road,2025-10-07,Delayed,33.65
58708,18708,Road,2025-06-07,Delayed,11.54
58709,18709,Road,2025-06-23,Delivered,23.6
58710,18710,Road,2025-12-02,Delayed,41.39
58711,18711,Road,2025-12-03,Delivered,34.19
58712,18712,Road,2025-04-27,Delayed,14.99
58713,18713,Rail,2025-01-24,Delivered,6.34
58714,18714,Air,2025-09-07,Delivered,34.2
58715,18715,Air,2025-12-04,Delivered,19.83
58716,18716,Air,2025-12-22,Delivered,47.35
58717,18717,Road,2025-10-16,Delivered,34.93
58718,18718,Rail,2025-11-12,Delivered,26.35
58719,18719,Air,2025-10-17,Delivered,42.23
58720,18720,Road,2025-02-12,Delayed,11.9
58721,18721,Rail,2025-06-11,Delivered,19.86
58722,18722,Road,2025-06-28,Delivered,30.42
58723,18723,Air,2025-07-04,Delivered,40.02
58724,18724,Rail,2025-01-23,Delivered,44.17
58725,18725,Air,2025-10-27,Delivered,31.13
58726,18726,Rail,2025-05-07,Delivered,40.85
58727,18727,Air,2025-10-02,Delayed,44.85
58728,18728,Air,2025-02-09,Delivered,48.11
58729,18729,Road,2025-08-12,Delivered,7.94
58730,18730,Road,2025-06-18,Delayed,24.31
58731,18731,Air,2025-06-12,Delivered,23.85
58732,18732,Rail,2025-09-27,Delivered,29.14
58733,18733,Air,2025-11-11,Delivered,10.67
58734,18734,Air,2025-05-26,Delivered,18.2
58735,18735,Road,2025-07-25,Delivered,33.43
58736,18736,Road,2025-05-11,Delivered,17.19
58737,18737,Air,2025-09-08,Delivered,12.27
58738,18738,Rail,2025-12-07,Delayed,9.98
58739,18739,Rail,2025-10-17,Delivered,6.03
58740,18740,Rail,2025-03-24,Delivered,11.53
58741,18741,Air,2025-07-05,Delivered,34.51
58742,18742,Road,2025-04-23,Delivered,21.96
58743,18743,Road,2025-12-18,Delayed,46.56
58744,18744,Air,2025-08-05,Delivered,25.84
58745,18745,Road,2025-04-28,Delivered,34.76
58746,18746,Air,2025-02-01,Delayed,6.19
58747,18747,Rail,2025-02-10,Delayed,36.18
58748,18748,Rail,2025-04-07,Delivered,5.51
58749,18749,Rail,2025-09-12,Delivered,29.41
58750,18750,Road,2025-08-08,Delivered,36.1
58751,18751,Rail,2025-08-27,Delayed,21.52
58752,18752,Air,2025-06-07,Delivered,32.93
58753,18753,Air,2025-07-05,Delivered,43.8
58754,18754,Rail,2025-01-16,Delivered,12.11
58755,18755,Rail,2025-05-26,Delivered,38.82
58756,18756,Road,2025-12-02,Delayed,11.55
58757,18757,Road,2025-07-15,Delivered,14.92
58758,18758,Air,2025-01-17,Delivered,5.66
58759,18759,Rail,2025-06-30,Delivered,44.32
58760,18760,Road,2025-03-06,Delayed,16.72
58761,18761,Road,2025-05-08,Delivered,18.4
58762,18762,Rail,2025-11-21,Delivered,11.98
58763,18763,Road,2025-11-04,Delivered,30.79
58764,18764,Road,2025-06-05,Delivered,33.14
58765,18765,Air,2025-06-09,Delayed,45.07
58766,18766,Road,2025-10-02,Delivered,46.22
58767,18767,Rail,2025-05-17,Delayed,27.69
58768,18768,Road,2025-06-13,Delivered,9.7
58769,18769,Rail,2025-01-31,Delivered,33.1
58770,18770,Rail,2025-04-22,Delayed,37.18
58771,18771,Rail,2025-05-07,Delivered,39.79
58772,18772,Rail,2025-04-24,Delivered,46.43
58773,18773,Air,2025-03-08,Delayed,42.46
58774,18774,Air,2025-03-30,Delivered,44.31
58775,18775,Rail,2025-08-20,Delayed,10.47
58776,18776,Air,2025-09-10,Delivered,27.48
58777,18777,Rail,2025-03-26,Delivered,20.33
58778,18778,Rail,2025-02-10,Delivered,30.72
58779,18779,Rail,2025-10-13,Delivered,29.43
58780,18780,Rail,2025-09-18,Delivered,12.42
58781,18781,Rail,2025-08-31,Delivered,25.18
58782,18782,Road,2025-02-12,Delivered,5.91
58783,18783,Rail,2025-03-10,Delivered,26.17
58784,18784,Road,2025-03-18,Delivered,23.86
58785,18785,Road,2025-12-12,Delivered,44.37
58786,18786,Road,2025-08-13,Delivered,36.4
58787,18787,Road,2025-02-22,Delivered,18.45
58788,18788,Air,2025-01-29,Delivered,34.79
58789,18789,Air,2025-11-02,Delayed,6.37
58790,18790,Rail,2025-06-22,Delivered,21.21
58791,18791,Rail,2025-09-30,Delivered,19.77
58792,18792,Air,2025-08-13,Delivered,47.33
58793,18793,Air,2025-01-13,Delayed,19.86
58794,18794,Air,2025-07-25,Delivered,9.3
58795,18795,Road,2025-04-04,Delivered,43.59
58796,18796,Air,2026-01-04,Delivered,47.78
58797,18797,Rail,2025-06-26,Delivered,16.45
58798,18798,Air,2025-05-03,Delivered,34.23
58799,18799,Rail,2025-01-30,Delivered,14.71
58800,18800,Rail,2025-09-13,Delivered,9.13
58801,18801,Road,2025-09-18,Delivered,36.69
58802,18802,Air,2025-05-29,Delivered,48.99
58803,18803,Road,2025-08-30,Delivered,5.09
58804,18804,Road,2025-12-20,Delayed,46.5
58805,18805,Air,2025-08-30,Delivered,23.94
58806,18806,Air,2025-06-02,Delayed,45.71
58807,18807,Road,2025-10-06,Delivered,32.95
58808,18808,Road,2025-12-08,Delivered,48.65
58809,18809,Rail,2025-05-20,Delayed,44.05
58810,18810,Rail,2025-03-14,Delivered,32.42
58811,18811,Road,2025-05-12,Delivered,22.1
58812,18812,Road,2025-05-08,Delayed,48.22
58813,18813,Road,2025-07-28,Delayed,11.51
58814,18814,Rail,2025-12-30,Delayed,21.16
58815,18815,Road,2025-08-16,Delivered,12.65
58816,18816,Rail,2026-01-04,Delayed,24.05
58817,18817,Air,2025-04-22,Delivered,9.59
58818,18818,Rail,2025-03-27,Delivered,29.54
58819,18819,Rail,2025-08-14,Delivered,47.03
58820,18820,Road,2025-06-13,Delivered,16.87
58821,18821,Road,2025-01-22,Delayed,45.57
58822,18822,Air,2025-11-02,Delivered,8.88
58823,18823,Road,2025-06-09,Delivered,38.01
58824,18824,Road,2025-08-18,Delivered,37.22
58825,18825,Road,2025-08-22,Delivered,16.37
58826,18826,Rail,2025-12-16,Delivered,39.57
58827,18827,Air,2025-05-15,Delivered,47.43
58828,18828,Air,2025-01-16,Delayed,47.23
58829,18829,Road,2026-01-07,Delayed,8.21
58830,18830,Rail,2025-03-15,Delivered,41.03
58831,18831,Road,2025-01-22,Delivered,12.88
58832,18832,Air,2025-10-05,Delayed,19.09
58833,18833,Road,2025-10-26,Delivered,37.09
58834,18834,Rail,2025-01-18,Delivered,16.21
58835,18835,Rail,2025-09-21,Delivered,40.38
58836,18836,Rail,2025-12-28,Delivered,39.64
58837,18837,Air,2025-08-06,Delayed,25.47
58838,18838,Air,2025-01-07,Delayed,22.13
58839,18839,Road,2025-06-16,Delayed,29.24
58840,18840,Road,2025-08-18,Delivered,32.74
58841,18841,Rail,2025-08-26,Delivered,6.21
58842,18842,Air,2025-02-09,Delivered,42.62
58843,18843,Rail,2025-04-09,Delayed,19.96
58844,18844,Rail,2025-12-21,Delivered,14.8
58845,18845,Road,2025-03-01,Delayed,48.79
58846,18846,Air,2025-12-19,Delivered,9.51
58847,18847,Road,2025-10-02,Delivered,17.29
58848,18848,Road,2025-09-30,Delayed,39.98
58849,18849,Rail,2025-01-14,Delivered,42.55
58850,18850,Road,2025-02-04,Delivered,24.2
58851,18851,Road,2025-12-31,Delayed,9.5
58852,18852,Rail,2025-04-03,Delayed,13.87
58853,18853,Road,2025-09-20,Delivered,22.4
58854,18854,Rail,2025-01-22,Delayed,35.54
58855,18855,Rail,2025-10-23,Delivered,9.86
58856,18856,Air,2025-07-23,Delivered,13.66
58857,18857,Rail,2025-12-28,Delivered,16.74
58858,18858,Air,2025-04-02,Delivered,6.1
58859,18859,Rail,2025-06-02,Delivered,5.72
58860,18860,Rail,2025-06-18,Delivered,11.59
58861,18861,Road,2025-11-04,Delivered,42.89
58862,18862,Air,2025-07-28,Delayed,36.77
58863,18863,Air,2025-07-23,Delayed,35.63
58864,18864,Air,2025-05-13,Delivered,10.16
58865,18865,Air,2025-03-05,Delayed,39.76
58866,18866,Rail,2025-02-02,Delivered,17.67
58867,18867,Air,2025-03-15,Delivered,27.2
58868,18868,Rail,2025-01-31,Delivered,30.79
58869,18869,Rail,2025-12-10,Delayed,49.63
58870,18870,Road,2025-11-21,Delivered,16.49
58871,18871,Rail,2025-10-21,Delivered,48.94
58872,18872,Road,2025-09-20,Delivered,33.52
58873,18873,Rail,2025-09-01,Delayed,5.36
58874,18874,Air,2025-05-20,Delivered,40.53
58875,18875,Rail,2025-11-15,Delivered,39.3
58876,18876,Air,2025-04-05,Delivered,36.24
58877,18877,Road,2025-12-29,Delivered,42.37
58878,18878,Air,2025-06-06,Delivered,9.74
58879,18879,Rail,2025-03-15,Delivered,31.97
58880,18880,Road,2025-07-20,Delivered,45.07
58881,18881,Air,2025-11-18,Delivered,25.57
58882,18882,Road,2025-07-29,Delayed,5.19
58883,18883,Rail,2025-07-11,Delivered,21.24
58884,18884,Air,2025-06-18,Delayed,39.66
58885,18885,Road,2025-12-05,Delivered,34.37
58886,18886,Air,2025-03-11,Delivered,15.64
58887,18887,Rail,2025-12-02,Delivered,10.35
58888,18888,Road,2025-03-01,Delivered,25.78
58889,18889,Rail,2025-01-27,Delivered,18.23
58890,18890,Rail,2025-08-20,Delivered,40.04
58891,18891,Rail,2025-08-27,Delivered,36.49
58892,18892,Air,2025-06-02,Delivered,6.13
58893,18893,Road,2025-02-14,Delayed,49.59
58894,18894,Road,2025-07-20,Delivered,43.92
58895,18895,Rail,2025-10-29,Delivered,32.02
58896,18896,Rail,2025-10-16,Delivered,8.68
58897,18897,Road,2025-04-27,Delivered,10.8
58898,18898,Air,2025-01-30,Delayed,22.76
58899,18899,Air,2026-01-05,Delivered,35.69
58900,18900,Air,2025-01-25,Delivered,41.16
58901,18901,Road,2025-06-22,Delivered,5.18
58902,18902,Rail,2026-01-09,Delivered,45.81
58903,18903,Road,2025-08-04,Delivered,47.92
58904,18904,Air,2025-12-09,Delivered,29.45
58905,18905,Rail,2025-01-07,Delayed,39.99
58906,18906,Air,2025-07-17,Delivered,6.47
58907,18907,Air,2025-01-24,Delivered,15.53
58908,18908,Rail,2025-12-16,Delivered,23.19
58909,18909,Air,2025-07-23,Delivered,27.12
58910,18910,Rail,2025-07-17,Delivered,14.21
58911,18911,Road,2025-08-13,Delivered,17.15
58912,18912,Air,2025-10-21,Delivered,47.39
58913,18913,Road,2025-11-15,Delivered,31.83
58914,18914,Road,2025-03-05,Delivered,48.35
58915,18915,Road,2025-10-05,Delivered,44.92
58916,18916,Air,2025-03-24,Delivered,39.63
58917,18917,Air,2025-08-23,Delivered,16.31
58918,18918,Rail,2025-03-29,Delayed,38.68
58919,18919,Air,2025-01-29,Delivered,48.89
58920,18920,Rail,2025-01-18,Delivered,32.13
58921,18921,Air,2025-01-10,Delivered,6.27
58922,18922,Air,2025-01-17,Delivered,42.36
58923,18923,Road,2025-09-19,Delivered,36.12
58924,18924,Road,2025-07-13,Delivered,15.69
58925,18925,Rail,2025-02-11,Delayed,31.61
58926,18926,Air,2025-09-06,Delivered,36.84
58927,18927,Road,2025-04-20,Delivered,36.15
58928,18928,Rail,2025-09-06,Delayed,32.5
58929,18929,Road,2025-03-10,Delivered,27.86
58930,18930,Air,2025-09-09,Delivered,38.5
58931,18931,Road,2025-11-11,Delivered,46.05
58932,18932,Road,2025-06-19,Delivered,10.14
58933,18933,Air,2025-11-30,Delivered,39.24
58934,18934,Road,2025-02-23,Delivered,18.11
58935,18935,Road,2025-12-29,Delivered,27.96
58936,18936,Air,2025-06-15,Delivered,12.15
58937,18937,Air,2025-11-16,Delivered,48.21
58938,18938,Rail,2025-01-30,Delivered,30.38
58939,18939,Air,2025-11-27,Delivered,20.93
58940,18940,Rail,2025-12-24,Delivered,30.95
58941,18941,Rail,2025-05-12,Delayed,41.38
58942,18942,Rail,2025-03-06,Delivered,40.4
58943,18943,Rail,2025-02-27,Delivered,6.72
58944,18944,Air,2025-08-07,Delivered,48.82
58945,18945,Air,2025-05-02,Delivered,47.93
58946,18946,Rail,2025-07-31,Delayed,9.92
58947,18947,Rail,2025-08-12,Delivered,38.03
58948,18948,Air,2025-05-12,Delayed,38.73
58949,18949,Rail,2025-05-30,Delivered,45.67
58950,18950,Road,2025-08-14,Delayed,16.09
58951,18951,Air,2025-02-18,Delivered,46.63
58952,18952,Air,2025-06-06,Delivered,28.16
58953,18953,Rail,2025-11-16,Delivered,6.79
58954,18954,Road,2025-03-29,Delivered,31.37
58955,18955,Road,2025-07-19,Delivered,36.26
58956,18956,Air,2025-06-24,Delivered,7.55
58957,18957,Air,2025-09-15,Delivered,42.28
58958,18958,Road,2025-09-13,Delivered,9.72
58959,18959,Road,2025-10-13,Delivered,16.5
58960,18960,Road,2025-04-27,Delivered,32.4
58961,18961,Rail,2025-04-04,Delivered,34.23
58962,18962,Road,2025-06-20,Delivered,48.25
58963,18963,Air,2025-11-25,Delayed,26.57
58964,18964,Road,2025-01-22,Delayed,15.5
58965,18965,Rail,2025-12-03,Delivered,24.44
58966,18966,Rail,2025-12-09,Delivered,8.62
58967,18967,Rail,2025-07-14,Delayed,39.22
58968,18968,Rail,2025-02-06,Delivered,12.52
58969,18969,Rail,2025-08-05,Delayed,14.12
58970,18970,Rail,2025-09-18,Delivered,47.05
58971,18971,Rail,2025-11-23,Delivered,41.78
58972,18972,Rail,2025-01-26,Delivered,25.95
58973,18973,Road,2025-09-06,Delivered,36.19
58974,18974,Rail,2025-12-22,Delivered,26.31
58975,18975,Air,2025-10-24,Delayed,36.11
58976,18976,Rail,2025-12-23,Delivered,18.37
58977,18977,Road,2025-08-15,Delivered,35.25
58978,18978,Road,2025-03-15,Delivered,9.72
58979,18979,Air,2025-08-04,Delayed,5.81
58980,18980,Road,2025-03-28,Delayed,34.8
58981,18981,Rail,2025-10-23,Delayed,23.59
58982,18982,Rail,2025-01-05,Delivered,34.29
58983,18983,Air,2025-05-05,Delayed,38.12
58984,18984,Air,2025-08-21,Delivered,29.55
58985,18985,Air,2025-12-12,Delivered,39.24
58986,18986,Rail,2025-08-23,Delivered,49.71
58987,18987,Rail,2025-08-17,Delivered,27.73
58988,18988,Air,2025-10-21,Delivered,44.41
58989,18989,Rail,2025-01-26,Delivered,44.67
58990,18990,Air,2025-07-10,Delivered,24.58
58991,18991,Air,2025-01-20,Delayed,13.1
58992,18992,Air,2025-07-02,Delayed,18.0
58993,18993,Air,2025-12-08,Delivered,8.28
58994,18994,Rail,2025-04-29,Delivered,45.39
58995,18995,Road,2025-07-20,Delivered,35.45
58996,18996,Road,2025-05-30,Delivered,16.92
58997,18997,Road,2025-12-01,Delivered,45.52
58998,18998,Road,2025-02-08,Delivered,48.05
58999,18999,Rail,2025-12-26,Delivered,24.88
59000,19000,Road,2025-02-05,Delivered,13.31
59001,19001,Road,2025-08-20,Delivered,30.77
59002,19002,Air,2025-04-20,Delivered,8.5
59003,19003,Rail,2025-03-21,Delivered,23.68
59004,19004,Road,2025-04-09,Delivered,41.03
59005,19005,Air,2025-01-25,Delivered,20.95
59006,19006,Road,2025-02-20,Delivered,18.54
59007,19007,Rail,2025-02-16,Delivered,44.13
59008,19008,Air,2025-08-27,Delivered,12.98
59009,19009,Road,2025-07-29,Delivered,14.1
59010,19010,Air,2025-02-14,Delivered,18.96
59011,19011,Air,2025-03-23,Delayed,37.07
59012,19012,Road,2025-08-12,Delayed,20.85
59013,19013,Air,2025-06-02,Delivered,31.73
59014,19014,Road,2025-03-23,Delivered,27.22
59015,19015,Road,2025-10-19,Delayed,20.03
59016,19016,Road,2025-01-05,Delayed,44.64
59017,19017,Rail,2025-03-15,Delivered,14.42
59018,19018,Air,2025-09-02,Delivered,29.73
59019,19019,Air,2025-11-15,Delivered,18.66
59020,19020,Rail,2025-03-17,Delivered,42.56
59021,19021,Rail,2025-02-08,Delivered,18.79
59022,19022,Rail,2025-10-24,Delivered,47.48
59023,19023,Rail,2025-09-01,Delayed,29.41
59024,19024,Air,2025-03-27,Delivered,19.83
59025,19025,Road,2025-10-31,Delayed,46.11
59026,19026,Air,2025-07-29,Delayed,24.61
59027,19027,Rail,2025-11-23,Delayed,42.7
59028,19028,Rail,2025-07-01,Delivered,9.06
59029,19029,Rail,2025-11-02,Delayed,19.04
59030,19030,Road,2025-12-21,Delivered,6.56
59031,19031,Road,2025-03-07,Delivered,10.29
59032,19032,Air,2025-12-19,Delivered,19.52
59033,19033,Rail,2025-07-05,Delivered,40.21
59034,19034,Rail,2025-02-23,Delayed,29.68
59035,19035,Rail,2025-08-16,Delivered,44.46
59036,19036,Road,2025-06-26,Delayed,35.06
59037,19037,Rail,2025-05-04,Delivered,42.84
59038,19038,Road,2025-04-10,Delivered,49.23
59039,19039,Rail,2025-12-01,Delivered,38.78
59040,19040,Rail,2025-05-06,Delivered,7.61
59041,19041,Air,2025-08-06,Delayed,11.61
59042,19042,Road,2025-01-24,Delivered,35.36
59043,19043,Road,2026-01-01,Delivered,40.29
59044,19044,Road,2025-06-06,Delivered,6.22
59045,19045,Road,2025-02-09,Delivered,30.42
59046,19046,Air,2025-05-11,Delivered,46.67
59047,19047,Air,2025-02-02,Delivered,14.35
59048,19048,Air,2025-10-30,Delayed,28.87
59049,19049,Rail,2025-08-20,Delivered,30.74
59050,19050,Road,2025-12-30,Delayed,28.1
59051,19051,Rail,2025-12-14,Delivered,32.56
59052,19052,Air,2025-01-07,Delayed,37.96
59053,19053,Air,2025-10-25,Delivered,5.69
59054,19054,Road,2025-05-15,Delivered,48.51
59055,19055,Rail,2025-02-07,Delayed,26.75
59056,19056,Road,2025-06-25,Delivered,8.5
59057,19057,Air,2025-09-24,Delayed,28.34
59058,19058,Rail,2025-07-24,Delayed,8.08
59059,19059,Road,2025-08-19,Delivered,25.6
59060,19060,Air,2025-04-19,Delayed,24.57
59061,19061,Road,2025-07-25,Delivered,36.77
59062,19062,Air,2025-01-16,Delivered,11.4
59063,19063,Air,2025-06-03,Delayed,40.63
59064,19064,Air,2025-06-30,Delayed,10.62
59065,19065,Road,2025-02-26,Delayed,24.82
59066,19066,Rail,2025-12-16,Delayed,45.48
59067,19067,Road,2025-11-23,Delivered,36.92
59068,19068,Air,2025-11-16,Delivered,22.26
59069,19069,Air,2026-01-02,Delayed,46.2
59070,19070,Rail,2025-07-16,Delivered,5.16
59071,19071,Air,2025-11-24,Delayed,18.38
59072,19072,Air,2025-08-05,Delayed,31.55
59073,19073,Road,2025-09-29,Delayed,26.11
59074,19074,Road,2025-06-08,Delivered,49.65
59075,19075,Road,2025-01-27,Delivered,22.12
59076,19076,Road,2025-03-15,Delivered,26.39
59077,19077,Road,2025-07-29,Delivered,49.81
59078,19078,Road,2025-11-15,Delayed,45.89
59079,19079,Air,2025-02-15,Delivered,25.85
59080,19080,Rail,2025-01-06,Delivered,34.25
59081,19081,Road,2025-06-12,Delivered,32.11
59082,19082,Rail,2025-03-16,Delayed,18.96
59083,19083,Air,2025-04-24,Delivered,28.79
59084,19084,Rail,2025-04-09,Delivered,7.04
59085,19085,Air,2025-03-27,Delivered,47.28
59086,19086,Road,2025-04-21,Delivered,18.81
59087,19087,Rail,2025-04-22,Delivered,29.1
59088,19088,Rail,2025-09-05,Delivered,7.98
59089,19089,Road,2025-09-26,Delivered,45.79
59090,19090,Rail,2025-09-03,Delivered,35.09
59091,19091,Air,2025-04-28,Delivered,21.86
59092,19092,Air,2025-07-16,Delivered,33.16
59093,19093,Rail,2025-05-28,Delivered,16.99
59094,19094,Road,2025-12-11,Delivered,33.28
59095,19095,Air,2025-07-03,Delivered,29.71
59096,19096,Rail,2025-04-19,Delivered,13.92
59097,19097,Rail,2025-12-03,Delivered,25.33
59098,19098,Air,2025-07-23,Delivered,41.56
59099,19099,Rail,2025-12-26,Delivered,13.76
59100,19100,Road,2025-11-11,Delivered,25.77
59101,19101,Rail,2025-06-11,Delayed,36.79
59102,19102,Road,2025-11-11,Delayed,49.35
59103,19103,Road,2025-12-21,Delivered,26.2
59104,19104,Air,2025-09-12,Delayed,7.7
59105,19105,Road,2025-07-10,Delivered,39.63
59106,19106,Road,2025-03-10,Delayed,28.59
59107,19107,Air,2025-10-31,Delivered,38.8
59108,19108,Air,2025-06-13,Delivered,21.61
59109,19109,Road,2025-08-18,Delivered,25.51
59110,19110,Rail,2025-03-04,Delivered,44.54
59111,19111,Air,2025-05-11,Delivered,46.0
59112,19112,Road,2025-04-05,Delivered,30.0
59113,19113,Rail,2025-05-15,Delivered,32.76
59114,19114,Air,2025-10-26,Delivered,28.83
59115,19115,Air,2025-10-01,Delivered,39.93
59116,19116,Road,2025-01-22,Delivered,45.22
59117,19117,Air,2025-04-17,Delayed,42.67
59118,19118,Road,2025-12-22,Delayed,30.69
59119,19119,Rail,2025-08-02,Delivered,32.16
59120,19120,Road,2025-07-27,Delivered,46.19
59121,19121,Rail,2025-02-13,Delivered,23.12
59122,19122,Air,2025-12-31,Delivered,27.29
59123,19123,Rail,2025-10-09,Delayed,40.57
59124,19124,Road,2025-08-03,Delivered,36.51
59125,19125,Road,2025-04-21,Delivered,26.21
59126,19126,Road,2025-06-02,Delivered,8.12
59127,19127,Air,2025-01-18,Delivered,36.38
59128,19128,Rail,2025-04-03,Delivered,42.78
59129,19129,Air,2025-11-12,Delayed,10.24
59130,19130,Air,2025-05-22,Delivered,10.59
59131,19131,Rail,2025-11-14,Delivered,17.18
59132,19132,Air,2025-12-09,Delayed,46.18
59133,19133,Rail,2025-12-30,Delivered,39.36
59134,19134,Road,2025-11-27,Delayed,44.79
59135,19135,Air,2025-04-28,Delivered,31.18
59136,19136,Rail,2025-09-05,Delivered,34.85
59137,19137,Rail,2025-12-27,Delivered,13.6
59138,19138,Rail,2025-05-05,Delivered,15.94
59139,19139,Rail,2025-06-26,Delivered,30.49
59140,19140,Rail,2025-11-12,Delivered,26.42
59141,19141,Road,2025-10-13,Delivered,28.9
59142,19142,Road,2025-09-19,Delayed,34.47
59143,19143,Rail,2025-11-14,Delivered,14.97
59144,19144,Air,2025-12-13,Delivered,21.22
59145,19145,Road,2025-04-09,Delayed,37.79
59146,19146,Road,2025-04-09,Delivered,43.49
59147,19147,Air,2025-06-14,Delivered,48.41
59148,19148,Air,2025-10-07,Delivered,19.18
59149,19149,Road,2025-09-14,Delivered,24.87
59150,19150,Air,2025-10-05,Delivered,12.46
59151,19151,Road,2025-09-15,Delivered,12.68
59152,19152,Air,2025-10-12,Delivered,6.04
59153,19153,Rail,2025-12-27,Delivered,17.46
59154,19154,Air,2025-02-06,Delayed,7.47
59155,19155,Air,2025-04-07,Delayed,23.12
59156,19156,Road,2025-08-08,Delayed,37.63
59157,19157,Road,2025-02-22,Delivered,36.47
59158,19158,Road,2025-01-29,Delivered,39.62
59159,19159,Air,2025-10-21,Delayed,48.37
59160,19160,Air,2025-12-09,Delivered,38.14
59161,19161,Rail,2025-08-27,Delivered,41.38
59162,19162,Air,2025-07-01,Delivered,35.81
59163,19163,Air,2025-10-02,Delivered,37.68
59164,19164,Air,2025-08-10,Delayed,38.35
59165,19165,Rail,2025-10-10,Delivered,35.72
59166,19166,Road,2025-05-09,Delivered,31.19
59167,19167,Rail,2025-07-01,Delivered,11.84
59168,19168,Rail,2025-09-20,Delivered,37.15
59169,19169,Road,2025-06-20,Delivered,47.96
59170,19170,Air,2025-04-02,Delayed,29.02
59171,19171,Road,2025-11-21,Delivered,45.59
59172,19172,Rail,2025-08-20,Delivered,41.16
59173,19173,Air,2025-10-23,Delivered,29.68
59174,19174,Road,2025-10-31,Delivered,5.73
59175,19175,Road,2025-04-29,Delivered,19.83
59176,19176,Road,2025-06-24,Delivered,36.51
59177,19177,Rail,2025-12-27,Delivered,16.4
59178,19178,Air,2025-05-11,Delivered,45.26
59179,19179,Air,2025-05-02,Delivered,16.01
59180,19180,Air,2025-02-11,Delivered,33.33
59181,19181,Air,2025-06-14,Delayed,10.48
59182,19182,Road,2025-01-18,Delivered,11.78
59183,19183,Road,2025-08-06,Delayed,22.94
59184,19184,Rail,2025-09-11,Delayed,45.81
59185,19185,Rail,2026-01-01,Delayed,31.71
59186,19186,Road,2025-11-08,Delayed,47.39
59187,19187,Road,2025-09-06,Delayed,46.64
59188,19188,Air,2025-07-01,Delivered,36.62
59189,19189,Air,2025-05-20,Delivered,30.91
59190,19190,Road,2025-09-05,Delivered,28.76
59191,19191,Air,2025-04-11,Delivered,21.5
59192,19192,Rail,2025-03-02,Delivered,28.5
59193,19193,Road,2025-02-15,Delivered,7.85
59194,19194,Air,2025-12-06,Delivered,17.09
59195,19195,Road,2025-11-16,Delayed,28.1
59196,19196,Air,2025-11-04,Delivered,44.26
59197,19197,Rail,2025-01-21,Delivered,46.44
59198,19198,Air,2025-07-17,Delivered,42.69
59199,19199,Road,2025-01-11,Delivered,45.52
59200,19200,Road,2025-02-26,Delivered,40.5
59201,19201,Road,2025-08-11,Delayed,45.44
59202,19202,Road,2025-06-11,Delivered,15.49
59203,19203,Road,2025-08-09,Delivered,10.41
59204,19204,Road,2025-08-04,Delivered,27.87
59205,19205,Road,2025-08-18,Delivered,27.6
59206,19206,Road,2025-09-14,Delivered,10.19
59207,19207,Air,2025-09-08,Delivered,43.32
59208,19208,Air,2025-06-05,Delivered,29.03
59209,19209,Air,2025-04-14,Delayed,13.38
59210,19210,Road,2025-08-26,Delivered,8.22
59211,19211,Road,2025-11-21,Delivered,21.99
59212,19212,Road,2025-01-10,Delivered,45.42
59213,19213,Road,2025-09-25,Delivered,8.17
59214,19214,Road,2025-05-17,Delayed,35.49
59215,19215,Road,2025-04-27,Delivered,5.77
59216,19216,Road,2025-09-12,Delivered,11.11
59217,19217,Rail,2025-04-07,Delayed,49.72
59218,19218,Rail,2025-03-31,Delayed,13.57
59219,19219,Road,2025-10-23,Delivered,49.45
59220,19220,Rail,2025-03-26,Delivered,15.95
59221,19221,Rail,2025-07-08,Delivered,29.88
59222,19222,Air,2025-12-07,Delivered,32.07
59223,19223,Air,2025-02-09,Delivered,11.42
59224,19224,Air,2025-05-03,Delayed,47.34
59225,19225,Rail,2025-11-07,Delayed,40.18
59226,19226,Rail,2025-06-22,Delivered,34.91
59227,19227,Road,2025-12-19,Delayed,47.81
59228,19228,Air,2025-03-21,Delivered,11.9
59229,19229,Air,2025-09-19,Delivered,19.81
59230,19230,Rail,2025-04-26,Delivered,42.98
59231,19231,Air,2025-09-07,Delivered,35.81
59232,19232,Air,2025-12-26,Delayed,32.19
59233,19233,Rail,2025-10-29,Delayed,43.68
59234,19234,Rail,2025-04-19,Delivered,32.97
59235,19235,Air,2025-08-09,Delivered,48.6
59236,19236,Rail,2025-11-08,Delivered,25.52
59237,19237,Air,2025-10-30,Delivered,16.75
59238,19238,Road,2026-01-05,Delivered,7.66
59239,19239,Road,2025-02-08,Delivered,9.11
59240,19240,Road,2025-01-25,Delivered,35.51
59241,19241,Air,2025-10-08,Delayed,40.37
59242,19242,Road,2025-03-05,Delivered,29.47
59243,19243,Air,2025-12-14,Delayed,17.94
59244,19244,Air,2025-01-14,Delivered,36.2
59245,19245,Road,2025-05-12,Delivered,32.49
59246,19246,Rail,2025-06-18,Delivered,14.01
59247,19247,Rail,2025-03-08,Delivered,47.68
59248,19248,Road,2025-09-22,Delayed,8.35
59249,19249,Rail,2025-07-13,Delivered,41.21
59250,19250,Rail,2025-11-22,Delivered,35.78
59251,19251,Air,2025-04-14,Delayed,46.93
59252,19252,Rail,2025-03-22,Delivered,47.96
59253,19253,Rail,2025-02-14,Delivered,13.72
59254,19254,Road,2025-12-23,Delayed,38.58
59255,19255,Road,2025-04-24,Delivered,41.92
59256,19256,Rail,2025-02-19,Delivered,46.76
59257,19257,Road,2025-07-20,Delivered,21.17
59258,19258,Rail,2025-07-07,Delivered,39.36
59259,19259,Air,2025-05-26,Delivered,36.44
59260,19260,Air,2025-03-25,Delivered,32.78
59261,19261,Air,2025-02-08,Delivered,17.66
59262,19262,Rail,2026-01-03,Delayed,11.52
59263,19263,Road,2025-04-22,Delivered,25.16
59264,19264,Air,2025-03-12,Delivered,14.44
59265,19265,Air,2025-05-27,Delayed,45.6
59266,19266,Air,2025-04-24,Delayed,41.32
59267,19267,Air,2025-04-17,Delivered,48.3
59268,19268,Rail,2025-11-21,Delivered,47.72
59269,19269,Rail,2025-12-26,Delayed,36.76
59270,19270,Air,2025-12-16,Delayed,30.53
59271,19271,Road,2025-06-10,Delivered,13.28
59272,19272,Air,2025-12-03,Delayed,46.01
59273,19273,Rail,2025-12-14,Delivered,21.35
59274,19274,Road,2025-03-24,Delayed,24.92
59275,19275,Road,2025-09-05,Delivered,40.01
59276,19276,Road,2025-08-28,Delivered,28.12
59277,19277,Road,2025-10-23,Delivered,22.9
59278,19278,Air,2025-05-12,Delivered,25.83
59279,19279,Rail,2025-01-19,Delivered,29.18
59280,19280,Road,2025-04-30,Delivered,9.03
59281,19281,Rail,2025-06-04,Delayed,15.81
59282,19282,Air,2025-05-13,Delayed,22.44
59283,19283,Air,2025-09-18,Delivered,9.71
59284,19284,Road,2025-11-15,Delivered,5.26
59285,19285,Rail,2025-12-06,Delivered,14.23
59286,19286,Rail,2025-07-31,Delivered,34.78
59287,19287,Rail,2025-06-14,Delivered,36.44
59288,19288,Road,2025-10-05,Delivered,16.5
59289,19289,Rail,2025-07-02,Delivered,43.98
59290,19290,Road,2025-07-11,Delivered,21.4
59291,19291,Road,2025-12-16,Delayed,33.01
59292,19292,Road,2025-02-16,Delivered,37.97
59293,19293,Air,2025-05-09,Delayed,37.23
59294,19294,Rail,2025-04-03,Delivered,6.24
59295,19295,Air,2025-09-04,Delivered,9.15
59296,19296,Air,2025-04-03,Delivered,38.56
59297,19297,Rail,2025-03-13,Delayed,23.79
59298,19298,Rail,2025-09-02,Delivered,6.62
59299,19299,Rail,2025-07-24,Delivered,41.01
59300,19300,Road,2025-01-31,Delivered,5.78
59301,19301,Rail,2025-05-23,Delivered,12.59
59302,19302,Road,2025-06-01,Delivered,6.5
59303,19303,Rail,2025-10-13,Delivered,9.35
59304,19304,Air,2025-08-16,Delivered,42.29
59305,19305,Rail,2025-07-31,Delivered,30.63
59306,19306,Air,2025-10-26,Delivered,13.9
59307,19307,Road,2025-09-29,Delivered,42.94
59308,19308,Rail,2025-03-24,Delivered,48.43
59309,19309,Air,2025-01-21,Delivered,5.56
59310,19310,Road,2025-02-28,Delivered,6.09
59311,19311,Air,2025-12-15,Delayed,31.08
59312,19312,Road,2025-04-26,Delayed,22.15
59313,19313,Road,2025-07-20,Delayed,25.28
59314,19314,Rail,2025-07-09,Delayed,35.81
59315,19315,Road,2025-11-18,Delayed,12.4
59316,19316,Rail,2025-12-21,Delayed,25.45
59317,19317,Air,2025-02-28,Delivered,30.41
59318,19318,Rail,2025-09-28,Delivered,37.0
59319,19319,Rail,2025-05-27,Delivered,40.62
59320,19320,Road,2025-01-26,Delayed,13.01
59321,19321,Road,2025-10-29,Delayed,30.69
59322,19322,Road,2025-06-05,Delivered,16.48
59323,19323,Rail,2025-09-09,Delivered,18.25
59324,19324,Air,2025-07-26,Delivered,47.21
59325,19325,Rail,2025-10-30,Delivered,13.95
59326,19326,Air,2025-07-19,Delivered,15.33
59327,19327,Air,2025-09-22,Delivered,44.04
59328,19328,Air,2025-09-19,Delivered,22.11
59329,19329,Rail,2025-01-13,Delivered,19.24
59330,19330,Rail,2025-10-28,Delivered,23.38
59331,19331,Road,2025-09-30,Delivered,38.05
59332,19332,Road,2025-06-06,Delayed,18.07
59333,19333,Road,2025-11-06,Delayed,5.85
59334,19334,Road,2025-10-24,Delivered,17.12
59335,19335,Rail,2025-12-04,Delivered,33.95
59336,19336,Air,2025-12-11,Delivered,39.95
59337,19337,Road,2025-01-19,Delivered,16.92
59338,19338,Air,2025-12-20,Delivered,38.95
59339,19339,Air,2025-08-02,Delayed,10.33
59340,19340,Rail,2025-03-04,Delivered,9.34
59341,19341,Air,2025-07-05,Delivered,13.0
59342,19342,Road,2025-10-07,Delivered,5.17
59343,19343,Air,2025-04-16,Delayed,15.95
59344,19344,Rail,2025-08-18,Delivered,21.7
59345,19345,Air,2025-11-30,Delayed,47.79
59346,19346,Air,2025-08-07,Delivered,24.34
59347,19347,Rail,2025-11-27,Delivered,10.03
59348,19348,Rail,2025-08-30,Delivered,9.53
59349,19349,Air,2025-07-21,Delayed,8.58
59350,19350,Rail,2025-04-01,Delayed,10.13
59351,19351,Air,2025-09-23,Delivered,9.63
59352,19352,Rail,2025-02-18,Delivered,34.46
59353,19353,Air,2025-12-26,Delivered,43.02
59354,19354,Rail,2025-10-04,Delivered,9.65
59355,19355,Road,2025-04-06,Delivered,32.84
59356,19356,Air,2025-05-23,Delivered,45.86
59357,19357,Road,2025-03-21,Delivered,33.36
59358,19358,Air,2025-06-19,Delivered,16.1
59359,19359,Rail,2025-01-22,Delayed,14.3
59360,19360,Air,2025-08-27,Delayed,40.51
59361,19361,Air,2025-09-24,Delivered,20.28
59362,19362,Air,2025-02-13,Delayed,14.64
59363,19363,Rail,2025-11-27,Delayed,5.9
59364,19364,Air,2025-01-18,Delayed,37.39
59365,19365,Air,2025-05-28,Delivered,40.9
59366,19366,Air,2025-08-02,Delayed,18.82
59367,19367,Air,2025-06-04,Delivered,11.14
59368,19368,Road,2025-06-14,Delivered,12.25
59369,19369,Rail,2025-02-22,Delayed,13.71
59370,19370,Road,2025-02-01,Delivered,49.57
59371,19371,Road,2025-08-13,Delayed,6.43
59372,19372,Rail,2025-04-28,Delivered,14.54
59373,19373,Road,2025-07-16,Delayed,21.54
59374,19374,Rail,2025-04-24,Delivered,18.57
59375,19375,Air,2025-01-30,Delivered,32.65
59376,19376,Rail,2025-07-24,Delayed,15.39
59377,19377,Road,2025-10-02,Delivered,23.09
59378,19378,Road,2025-01-17,Delivered,24.89
59379,19379,Air,2025-09-30,Delayed,11.16
59380,19380,Rail,2025-07-28,Delayed,46.73
59381,19381,Rail,2025-05-28,Delivered,40.0
59382,19382,Air,2025-12-26,Delivered,28.66
59383,19383,Road,2025-04-22,Delivered,30.7
59384,19384,Air,2025-06-06,Delivered,28.18
59385,19385,Rail,2025-02-18,Delayed,8.83
59386,19386,Rail,2025-03-20,Delayed,25.82
59387,19387,Rail,2025-08-12,Delayed,32.69
59388,19388,Rail,2025-08-11,Delivered,16.99
59389,19389,Rail,2025-03-27,Delivered,5.62
59390,19390,Rail,2025-09-15,Delivered,36.99
59391,19391,Air,2025-02-27,Delayed,48.37
59392,19392,Air,2025-04-14,Delivered,10.43
59393,19393,Road,2025-06-10,Delivered,45.01
59394,19394,Road,2025-11-08,Delivered,32.59
59395,19395,Road,2025-11-24,Delivered,45.64
59396,19396,Air,2025-03-24,Delayed,47.74
59397,19397,Rail,2025-03-03,Delivered,41.88
59398,19398,Road,2025-07-11,Delivered,26.89
59399,19399,Air,2025-12-20,Delivered,7.44
59400,19400,Road,2025-03-03,Delivered,17.34
59401,19401,Road,2025-07-16,Delivered,14.25
59402,19402,Road,2025-05-15,Delivered,41.36
59403,19403,Rail,2026-01-03,Delivered,21.36
59404,19404,Road,2025-10-21,Delivered,32.87
59405,19405,Air,2025-06-18,Delivered,39.97
59406,19406,Air,2025-11-28,Delayed,17.8
59407,19407,Air,2025-05-03,Delivered,37.76
59408,19408,Rail,2025-05-28,Delayed,14.67
59409,19409,Road,2025-06-03,Delivered,32.7
59410,19410,Rail,2025-11-22,Delivered,24.17
59411,19411,Rail,2026-01-01,Delivered,34.68
59412,19412,Rail,2025-02-01,Delivered,17.56
59413,19413,Air,2025-05-01,Delivered,34.72
59414,19414,Rail,2025-07-28,Delivered,13.33
59415,19415,Road,2025-09-27,Delivered,40.18
59416,19416,Air,2025-10-13,Delayed,49.4
59417,19417,Road,2025-09-19,Delayed,38.16
59418,19418,Air,2025-09-19,Delivered,12.57
59419,19419,Road,2025-08-12,Delivered,15.7
59420,19420,Rail,2025-06-26,Delayed,37.31
59421,19421,Air,2025-09-30,Delayed,48.96
59422,19422,Air,2025-02-21,Delivered,49.73
59423,19423,Air,2025-10-13,Delivered,24.8
59424,19424,Rail,2025-01-27,Delayed,20.98
59425,19425,Rail,2025-03-23,Delivered,46.72
59426,19426,Air,2025-10-14,Delayed,34.86
59427,19427,Rail,2025-01-23,Delivered,31.92
59428,19428,Road,2025-09-25,Delayed,16.23
59429,19429,Rail,2025-09-15,Delivered,31.0
59430,19430,Air,2025-04-29,Delivered,33.19
59431,19431,Rail,2025-08-20,Delivered,8.18
59432,19432,Air,2025-12-15,Delayed,42.24
59433,19433,Rail,2025-04-07,Delivered,41.57
59434,19434,Rail,2025-05-13,Delivered,7.29
59435,19435,Road,2025-12-18,Delivered,42.75
59436,19436,Air,2025-03-30,Delivered,36.13
59437,19437,Road,2025-12-27,Delivered,43.25
59438,19438,Rail,2025-05-28,Delivered,5.19
59439,19439,Rail,2025-04-24,Delivered,7.62
59440,19440,Air,2025-07-15,Delivered,11.1
59441,19441,Air,2025-09-14,Delivered,36.13
59442,19442,Rail,2025-12-24,Delayed,32.71
59443,19443,Air,2025-01-11,Delivered,43.87
59444,19444,Road,2025-04-25,Delayed,27.04
59445,19445,Road,2025-10-27,Delayed,8.25
59446,19446,Road,2025-01-29,Delivered,33.29
59447,19447,Road,2026-01-02,Delivered,49.67
59448,19448,Air,2025-10-27,Delivered,43.05
59449,19449,Rail,2025-07-10,Delivered,17.65
59450,19450,Road,2025-09-06,Delivered,41.15
59451,19451,Rail,2025-05-07,Delivered,16.96
59452,19452,Rail,2025-06-01,Delivered,5.27
59453,19453,Air,2025-07-04,Delivered,10.48
59454,19454,Rail,2025-02-20,Delayed,37.97
59455,19455,Rail,2025-08-13,Delivered,24.34
59456,19456,Rail,2025-12-31,Delayed,40.92
59457,19457,Road,2025-10-05,Delivered,12.78
59458,19458,Road,2025-07-12,Delivered,33.6
59459,19459,Road,2025-10-15,Delivered,27.25
59460,19460,Rail,2025-10-06,Delivered,29.39
59461,19461,Air,2025-05-10,Delivered,28.35
59462,19462,Air,2025-08-07,Delivered,18.72
59463,19463,Air,2025-11-14,Delivered,21.16
59464,19464,Road,2025-05-02,Delayed,7.39
59465,19465,Air,2025-07-11,Delivered,30.73
59466,19466,Air,2025-03-05,Delivered,16.75
59467,19467,Road,2025-02-14,Delivered,42.94
59468,19468,Air,2025-07-24,Delivered,33.73
59469,19469,Road,2025-04-09,Delivered,17.9
59470,19470,Air,2025-05-06,Delivered,9.28
59471,19471,Road,2025-01-27,Delivered,38.92
59472,19472,Road,2025-11-06,Delivered,36.34
59473,19473,Road,2025-12-28,Delivered,16.17
59474,19474,Road,2025-02-04,Delivered,40.45
59475,19475,Rail,2025-08-27,Delivered,30.11
59476,19476,Air,2025-05-26,Delivered,16.69
59477,19477,Rail,2025-08-02,Delivered,12.39
59478,19478,Air,2025-02-24,Delayed,37.93
59479,19479,Rail,2025-07-21,Delivered,18.71
59480,19480,Air,2025-02-18,Delivered,47.79
59481,19481,Air,2025-11-14,Delayed,49.7
59482,19482,Road,2025-08-23,Delivered,20.42
59483,19483,Road,2025-06-07,Delivered,9.33
59484,19484,Rail,2025-05-30,Delivered,37.62
59485,19485,Rail,2025-11-17,Delivered,46.9
59486,19486,Rail,2025-04-02,Delivered,44.12
59487,19487,Road,2025-05-27,Delayed,42.22
59488,19488,Rail,2025-11-12,Delivered,25.87
59489,19489,Road,2025-03-04,Delayed,19.11
59490,19490,Rail,2025-10-26,Delayed,27.06
59491,19491,Road,2025-12-02,Delivered,35.52
59492,19492,Road,2025-04-29,Delivered,28.82
59493,19493,Rail,2025-09-30,Delivered,7.84
59494,19494,Road,2025-01-21,Delivered,49.04
59495,19495,Rail,2025-12-22,Delayed,27.34
59496,19496,Air,2025-02-04,Delivered,18.1
59497,19497,Rail,2025-11-28,Delivered,45.2
59498,19498,Road,2025-09-12,Delayed,16.38
59499,19499,Road,2025-11-21,Delivered,30.73
59500,19500,Air,2025-01-15,Delayed,7.42
59501,19501,Road,2025-10-23,Delivered,49.48
59502,19502,Road,2025-01-26,Delivered,13.27
59503,19503,Road,2025-06-11,Delayed,24.01
59504,19504,Road,2025-04-21,Delayed,31.12
59505,19505,Air,2025-07-12,Delivered,47.42
59506,19506,Road,2025-05-10,Delivered,21.74
59507,19507,Air,2025-03-21,Delayed,35.71
59508,19508,Air,2025-11-10,Delayed,35.49
59509,19509,Road,2025-02-06,Delayed,20.8
59510,19510,Air,2025-02-19,Delivered,48.38
59511,19511,Air,2025-09-10,Delayed,30.67
59512,19512,Road,2025-02-21,Delivered,38.47
59513,19513,Rail,2025-09-13,Delivered,16.12
59514,19514,Road,2025-11-03,Delivered,35.78
59515,19515,Road,2025-02-10,Delayed,16.19
59516,19516,Rail,2025-07-10,Delivered,24.97
59517,19517,Air,2025-08-09,Delayed,17.29
59518,19518,Rail,2025-11-09,Delayed,12.83
59519,19519,Rail,2025-02-15,Delayed,22.74
59520,19520,Road,2025-02-04,Delivered,10.75
59521,19521,Rail,2025-08-27,Delayed,32.82
59522,19522,Rail,2025-06-06,Delivered,34.66
59523,19523,Road,2025-03-23,Delayed,24.84
59524,19524,Air,2025-07-02,Delivered,44.13
59525,19525,Air,2025-05-05,Delivered,28.55
59526,19526,Road,2025-07-25,Delivered,41.48
59527,19527,Rail,2025-08-31,Delayed,8.86
59528,19528,Air,2025-02-18,Delivered,29.4
59529,19529,Air,2025-12-31,Delayed,43.5
59530,19530,Road,2025-11-10,Delivered,27.74
59531,19531,Air,2025-02-06,Delayed,34.42
59532,19532,Road,2025-09-26,Delayed,26.25
59533,19533,Rail,2025-11-11,Delivered,18.26
59534,19534,Rail,2025-05-31,Delivered,46.81
59535,19535,Air,2025-05-01,Delayed,21.18
59536,19536,Rail,2025-08-08,Delivered,19.98
59537,19537,Rail,2025-02-18,Delayed,30.53
59538,19538,Rail,2025-11-20,Delivered,7.19
59539,19539,Air,2025-10-12,Delivered,12.77
59540,19540,Air,2025-03-13,Delivered,9.94
59541,19541,Air,2025-05-02,Delivered,28.53
59542,19542,Rail,2025-11-24,Delivered,42.62
59543,19543,Road,2025-10-24,Delayed,20.43
59544,19544,Rail,2025-10-03,Delayed,13.39
59545,19545,Road,2025-01-28,Delivered,31.97
59546,19546,Road,2025-03-07,Delivered,9.53
59547,19547,Rail,2025-07-18,Delayed,42.8
59548,19548,Air,2025-05-25,Delivered,30.4
59549,19549,Rail,2025-05-31,Delivered,7.38
59550,19550,Air,2025-10-08,Delayed,6.94
59551,19551,Air,2025-09-18,Delayed,33.26
59552,19552,Road,2025-06-07,Delivered,40.52
59553,19553,Rail,2025-10-11,Delivered,22.71
59554,19554,Road,2025-06-24,Delayed,44.44
59555,19555,Air,2025-08-20,Delivered,17.96
59556,19556,Rail,2025-07-21,Delivered,5.35
59557,19557,Air,2025-05-19,Delivered,27.29
59558,19558,Air,2025-06-09,Delayed,16.2
59559,19559,Rail,2025-11-15,Delayed,16.31
59560,19560,Road,2025-11-09,Delayed,39.26
59561,19561,Rail,2025-12-06,Delayed,33.04
59562,19562,Road,2025-10-19,Delayed,48.66
59563,19563,Air,2025-03-13,Delivered,46.31
59564,19564,Rail,2025-06-03,Delivered,45.14
59565,19565,Air,2025-01-16,Delayed,31.32
59566,19566,Road,2025-04-15,Delayed,43.87
59567,19567,Air,2025-07-16,Delivered,35.37
59568,19568,Air,2025-11-27,Delivered,38.33
59569,19569,Rail,2025-09-06,Delayed,22.05
59570,19570,Rail,2025-09-26,Delivered,45.28
59571,19571,Air,2025-10-13,Delivered,36.71
59572,19572,Air,2025-08-21,Delivered,26.34
59573,19573,Rail,2025-06-22,Delivered,34.79
59574,19574,Road,2025-01-28,Delayed,37.31
59575,19575,Air,2025-10-02,Delivered,25.13
59576,19576,Rail,2025-04-14,Delivered,33.91
59577,19577,Rail,2025-10-09,Delivered,12.97
59578,19578,Rail,2025-01-31,Delivered,30.54
59579,19579,Rail,2025-07-24,Delayed,10.16
59580,19580,Road,2025-05-16,Delivered,23.88
59581,19581,Rail,2025-07-22,Delayed,39.79
59582,19582,Air,2025-10-23,Delayed,44.78
59583,19583,Rail,2025-04-05,Delayed,29.99
59584,19584,Rail,2025-04-22,Delivered,34.31
59585,19585,Road,2025-02-22,Delivered,20.56
59586,19586,Air,2025-08-19,Delivered,49.07
59587,19587,Road,2025-06-07,Delivered,14.15
59588,19588,Air,2025-07-21,Delivered,21.47
59589,19589,Road,2025-09-13,Delivered,48.77
59590,19590,Rail,2025-02-22,Delivered,23.23
59591,19591,Road,2025-11-30,Delivered,20.66
59592,19592,Road,2025-10-25,Delivered,23.1
59593,19593,Road,2025-10-25,Delivered,48.72
59594,19594,Rail,2025-03-16,Delivered,26.63
59595,19595,Rail,2025-02-16,Delivered,24.31
59596,19596,Road,2025-03-21,Delivered,8.56
59597,19597,Air,2025-09-18,Delayed,26.89
59598,19598,Air,2025-06-25,Delivered,18.65
59599,19599,Rail,2025-05-15,Delivered,13.5
59600,19600,Air,2025-03-04,Delayed,12.16
59601,19601,Rail,2025-08-19,Delivered,12.25
59602,19602,Rail,2025-09-10,Delayed,21.4
59603,19603,Rail,2025-05-22,Delivered,44.08
59604,19604,Rail,2025-12-01,Delivered,16.85
59605,19605,Air,2025-02-03,Delivered,16.69
59606,19606,Rail,2025-07-02,Delayed,26.25
59607,19607,Rail,2025-04-07,Delivered,13.3
59608,19608,Rail,2025-03-20,Delivered,15.55
59609,19609,Air,2025-04-27,Delivered,49.71
59610,19610,Rail,2025-03-10,Delivered,34.63
59611,19611,Road,2025-10-01,Delivered,44.63
59612,19612,Air,2025-06-10,Delivered,44.29
59613,19613,Air,2025-05-21,Delayed,20.81
59614,19614,Rail,2025-03-05,Delivered,19.12
59615,19615,Rail,2025-11-19,Delayed,18.19
59616,19616,Air,2025-07-27,Delivered,19.77
59617,19617,Road,2025-05-29,Delayed,20.96
59618,19618,Rail,2025-02-09,Delivered,49.97
59619,19619,Air,2026-01-02,Delayed,42.83
59620,19620,Road,2025-03-12,Delivered,23.85
59621,19621,Road,2025-03-24,Delayed,49.63
59622,19622,Road,2025-02-11,Delivered,35.47
59623,19623,Rail,2025-10-12,Delivered,17.14
59624,19624,Road,2026-01-01,Delivered,9.26
59625,19625,Air,2025-11-11,Delivered,41.17
59626,19626,Road,2026-01-01,Delivered,13.82
59627,19627,Road,2025-03-26,Delivered,27.61
59628,19628,Rail,2025-10-11,Delivered,44.04
59629,19629,Air,2025-07-31,Delivered,36.95
59630,19630,Road,2025-12-21,Delayed,9.23
59631,19631,Road,2025-01-11,Delayed,11.83
59632,19632,Road,2025-02-25,Delivered,15.01
59633,19633,Rail,2025-08-30,Delivered,15.97
59634,19634,Air,2025-03-17,Delivered,7.06
59635,19635,Rail,2025-07-02,Delivered,19.24
59636,19636,Air,2025-11-16,Delivered,43.79
59637,19637,Air,2025-04-18,Delivered,9.09
59638,19638,Rail,2025-03-21,Delivered,28.96
59639,19639,Air,2025-08-08,Delivered,10.37
59640,19640,Rail,2025-01-24,Delivered,45.58
59641,19641,Road,2025-07-30,Delivered,5.36
59642,19642,Road,2025-05-17,Delivered,36.77
59643,19643,Road,2025-09-11,Delivered,47.25
59644,19644,Rail,2025-06-10,Delivered,27.28
59645,19645,Rail,2025-07-03,Delivered,11.33
59646,19646,Air,2025-07-22,Delayed,41.31
59647,19647,Air,2025-04-05,Delivered,47.97
59648,19648,Air,2025-08-21,Delivered,15.9
59649,19649,Rail,2025-09-22,Delayed,21.15
59650,19650,Road,2025-09-08,Delivered,22.06
59651,19651,Road,2026-01-07,Delivered,43.77
59652,19652,Road,2025-01-18,Delivered,29.0
59653,19653,Rail,2025-08-22,Delivered,15.43
59654,19654,Rail,2025-11-09,Delivered,44.43
59655,19655,Road,2025-04-07,Delivered,9.83
59656,19656,Road,2025-05-15,Delayed,38.99
59657,19657,Rail,2025-06-16,Delayed,7.9
59658,19658,Air,2025-10-20,Delivered,18.53
59659,19659,Air,2025-09-14,Delivered,40.39
59660,19660,Air,2025-12-30,Delayed,24.59
59661,19661,Rail,2025-05-28,Delivered,5.24
59662,19662,Air,2025-11-18,Delivered,6.01
59663,19663,Rail,2025-01-31,Delivered,44.79
59664,19664,Road,2025-06-26,Delivered,17.04
59665,19665,Rail,2025-09-03,Delivered,5.73
59666,19666,Rail,2025-02-20,Delayed,47.98
59667,19667,Road,2025-01-22,Delayed,19.24
59668,19668,Air,2025-07-05,Delayed,19.4
59669,19669,Rail,2025-06-03,Delivered,28.81
59670,19670,Air,2025-11-23,Delayed,48.69
59671,19671,Road,2025-12-10,Delivered,42.28
59672,19672,Road,2025-07-22,Delivered,48.58
59673,19673,Rail,2025-02-22,Delayed,19.15
59674,19674,Air,2025-05-10,Delivered,10.52
59675,19675,Road,2025-04-27,Delivered,12.45
59676,19676,Road,2025-04-02,Delayed,5.44
59677,19677,Rail,2025-12-26,Delivered,5.82
59678,19678,Road,2025-09-19,Delivered,42.77
59679,19679,Rail,2025-06-17,Delivered,6.99
59680,19680,Air,2025-01-10,Delayed,44.09
59681,19681,Air,2025-06-13,Delivered,41.01
59682,19682,Air,2025-11-25,Delayed,38.99
59683,19683,Road,2025-05-13,Delivered,6.27
59684,19684,Road,2025-04-17,Delivered,6.26
59685,19685,Air,2025-03-03,Delivered,27.75
59686,19686,Rail,2025-05-05,Delivered,36.48
59687,19687,Air,2025-10-14,Delivered,48.6
59688,19688,Air,2025-02-21,Delivered,45.45
59689,19689,Road,2025-10-02,Delivered,21.25
59690,19690,Rail,2025-09-06,Delayed,33.6
59691,19691,Rail,2026-01-03,Delivered,18.07
59692,19692,Air,2025-01-10,Delayed,19.0
59693,19693,Rail,2025-04-04,Delayed,32.91
59694,19694,Rail,2025-10-12,Delivered,20.72
59695,19695,Air,2025-06-09,Delayed,6.02
59696,19696,Air,2025-02-16,Delivered,6.45
59697,19697,Air,2025-02-04,Delayed,49.22
59698,19698,Air,2025-09-19,Delivered,42.98
59699,19699,Air,2025-09-05,Delivered,29.11
59700,19700,Road,2025-02-17,Delayed,44.45
59701,19701,Road,2025-03-21,Delivered,10.64
59702,19702,Air,2025-12-02,Delivered,17.48
59703,19703,Road,2025-01-14,Delivered,41.15
59704,19704,Rail,2025-04-17,Delivered,16.53
59705,19705,Air,2025-03-19,Delivered,9.58
59706,19706,Air,2025-08-13,Delivered,47.29
59707,19707,Rail,2025-06-25,Delivered,33.28
59708,19708,Road,2025-10-04,Delayed,15.84
59709,19709,Rail,2025-08-06,Delivered,8.61
59710,19710,Road,2025-01-26,Delivered,12.92
59711,19711,Road,2025-05-04,Delayed,49.12
59712,19712,Rail,2025-12-15,Delayed,22.71
59713,19713,Air,2025-02-13,Delivered,8.18
59714,19714,Air,2025-11-24,Delivered,40.6
59715,19715,Road,2025-09-30,Delayed,10.76
59716,19716,Road,2025-03-15,Delivered,40.0
59717,19717,Road,2025-02-05,Delivered,46.37
59718,19718,Rail,2025-08-10,Delivered,41.89
59719,19719,Air,2025-11-25,Delayed,42.04
59720,19720,Air,2025-03-20,Delivered,22.05
59721,19721,Rail,2025-12-12,Delayed,20.02
59722,19722,Road,2025-03-30,Delayed,6.85
59723,19723,Road,2026-01-02,Delivered,49.83
59724,19724,Road,2025-07-02,Delivered,29.95
59725,19725,Rail,2025-12-23,Delivered,46.0
59726,19726,Road,2025-09-11,Delivered,49.25
59727,19727,Road,2025-08-08,Delivered,9.73
59728,19728,Road,2025-04-18,Delayed,43.51
59729,19729,Road,2025-01-19,Delayed,41.37
59730,19730,Road,2025-07-10,Delivered,16.38
59731,19731,Road,2025-09-24,Delivered,18.8
59732,19732,Air,2025-12-05,Delivered,20.21
59733,19733,Road,2025-11-21,Delivered,11.35
59734,19734,Rail,2025-03-15,Delivered,42.06
59735,19735,Air,2025-08-17,Delayed,27.92
59736,19736,Rail,2025-10-01,Delayed,39.0
59737,19737,Road,2025-11-18,Delayed,16.7
59738,19738,Air,2025-05-22,Delivered,28.43
59739,19739,Rail,2025-07-29,Delayed,16.12
59740,19740,Road,2025-06-09,Delivered,7.25
59741,19741,Rail,2025-10-07,Delayed,14.0
59742,19742,Road,2025-12-30,Delayed,24.89
59743,19743,Rail,2025-01-26,Delayed,36.81
59744,19744,Road,2025-11-24,Delivered,5.03
59745,19745,Road,2025-12-15,Delivered,39.53
59746,19746,Air,2025-12-22,Delivered,18.99
59747,19747,Air,2025-11-06,Delivered,13.21
59748,19748,Road,2025-08-07,Delivered,48.14
59749,19749,Rail,2025-04-04,Delayed,44.57
59750,19750,Road,2025-05-26,Delivered,46.55
59751,19751,Road,2025-08-06,Delivered,37.25
59752,19752,Air,2025-10-01,Delayed,20.27
59753,19753,Rail,2025-08-06,Delivered,8.89
59754,19754,Rail,2025-12-21,Delayed,46.0
59755,19755,Air,2025-02-07,Delivered,40.71
59756,19756,Road,2025-02-02,Delivered,26.8
59757,19757,Rail,2025-04-04,Delayed,46.29
59758,19758,Rail,2025-05-12,Delivered,37.65
59759,19759,Road,2025-10-18,Delivered,22.71
59760,19760,Air,2025-12-22,Delivered,25.79
59761,19761,Road,2025-03-07,Delayed,8.71
59762,19762,Rail,2025-09-04,Delivered,10.02
59763,19763,Road,2025-12-19,Delayed,49.94
59764,19764,Air,2025-03-08,Delivered,31.7
59765,19765,Rail,2025-04-17,Delivered,10.15
59766,19766,Road,2025-11-06,Delayed,38.43
59767,19767,Air,2025-11-24,Delivered,39.71
59768,19768,Road,2025-02-08,Delivered,36.32
59769,19769,Rail,2025-09-10,Delivered,33.04
59770,19770,Rail,2025-12-23,Delivered,40.51
59771,19771,Road,2025-07-26,Delayed,40.38
59772,19772,Rail,2025-01-11,Delivered,8.0
59773,19773,Road,2025-10-03,Delivered,34.29
59774,19774,Air,2025-04-04,Delayed,7.67
59775,19775,Air,2025-12-09,Delayed,7.22
59776,19776,Rail,2025-08-16,Delivered,19.27
59777,19777,Air,2025-06-07,Delivered,27.22
59778,19778,Rail,2025-01-12,Delivered,25.58
59779,19779,Road,2025-09-18,Delivered,19.46
59780,19780,Air,2025-06-07,Delivered,16.36
59781,19781,Rail,2025-05-23,Delivered,6.62
59782,19782,Road,2025-03-14,Delivered,45.82
59783,19783,Air,2025-01-25,Delivered,48.64
59784,19784,Road,2025-10-14,Delayed,35.3
59785,19785,Road,2025-05-01,Delivered,22.92
59786,19786,Rail,2025-03-20,Delayed,24.48
59787,19787,Rail,2025-11-17,Delayed,22.64
59788,19788,Road,2025-07-14,Delivered,34.31
59789,19789,Air,2025-03-02,Delayed,31.03
59790,19790,Rail,2025-02-15,Delivered,8.42
59791,19791,Air,2025-05-10,Delivered,27.57
59792,19792,Rail,2025-09-27,Delivered,32.38
59793,19793,Road,2025-03-31,Delayed,40.64
59794,19794,Road,2026-01-04,Delivered,36.38
59795,19795,Rail,2025-09-22,Delivered,48.74
59796,19796,Road,2025-11-10,Delayed,45.55
59797,19797,Rail,2025-08-31,Delivered,15.11
59798,19798,Rail,2025-11-10,Delivered,32.64
59799,19799,Air,2025-09-25,Delivered,14.42
59800,19800,Air,2025-09-09,Delivered,18.91
59801,19801,Road,2025-02-26,Delivered,23.62
59802,19802,Road,2025-04-09,Delayed,19.34
59803,19803,Road,2025-12-20,Delayed,38.83
59804,19804,Road,2025-04-23,Delivered,41.3
59805,19805,Air,2025-11-26,Delivered,38.96
59806,19806,Road,2025-10-01,Delivered,21.78
59807,19807,Rail,2025-12-28,Delayed,34.57
59808,19808,Rail,2025-07-12,Delivered,8.45
59809,19809,Road,2025-10-23,Delivered,46.52
59810,19810,Road,2025-12-30,Delivered,43.16
59811,19811,Rail,2025-04-17,Delivered,38.46
59812,19812,Rail,2025-12-09,Delivered,43.33
59813,19813,Road,2025-12-04,Delivered,21.52
59814,19814,Rail,2026-01-04,Delayed,38.31
59815,19815,Air,2025-03-13,Delivered,45.26
59816,19816,Road,2025-03-21,Delivered,30.95
59817,19817,Rail,2025-02-07,Delivered,36.23
59818,19818,Rail,2025-07-20,Delayed,46.01
59819,19819,Air,2025-04-07,Delayed,49.06
59820,19820,Air,2026-01-01,Delayed,37.45
59821,19821,Road,2025-12-04,Delivered,43.08
59822,19822,Rail,2025-11-22,Delivered,33.66
59823,19823,Air,2025-08-13,Delivered,39.32
59824,19824,Road,2025-07-04,Delayed,27.91
59825,19825,Road,2025-11-14,Delivered,33.64
59826,19826,Air,2025-08-02,Delivered,23.83
59827,19827,Air,2025-04-19,Delivered,7.54
59828,19828,Road,2025-10-17,Delayed,36.28
59829,19829,Road,2025-08-14,Delivered,27.69
59830,19830,Air,2025-07-12,Delivered,22.93
59831,19831,Rail,2025-06-22,Delivered,14.97
59832,19832,Road,2025-04-02,Delivered,43.15
59833,19833,Road,2025-01-10,Delivered,25.28
59834,19834,Road,2025-09-04,Delivered,15.44
59835,19835,Road,2025-06-05,Delivered,13.13
59836,19836,Rail,2025-04-20,Delivered,41.32
59837,19837,Road,2025-09-12,Delayed,39.1
59838,19838,Rail,2025-09-16,Delivered,29.59
59839,19839,Rail,2025-06-20,Delivered,7.9
59840,19840,Rail,2025-08-13,Delivered,12.46
59841,19841,Road,2025-12-22,Delivered,47.63
59842,19842,Road,2025-07-29,Delivered,29.45
59843,19843,Road,2025-12-07,Delivered,23.04
59844,19844,Air,2025-10-30,Delivered,44.11
59845,19845,Air,2025-01-10,Delayed,37.57
59846,19846,Road,2025-10-01,Delayed,9.14
59847,19847,Rail,2025-04-13,Delivered,17.7
59848,19848,Road,2025-06-28,Delivered,36.14
59849,19849,Road,2025-06-10,Delivered,5.97
59850,19850,Road,2025-10-28,Delayed,9.1
59851,19851,Air,2025-01-30,Delayed,33.48
59852,19852,Road,2025-06-13,Delayed,20.62
59853,19853,Road,2025-02-19,Delivered,20.84
59854,19854,Air,2025-03-10,Delivered,35.18
59855,19855,Rail,2025-04-18,Delivered,15.65
59856,19856,Road,2025-11-12,Delivered,44.84
59857,19857,Rail,2025-10-30,Delivered,17.44
59858,19858,Road,2025-06-19,Delivered,37.15
59859,19859,Rail,2025-02-24,Delivered,18.04
59860,19860,Rail,2025-09-27,Delivered,19.51
59861,19861,Rail,2025-07-17,Delayed,17.65
59862,19862,Road,2025-10-01,Delayed,13.38
59863,19863,Road,2025-02-15,Delivered,42.89
59864,19864,Road,2025-11-22,Delayed,49.64
59865,19865,Rail,2025-10-17,Delivered,43.57
59866,19866,Rail,2025-07-30,Delivered,29.15
59867,19867,Air,2025-06-02,Delivered,10.8
59868,19868,Air,2025-05-23,Delivered,46.1
59869,19869,Air,2025-07-08,Delivered,7.16
59870,19870,Rail,2025-01-11,Delivered,9.58
59871,19871,Road,2025-01-07,Delayed,42.44
59872,19872,Road,2025-09-26,Delivered,11.91
59873,19873,Rail,2025-05-29,Delayed,7.89
59874,19874,Road,2025-05-30,Delivered,31.44
59875,19875,Road,2025-10-15,Delivered,11.34
59876,19876,Rail,2025-06-29,Delayed,20.65
59877,19877,Air,2025-07-08,Delivered,31.13
59878,19878,Road,2025-07-24,Delivered,13.89
59879,19879,Air,2025-06-22,Delivered,42.32
59880,19880,Air,2025-08-02,Delivered,15.97
59881,19881,Air,2025-09-06,Delayed,12.01
59882,19882,Road,2025-04-11,Delivered,39.79
59883,19883,Air,2025-04-07,Delivered,11.15
59884,19884,Rail,2025-03-27,Delivered,42.49
59885,19885,Air,2025-12-11,Delivered,46.78
59886,19886,Air,2025-06-25,Delivered,49.23
59887,19887,Rail,2025-05-23,Delivered,49.59
59888,19888,Rail,2025-04-17,Delivered,26.36
59889,19889,Air,2025-05-25,Delivered,7.14
59890,19890,Air,2025-07-22,Delivered,12.65
59891,19891,Air,2025-10-22,Delivered,27.83
59892,19892,Road,2025-09-07,Delayed,33.49
59893,19893,Road,2025-11-03,Delivered,15.11
59894,19894,Rail,2025-10-31,Delayed,44.69
59895,19895,Rail,2025-04-30,Delivered,35.63
59896,19896,Rail,2025-11-30,Delivered,49.71
59897,19897,Road,2025-09-03,Delivered,15.87
59898,19898,Road,2025-03-16,Delivered,39.36
59899,19899,Air,2025-04-19,Delivered,5.41
59900,19900,Road,2025-03-25,Delayed,26.11
59901,19901,Road,2025-08-02,Delayed,27.78
59902,19902,Road,2025-02-02,Delayed,22.23
59903,19903,Road,2025-03-14,Delivered,14.66
59904,19904,Air,2025-08-04,Delayed,44.01
59905,19905,Rail,2025-04-27,Delayed,18.7
59906,19906,Road,2025-04-16,Delivered,14.81
59907,19907,Air,2025-04-05,Delivered,28.8
59908,19908,Rail,2025-12-16,Delivered,30.52
59909,19909,Road,2025-11-17,Delivered,24.01
59910,19910,Rail,2025-04-18,Delivered,9.1
59911,19911,Rail,2025-05-04,Delayed,14.45
59912,19912,Rail,2025-04-10,Delivered,32.31
59913,19913,Rail,2025-08-27,Delayed,13.24
59914,19914,Rail,2025-08-22,Delivered,44.99
59915,19915,Air,2025-05-22,Delivered,5.87
59916,19916,Air,2025-09-20,Delivered,8.0
59917,19917,Road,2025-11-15,Delivered,24.61
59918,19918,Road,2025-02-23,Delivered,22.26
59919,19919,Rail,2025-10-28,Delivered,18.94
59920,19920,Rail,2025-05-19,Delivered,18.44
59921,19921,Air,2025-03-23,Delivered,43.83
59922,19922,Rail,2025-08-03,Delayed,28.77
59923,19923,Rail,2025-11-12,Delivered,34.89
59924,19924,Air,2025-05-09,Delivered,31.29
59925,19925,Rail,2025-01-31,Delivered,22.07
59926,19926,Rail,2025-12-28,Delayed,12.92
59927,19927,Air,2025-11-29,Delivered,12.16
59928,19928,Air,2025-07-14,Delivered,45.34
59929,19929,Road,2025-06-04,Delivered,27.74
59930,19930,Rail,2025-08-02,Delivered,28.69
59931,19931,Rail,2025-05-30,Delivered,16.03
59932,19932,Rail,2025-10-30,Delivered,44.87
59933,19933,Rail,2025-05-07,Delayed,26.55
59934,19934,Air,2025-08-03,Delivered,42.85
59935,19935,Air,2025-12-03,Delivered,34.25
59936,19936,Rail,2026-01-03,Delayed,20.98
59937,19937,Air,2025-11-26,Delayed,12.79
59938,19938,Road,2025-01-29,Delivered,24.13
59939,19939,Rail,2025-07-10,Delayed,35.35
59940,19940,Road,2025-09-12,Delivered,42.33
59941,19941,Rail,2025-05-22,Delayed,21.13
59942,19942,Road,2025-08-08,Delivered,41.59
59943,19943,Rail,2025-09-09,Delivered,36.78
59944,19944,Road,2025-03-20,Delayed,27.75
59945,19945,Rail,2025-07-27,Delivered,25.9
59946,19946,Road,2025-12-03,Delivered,8.08
59947,19947,Road,2025-03-12,Delivered,33.79
59948,19948,Air,2025-03-18,Delivered,39.98
59949,19949,Air,2025-05-22,Delivered,25.64
59950,19950,Rail,2025-09-17,Delivered,24.27
59951,19951,Rail,2025-05-29,Delayed,22.05
59952,19952,Road,2025-12-27,Delayed,22.67
59953,19953,Road,2025-06-27,Delivered,41.05
59954,19954,Road,2025-04-17,Delivered,23.52
59955,19955,Air,2025-04-22,Delivered,11.29
59956,19956,Rail,2025-01-21,Delivered,29.49
59957,19957,Road,2025-05-19,Delayed,38.74
59958,19958,Air,2025-10-03,Delivered,44.69
59959,19959,Air,2025-04-18,Delivered,48.84
59960,19960,Rail,2025-12-24,Delivered,37.72
59961,19961,Road,2025-08-17,Delivered,16.83
59962,19962,Air,2025-06-11,Delivered,48.66
59963,19963,Rail,2025-02-04,Delivered,11.5
59964,19964,Air,2025-10-02,Delivered,21.28
59965,19965,Air,2025-04-02,Delivered,10.32
59966,19966,Rail,2025-10-02,Delivered,6.4
59967,19967,Road,2025-06-09,Delayed,49.36
59968,19968,Air,2025-05-23,Delivered,30.39
59969,19969,Air,2025-07-21,Delivered,7.74
59970,19970,Air,2025-08-23,Delivered,34.7
59971,19971,Air,2025-03-21,Delivered,28.82
59972,19972,Road,2025-12-29,Delivered,38.19
59973,19973,Rail,2025-08-15,Delivered,26.87
59974,19974,Air,2025-05-27,Delivered,42.16
59975,19975,Air,2025-03-15,Delivered,49.25
59976,19976,Air,2025-08-11,Delayed,26.53
59977,19977,Road,2025-01-30,Delivered,47.48
59978,19978,Air,2025-08-22,Delivered,28.31
59979,19979,Rail,2025-07-10,Delivered,21.72
59980,19980,Rail,2026-01-03,Delayed,6.94
59981,19981,Road,2025-11-14,Delivered,29.18
59982,19982,Road,2025-04-02,Delivered,18.27
59983,19983,Rail,2025-05-13,Delayed,23.05
59984,19984,Road,2025-01-08,Delivered,25.68
59985,19985,Rail,2025-02-02,Delivered,27.11
59986,19986,Air,2025-11-07,Delivered,21.06
59987,19987,Rail,2025-08-25,Delivered,24.56
59988,19988,Air,2025-03-12,Delayed,38.71
59989,19989,Rail,2025-08-19,Delivered,11.17
59990,19990,Air,2025-02-28,Delivered,49.23
59991,19991,Rail,2025-10-31,Delivered,47.28
59992,19992,Air,2025-05-23,Delivered,15.13
59993,19993,Air,2025-09-11,Delivered,33.23
59994,19994,Road,2025-09-04,Delivered,38.15
59995,19995,Air,2025-05-09,Delivered,36.52
59996,19996,Rail,2025-11-26,Delayed,33.3
59997,19997,Air,2025-11-02,Delivered,10.09
59998,19998,Road,2025-04-24,Delayed,34.84
59999,19999,Rail,2025-06-26,Delivered,48.47
60000,20000,Rail,2025-03-29,Delivered,21.72
